RMSD,F1,F2,F3,F4,F5,F6,F7,F8,F9
3.341,11202.9,3908.61,0.34889000000000003,92.8501,1561550.2426,155.10299999999998,3973.84,13,37.8208
15.582,6638.69,3224.75,0.48575,87.5126,924406.9486,149.281,3754.13,107,37.2235
4.146,12490.5,3724.79,0.2982,152.15200000000002,1756998.3934,222.81900000000002,4627.51,89,29.6725
10.071,5023.24,1936.99,0.3856,48.0889,711743.3002,79.7469,2446.88,47,41.9391
14.174000000000001,6213.58,740.14,0.11911,71.8691,835463.1152,92.8225,2780.75,65,40.1336
18.877,7853.42,2117.61,0.26964,70.0516,1102996.5801,103.493,3050.75,56,38.0284
2.862,17433.9,5719.42,0.32806,169.81,2499749.057,254.34400000000002,5062.77,48,26.9737
16.531,10897.8,4426.44,0.40617,106.024,1490288.8881,174.507,3817.46,54,37.5138
15.628,12157.0,3179.14,0.2615,130.188,1690919.7278,193.515,3970.18,39,33.0299
1.714,8024.68,2389.68,0.29779,91.0912,1088198.8413,120.387,3221.9,84,38.7238
16.447,11328.6,4823.49,0.42577,131.841,1560779.7659999998,202.12599999999998,4655.01,168,30.4244
3.49,5076.61,1173.34,0.23112,42.5819,718602.7265,55.7165,2377.16,10,41.9059
1.83,10524.8,3069.84,0.29167,131.835,1426196.4926,161.439,3952.39,37,33.5085
1.4980000000000002,6475.08,2371.3,0.36621,78.0487,871585.2775,100.77600000000001,3250.12,53,38.546
18.646,11830.5,4219.66,0.35667,132.616,1647954.4372,184.03900000000002,4689.56,102,30.0544
15.133,11217.1,4149.33,0.36991,110.04299999999999,1648413.8918,175.18900000000002,4442.5,109,29.5339
2.821,11049.3,2907.18,0.2631,150.046,1570061.4919,154.422,4094.75,136,31.6278
15.390999999999998,8023.87,2486.84,0.30993000000000004,69.2004,1166484.4948,97.2457,2746.64,56,39.9039
17.69,10218.4,3418.35,0.33452,79.1697,1447731.9245,144.202,4550.56,56,35.9516
4.305,10493.4,3738.47,0.35625999999999997,94.5801,1490280.2496,130.863,4262.71,110,34.019
20.319000000000003,12312.3,4890.8,0.39721999999999996,123.93700000000001,1769010.3965,178.99400000000003,4671.88,173,31.0346
8.02,5207.61,2378.76,0.45678,45.483999999999995,727823.4554,78.6204,2083.41,18,43.6449
2.241,9760.41,2583.79,0.26471999999999996,113.426,1335971.7726,146.283,4166.12,126,32.7853
3.4019999999999997,6586.6,1740.84,0.2643,64.6777,905643.0663,86.4515,3023.36,103,38.2325
15.139000000000001,13799.6,4687.3,0.33966,175.829,1959073.7376,244.40599999999998,5137.84,66,25.5359
2.134,7238.8,2715.94,0.37519,80.5399,990955.6926,103.596,3296.35,58,38.2233
10.812999999999999,4648.76,1759.77,0.37854,46.9062,674306.2811,68.1371,2375.4,58,42.9715
1.9340000000000002,17729.0,4663.25,0.26302,224.952,2454630.6552,265.017,5700.77,207,22.0454
2.657,9132.07,2812.16,0.30794,90.1768,1299035.6351,134.329,3311.93,11,34.9835
15.189,6307.81,2185.95,0.34654,57.0911,895529.1971,88.8344,2498.56,69,41.8811
9.466000000000001,18554.1,4510.28,0.24308000000000002,210.08700000000002,2632443.4384,277.499,5529.62,254,23.3345
4.543,11700.3,3677.34,0.31429,76.335,1554444.5914,144.659,4005.71,130,32.3393
1.531,8288.62,1983.8,0.23934,94.0271,1140881.4282,111.93700000000001,3345.63,119,35.8562
4.466,10183.2,3438.28,0.33764,88.0063,1435079.2409,146.226,4107.37,108,33.0612
20.164,8660.48,3532.88,0.40793,84.2903,1195158.5595,116.38,5306.13,27,31.822
2.859,11389.3,2916.62,0.25608000000000003,147.8,1513050.4535,181.798,4428.48,52,29.7271
9.503,6305.01,1537.22,0.2438,59.4437,855912.7759,79.2231,3253.35,28,38.9614
2.131,4246.9,755.93,0.17799,39.0725,559479.4226,65.1594,2563.53,11,43.4525
2.7110000000000003,8466.28,2109.4,0.24915,83.6458,1195736.0191,112.65799999999999,4014.75,43,35.7021
5.501,7269.88,1597.27,0.21971,74.3643,983901.0327,94.2424,3388.23,51,36.7873
1.7819999999999998,9521.96,2400.08,0.25205,105.521,1334021.3587,141.987,4369.11,66,31.6542
14.415,7141.21,2154.11,0.30164,60.9079,1009510.2789,109.044,3365.54,38,37.4547
3.964,10529.5,2350.44,0.22321999999999997,92.1436,1393898.0016,164.713,3837.74,96,33.4296
16.465999999999998,9153.06,2962.15,0.32361999999999996,67.1428,1251651.7168,122.463,3433.58,49,36.3523
2.02,6162.9,2079.49,0.33742,61.9881,861286.0565,88.5215,2679.98,42,40.6967
7.058,7150.73,2042.71,0.28565999999999997,72.32600000000001,986935.8796,106.146,3379.59,50,36.8371
3.175,7182.12,2432.83,0.33873000000000003,69.1573,962726.6555,96.96799999999999,3137.93,28,38.3234
4.562,14599.1,3378.1,0.23139,176.331,2073755.2701,219.722,4820.65,83,31.943
16.624000000000002,6139.47,1752.9,0.28551,46.658,832319.0040000001,98.1572,3049.44,63,37.7461
12.005999999999998,14785.3,5570.75,0.37677,168.232,2048047.5706,212.00599999999997,5164.42,137,26.6255
0.9470000000000001,6843.03,2045.96,0.29898,75.7468,928621.681,110.041,3077.59,80,39.2865
6.229,6629.93,2103.15,0.31722,58.6098,951183.5166,89.0294,2623.13,58,41.3387
14.974,7197.35,1574.78,0.21879,65.5419,1010301.6749,84.5877,3041.95,41,36.6283
2.603,9745.61,2898.32,0.29739,103.066,1364210.2969,140.553,4948.98,43,32.5255
5.859,16391.4,5489.12,0.33487,176.017,2298794.4280000003,248.43900000000002,4922.39,31,26.750999999999998
2.108,5526.41,1284.43,0.23240999999999998,51.8885,725157.7537,87.4084,3415.23,21,40.7842
12.804,7928.17,1994.8,0.2516,83.3687,1072889.4107,99.3939,4088.96,32,35.9018
3.52,10006.8,3225.07,0.32228,90.0331,1433148.5105,130.886,3602.03,9,35.1062
2.0869999999999997,7873.61,1868.55,0.23731,68.7361,1086534.2077,102.571,3883.07,25,35.9598
7.921,19602.1,5085.5,0.25943,193.312,2802795.2212,298.64,6553.37,252,21.2489
1.13,5507.38,1045.8,0.18989,53.2627,788389.3515,70.2574,2859.76,57,40.2467
5.75,6432.91,1603.36,0.24924000000000002,51.4258,855794.7272,71.3429,3070.71,40,38.6155
2.4530000000000003,9146.84,3304.44,0.36125999999999997,126.48200000000001,1200469.4847,189.959,4352.59,188,31.5023
18.223,11633.6,4029.61,0.34636999999999996,145.797,1618444.5513,179.581,4159.96,134,28.6713
3.739,11970.5,3319.46,0.2773,173.646,1662957.1311,195.72099999999998,4768.29,62,25.7553
11.870999999999999,8408.52,2852.73,0.33926,92.1011,1117147.8733,115.339,3593.09,33,37.9536
1.607,9381.73,2419.03,0.25784,103.74600000000001,1325832.9796,143.07,3926.44,37,33.2636
4.494,6709.91,1949.74,0.29057,58.1464,927492.2361,78.6142,3250.79,38,38.5992
13.697000000000001,6074.87,1322.94,0.21777,56.0178,818678.8619,70.0644,2471.63,38,41.474
12.033,14361.7,5124.15,0.35679,67.0876,2068520.0717,206.916,2259.53,64,44.4713
2.903,7480.83,3167.39,0.4234,80.0175,1056804.8878,116.3,3302.14,44,37.9586
0.915,9608.53,1827.98,0.19024000000000002,101.279,1365029.686,128.049,4260.5,42,33.6586
14.966,9228.03,3227.47,0.34974,96.5086,1278060.5187,125.99,3496.09,80,37.5407
5.26,6901.15,1427.86,0.2069,61.7875,953081.5203,80.3686,3259.02,37,38.0836
1.456,9400.86,1930.91,0.20539000000000002,112.598,1323202.9007,124.92200000000001,4200.19,47,31.4365
18.422,11103.9,3170.09,0.28549,110.041,1516040.6259,139.76,4314.67,122,31.1177
1.6909999999999998,9790.76,2190.08,0.22368000000000002,115.411,1365840.4577,133.82299999999998,4186.34,62,34.1709
20.125999999999998,9884.0,3788.03,0.38324,102.471,1383425.6881,130.282,4078.85,61,34.2244
11.602,4191.54,1342.89,0.32038,36.9744,569339.8916,51.4928,1433.93,32,43.8953
12.335999999999999,4600.29,1635.86,0.35559,40.8847,631169.5805,74.5396,1486.63,20,43.7902
3.603,9414.32,3982.63,0.42303,84.9794,1315306.3169,141.938,3954.54,127,33.7388
7.28,13405.8,4696.35,0.35031999999999996,160.679,1823079.2088,209.65099999999998,5006.05,119,27.7886
4.703,13567.2,4075.78,0.30041,164.678,1876980.3993,228.984,4749.21,119,28.8005
8.394,4805.77,1546.3,0.32175,47.0795,692497.6198,68.5625,2392.3,42,42.6451
6.178999999999999,5498.88,2075.47,0.37743000000000004,50.4489,775713.2169,71.3567,2132.33,27,41.7618
17.588,13289.6,3959.68,0.29795,125.863,1906504.856,171.271,5347.1,56,26.8768
3.279,5243.84,1108.79,0.21144000000000002,45.4976,732290.4964,65.0679,2654.13,15,41.5043
9.752,6762.73,2107.78,0.31167,71.235,919480.8014,85.5699,2868.36,62,39.4132
14.902999999999999,22539.2,10403.8,0.46158000000000005,200.571,3031849.4742,365.225,5501.04,85,24.0681
19.785999999999998,16596.9,6247.76,0.37644,193.554,2345485.3125,268.226,4847.13,168,22.5052
18.741,14035.8,3882.21,0.27659,129.94299999999998,1964012.5716,167.35299999999998,4946.06,77,27.8394
3.8480000000000003,4881.12,1507.01,0.30874,48.5648,683979.2303,66.2759,1977.29,10,42.3332
7.18,6473.65,2014.42,0.31117,79.2776,877771.4363,98.1491,3256.33,20,38.3499
2.9810000000000003,11568.2,2762.48,0.23879,124.524,1604167.0841,153.248,4108.86,25,32.5154
2.727,7697.78,1987.5,0.25819000000000003,74.8104,1040511.676,111.831,3126.43,79,38.8057
7.546,7906.34,2525.74,0.31945,67.2368,1108302.4782,113.825,3252.82,33,36.6881
18.644000000000002,7917.44,2634.88,0.33279000000000003,67.3824,1108056.5837,102.303,3290.36,31,37.0831
18.052,17281.0,6645.13,0.38453000000000004,243.523,2461431.9733,319.68,5364.98,206,22.1062
1.475,3996.22,1264.28,0.31636,33.7216,548541.0502,49.3715,1402.79,19,44.2542
11.286,5228.46,1590.64,0.30422,54.2176,699965.6864,89.7416,2639.19,5,40.3244
2.026,8268.62,1721.39,0.20818000000000003,78.3646,1179612.4101,102.993,3683.12,23,34.9382
9.014,6198.19,2355.54,0.38003000000000003,32.3241,868223.3833,89.7892,2576.57,43,41.8836
12.674000000000001,6420.63,1845.73,0.28746,59.6255,925016.7284,96.3582,2338.16,39,41.5047
9.69,4975.62,1240.58,0.24933000000000002,39.093,698861.4011,57.1698,2602.93,31,41.7684
2.6710000000000003,15446.9,4098.13,0.2653,222.363,2160214.7791,270.14799999999997,5651.65,111,21.5892
1.915,8590.65,2313.12,0.26926,74.7199,1228554.2223,112.529,4139.84,94,34.6527
1.845,5999.84,1414.72,0.23579,66.4843,844344.1637,74.5214,3038.06,18,38.7478
1.0490000000000002,22879.7,5358.17,0.23418000000000003,334.486,3152289.2448,404.43699999999995,6222.77,165,19.811
17.973,12981.2,4698.68,0.36196,148.553,1793533.4113,185.65,4468.74,123,27.0888
0.9079999999999999,9287.72,1903.66,0.20496,106.09,1313002.6374,126.895,4255.44,43,33.6316
2.8680000000000003,10071.0,2897.4,0.28769,123.208,1417943.4864,156.006,4390.64,40,31.7155
18.545,9893.93,3703.03,0.37427,104.016,1362234.7521,163.549,4492.64,65,32.335
2.41,10677.7,2908.39,0.27237,157.61,1523598.6686,160.264,4670.63,32,29.2608
4.837,18175.8,4931.83,0.27134,243.857,2507920.1098,291.82,5399.74,230,24.6311
2.7310000000000003,14069.1,4491.89,0.31927,168.24099999999999,1978708.179,213.797,5039.7,196,27.7924
10.22,14489.7,5293.09,0.3653,95.5332,1968812.3208,207.62599999999998,5232.24,146,26.0014
1.649,5895.48,1902.12,0.32264,69.9331,822618.9538,84.0837,3034.16,35,40.2843
1.72,6814.42,1829.4,0.26846,68.85300000000001,904440.2032,104.666,3476.67,75,37.7757
1.389,7144.17,2314.66,0.32399,63.5928,959650.787,103.323,3094.88,22,40.3028
20.467,17173.0,5143.18,0.29949000000000003,146.997,2287097.0968,242.328,5282.55,105,23.4893
16.201,13513.9,4288.8,0.31736,129.559,1899469.9338,177.162,4817.69,85,35.3655
9.357000000000001,6791.27,1667.11,0.24547,56.1335,977946.9948,83.9232,2582.59,22,39.4869
1.308,6931.52,1682.5,0.24273000000000003,82.5445,974354.4448,108.406,3835.47,35,36.1431
4.042,19507.7,6641.58,0.34045,270.83299999999997,2629608.3562,326.63599999999997,5829.59,314,20.6362
4.008,11688.4,3699.96,0.31654,80.4723,1555226.8397,151.716,3937.56,130,32.6076
15.1,7521.22,2636.17,0.35049,77.1025,1014059.5849,112.884,2942.52,17,36.7731
17.066,10982.4,3558.57,0.32402,96.2356,1473873.6103,153.22899999999998,4390.58,47,34.0887
11.686,9015.05,3998.69,0.44355,99.0992,1191589.838,143.1,4142.39,91,33.336
1.7209999999999999,14732.4,4370.39,0.29665,176.687,2059394.1430000002,238.128,5363.64,175,24.6951
3.7880000000000003,16818.9,5453.17,0.32422,204.507,2201784.2523,276.841,6197.53,246,22.4286
2.471,9410.59,3178.69,0.33776999999999996,133.123,1240981.047,176.28599999999997,4423.48,181,31.1939
3.892,8001.13,2609.23,0.3261,70.1534,1079526.3175,120.11200000000001,3472.56,77,37.0619
3.377,19826.4,6903.82,0.34820999999999996,115.838,2741719.1626,309.996,25447.58,81,32.3835
1.8559999999999999,12087.2,2148.87,0.17778,144.399,1697901.907,166.93599999999998,4629.41,161,29.3976
5.718,7265.38,2835.92,0.39033,66.0191,1034631.1087,107.311,3434.94,46,37.4089
1.232,8552.2,2287.13,0.26743,97.3312,1214349.6079,124.557,4007.2,163,33.6722
14.353,5368.2,2296.78,0.42783999999999994,46.4546,779851.9497,75.2187,2672.57,44,40.356
2.63,14344.6,4352.31,0.30341,172.99900000000002,1949967.93,253.516,4826.41,31,28.2962
4.361000000000001,12517.8,3915.05,0.31275,168.729,1755313.2859,214.24599999999998,4717.3,118,29.1713
0.0,10924.2,2435.93,0.22298,135.92700000000002,1485328.8521,167.842,4772.96,51,46.5464
3.612,10161.5,2927.02,0.28804,131.366,1388921.8845,143.901,4865.39,63,29.4376
15.377,9888.74,3900.27,0.39441,95.6961,1393722.8099,143.57399999999998,3672.0,123,34.4065
4.989,8161.6,2748.51,0.33676,65.9599,1088148.7051,118.23200000000001,4345.54,61,33.5159
14.155999999999999,8060.29,1726.1,0.21414,65.2499,1122727.1851,89.2434,3030.02,29,38.4125
3.1910000000000003,11430.1,2985.0,0.26115,113.62899999999999,1600321.2572,152.945,4494.95,76,32.7647
8.437999999999999,7248.55,2246.53,0.30992,62.8308,944577.5689,117.495,2815.53,36,38.8702
13.755999999999998,9587.73,2435.27,0.25399,96.3613,1308888.0941,95.2521,4103.4,11,33.917
2.436,6231.45,1354.76,0.2174,55.8198,860226.5341,73.3417,2515.38,16,40.5392
9.113,5773.25,2325.12,0.40274,48.2437,826531.2967,96.5907,2716.78,40,41.8386
1.944,10001.3,2751.21,0.27508,98.4195,1429243.8228,132.84799999999998,3637.26,134,35.7457
2.485,16419.3,6224.62,0.3791,188.736,2287090.4717,259.082,4577.45,99,25.4557
11.440999999999999,17400.1,4140.0,0.23792,170.31799999999998,2494133.6936,203.291,4910.68,92,27.9615
5.598,7713.52,2141.72,0.27765,61.7716,1030988.05,101.22,4152.12,58,37.3424
14.456,5495.47,1541.21,0.28045,50.242,779549.6762,96.7254,2757.7,36,41.4459
3.16,21378.5,7067.54,0.33059,255.87900000000002,2859726.7409,329.407,6107.73,289,20.1587
7.97,4626.86,1445.43,0.31239,47.0807,653409.8582,71.4044,2345.83,50,46.5464
4.027,6521.99,1337.58,0.20508,55.5602,920410.3547,74.1413,3074.51,13,37.8782
1.206,15397.5,4035.44,0.26208000000000004,183.34099999999998,2161057.6651,219.74599999999998,5717.7,63,22.9243
6.382999999999999,16294.4,5038.96,0.30924,180.465,2229125.7088,292.626,5346.85,92,24.6357
1.849,15891.5,5407.4,0.34026,215.145,2223975.8422,268.191,5371.28,291,24.3484
8.836,14581.6,5522.46,0.37872,195.391,1936008.3969999999,262.688,5051.8,121,22.5388
3.995,6144.64,1164.88,0.18957000000000002,52.95,853134.8536,66.4211,3102.49,18,39.2467
15.212,7837.48,2799.21,0.35715,85.4982,1067515.6191,99.7554,3799.96,51,36.2576
0.867,9388.2,2568.15,0.27355,113.35700000000001,1288672.9604,151.282,4138.23,71,33.2248
11.824000000000002,4937.74,1171.32,0.23721,36.4689,689412.0342,55.4344,1910.14,48,43.7329
9.229,10328.2,2645.9,0.25618,95.7019,1415636.9297,126.132,5092.01,40,31.534000000000002
9.272,7034.28,2921.05,0.41525,60.4431,1001109.3311,98.6412,2420.12,65,40.2907
4.262,8345.29,1956.94,0.23449,91.1979,1121064.0134,126.63600000000001,3873.5,25,33.6668
3.145,10163.2,3143.46,0.30929,114.805,1440874.0839,156.293,4270.34,43,33.2139
4.525,15037.6,4270.74,0.284,202.635,2081575.2751,267.557,5073.15,161,25.1532
14.350999999999999,8126.67,2793.85,0.34378000000000003,71.164,1152462.9187,106.961,3256.83,45,37.3677
14.164000000000001,8316.16,3309.32,0.39793,70.9113,1131958.852,121.969,3504.58,54,36.7101
2.892,4936.12,1305.33,0.26444,54.5627,649788.4259,77.7755,3181.54,23,38.6152
5.4510000000000005,7987.09,2094.2,0.26219000000000003,98.4494,1056160.4428,129.763,3744.09,33,36.3212
11.3,9408.65,2963.11,0.31493000000000004,71.9356,1311226.7062,120.686,3478.94,40,36.4187
4.408,14699.9,4351.67,0.29603,172.382,2054591.7191,210.63099999999997,5514.03,199,25.0364
1.206,14686.0,4278.08,0.2913,197.291,2044748.8177,215.81900000000002,5612.36,144,22.8869
12.208,7878.58,2093.56,0.26571999999999996,61.4533,1036376.0133,105.574,3434.43,47,39.1974
10.993,5411.95,1633.39,0.30180999999999997,42.0373,752004.1817,67.6637,2739.2,49,40.9076
15.208,8594.03,2711.1,0.31546,93.8423,1218056.5664,117.479,3410.21,89,37.0051
14.671,7919.66,1305.45,0.16483,75.7516,1064748.2341,94.1575,3241.12,24,38.2891
12.109000000000002,14069.8,4351.63,0.30928,154.342,2030906.878,212.86700000000002,4906.7,177,26.6606
3.8930000000000002,6625.52,2382.77,0.35963,63.9679,939370.9365,88.6165,2419.18,65,40.236999999999995
2.3209999999999997,5586.84,1298.59,0.23243000000000003,53.5006,737943.7735,84.9263,3333.04,14,40.6323
10.402999999999999,4689.49,1508.7,0.32171,38.0415,635529.5551,77.6077,2687.45,23,37.2182
1.611,5853.68,2028.56,0.34654,74.906,807939.5775,86.0887,3043.02,36,40.2078
10.133,7546.78,1794.39,0.23776,90.90700000000001,1018811.4111,90.0912,3786.53,27,35.1567
2.329,11171.4,3510.6,0.31424,109.66799999999999,1593549.2299,157.305,3833.6,68,35.0975
3.303,6102.58,1529.56,0.25064000000000003,42.1636,843469.4809,86.8715,3391.03,22,39.4174
13.815,20268.1,6898.62,0.34036,201.178,2669649.4012,316.223,6816.79,222,21.1342
2.274,10753.3,2620.84,0.24372,129.65200000000002,1489204.1021,154.313,4335.47,93,31.4741
2.98,10065.1,3048.41,0.30286,91.0065,1418099.0759,132.015,4403.68,49,33.4614
2.813,5605.04,1066.22,0.19022,52.9525,793987.1354,69.1115,2784.99,55,40.2906
19.496,22231.8,7440.69,0.33468000000000003,161.041,3105004.1557,348.892,10905.37,81,24.1413
1.3159999999999998,8258.61,2357.77,0.28549,90.5637,1167474.6954,126.941,3967.87,165,34.0915
13.612,5962.6,2053.84,0.34445,59.4506,844431.9371,81.9593,2519.02,64,41.4304
2.7310000000000003,9408.45,3783.38,0.40212,81.7719,1312854.7257,144.325,3661.32,116,35.2908
1.155,15053.1,3924.78,0.26072,184.35,2126982.7531,215.024,5709.94,67,23.0774
14.18,7925.91,3518.05,0.44386000000000003,67.5239,1110975.9971,114.012,2750.51,61,38.1493
3.142,6884.97,2471.6,0.35898,62.7993,976774.4822,91.3285,2425.71,76,40.2461
11.009,7418.62,1711.28,0.23067,67.8945,959273.1712,98.5723,3253.01,14,38.6072
2.235,8623.39,2308.46,0.26769,77.1315,1211895.6151,104.179,4202.48,63,33.5942
10.199,4372.1,1782.47,0.40769,36.9839,580416.6741,62.9617,1406.9,36,44.4619
1.182,5720.73,1263.71,0.2209,54.8189,785967.6927,80.737,2701.48,17,40.4096
0.7609999999999999,5128.89,1010.28,0.19697,48.8471,736460.5941,61.4688,2219.42,81,42.8149
6.306,6706.84,1598.33,0.23831,74.7177,915347.1170000001,92.2126,3528.97,37,36.1639
6.396,5911.76,1461.63,0.24724000000000002,54.0381,834366.9999,68.3381,3093.87,24,39.3581
4.628,11612.1,3219.51,0.27725,144.46,1541121.9385,181.90099999999998,4510.21,62,30.6685
1.528,11909.6,2275.96,0.1911,147.011,1677592.6721,170.447,4657.26,156,29.6451
2.7239999999999998,8900.48,2802.62,0.31488,89.0702,1260930.1538,134.834,3340.84,14,36.2068
5.332999999999999,17679.6,5576.53,0.31542,234.24200000000002,2463270.0711,288.097,5654.45,198,22.0454
12.917,4465.55,517.39,0.11585999999999999,38.833,615009.8252,53.8028,2186.21,27,44.8921
17.063,7582.1,2746.6,0.36224,72.2709,1071245.5006,101.01299999999999,3787.54,28,39.7221
1.652,8784.74,2361.71,0.26884,95.1654,1204279.654,148.015,3255.18,12,36.6163
5.401,14642.5,4644.93,0.31722,188.97099999999998,1998886.3181,259.423,5118.8,74,24.678
4.111000000000001,8474.67,2704.51,0.31911999999999996,83.5966,1211672.8567,130.31,3524.76,28,37.0637
5.4639999999999995,5707.38,2061.04,0.36111,58.4852,759678.9561,97.3916,2656.6,38,41.1127
2.4219999999999997,9748.91,2691.34,0.27605999999999997,100.302,1362682.2759999998,128.5,4272.74,49,33.6309
2.063,7113.06,1883.63,0.26481,68.854,989208.2658,91.0391,3594.48,29,37.9515
13.265,8497.32,3197.46,0.37629,79.3964,1165730.5973,121.822,3851.8,34,36.5992
2.468,9388.22,1970.4,0.20988,83.0282,1349651.8891,108.555,3952.86,24,34.7373
2.2840000000000003,4977.23,1347.86,0.2708,46.9127,687762.7987,57.5169,1920.46,17,43.3073
3.5789999999999997,9469.67,3121.33,0.32961,89.1267,1344915.1995,134.997,3570.88,15,35.4991
2.18,9962.85,2916.99,0.29278000000000004,104.18700000000001,1361853.8948,144.094,4061.8,118,34.9399
19.096,8000.36,1798.35,0.22478,74.1857,1115187.5913,90.4281,3520.97,22,37.8523
8.516,5054.23,1312.74,0.25973,44.2395,688777.0477,74.3096,2699.97,8,39.4689
1.8559999999999999,4682.95,891.97,0.19047,42.2497,633251.2236,61.0177,2661.27,16,42.9648
5.31,13654.4,4088.4,0.29941,155.018,1945653.9704,222.97,4749.87,90,29.0402
0.0,14966.8,4707.99,0.31456,218.359,2081858.0376,250.176,5323.6,294,24.7341
14.734000000000002,7982.53,2685.24,0.33638,79.2726,1097116.769,108.961,3243.67,91,34.7087
3.855,5850.01,1000.12,0.17096,48.053000000000004,808088.4047,63.521,3053.45,18,39.8642
2.7289999999999996,9157.66,2067.72,0.22579000000000002,82.0543,1299721.4294,110.835,4588.79,29,33.5768
13.73,8303.36,2604.67,0.31368,75.2417,1142013.4804,115.76799999999999,3391.13,23,37.601
1.9369999999999998,12579.3,3320.64,0.26397,155.643,1790189.4677,181.27900000000002,4787.76,44,28.3903
13.79,4965.34,1409.72,0.28391,36.4536,680503.1828,65.075,2024.12,15,43.4038
2.266,9864.89,2511.78,0.25461,104.734,1399658.0095,153.513,3923.6,42,32.9331
2.946,10910.7,3056.21,0.28010999999999997,124.917,1559597.5268,170.44299999999998,4437.68,44,32.3374
19.017,18391.8,6411.49,0.3486,180.144,2591085.5805,232.296,6084.02,171,21.2087
1.328,21182.5,5911.21,0.27906,303.29400000000004,2872557.2576,308.568,6595.57,292,18.7072
10.172,9281.08,2891.6,0.31155,76.2499,1288659.9032,127.83,4192.95,18,33.3638
2.205,6155.06,1547.35,0.25139,52.3318,856656.4476,74.37899999999999,3378.85,55,38.8107
16.883,10533.7,4218.66,0.40049,101.44200000000001,1503286.2668,145.983,3865.83,56,33.9063
16.222,6915.17,1771.24,0.25613,56.0042,996602.8446,71.7427,3212.64,26,38.4979
4.793,5440.25,1678.27,0.30849,45.5839,756988.2997,75.9217,2020.73,3,42.2367
18.658,17232.6,5280.37,0.30641,174.827,2371399.5068,242.97099999999998,5549.06,94,23.8972
4.737,8862.0,2244.9,0.25331,89.948,1255215.8069,140.628,4009.54,46,34.7114
13.821,9097.04,2892.65,0.31797,62.3238,1283562.6969,110.946,3044.45,50,37.1704
7.287999999999999,16745.0,5656.61,0.3378,203.019,2239710.0597,277.371,5274.22,114,25.363000000000003
3.438,14958.5,3828.99,0.25597,191.592,2114837.6367,211.148,13378.93,93,26.5125
2.687,5093.04,1953.32,0.38351999999999997,33.4152,723876.373,67.6901,2067.6,44,42.7718
3.784,9247.41,2540.15,0.27468000000000004,66.5921,1276953.6455,118.14399999999999,4162.72,89,34.1728
10.747,5585.84,1682.48,0.3012,41.5521,768055.3726,70.104,2866.62,67,41.1398
2.2430000000000003,9600.28,2081.26,0.21679,82.0641,1342909.6955,121.796,4718.6,33,33.0357
14.227,6484.67,2483.59,0.38299,52.507,886576.3524,104.257,2851.44,87,39.5275
2.6710000000000003,7323.89,2530.41,0.3455,70.8129,1006119.7904,101.02600000000001,3244.28,19,38.0049
3.406,7781.19,2428.62,0.31211,110.649,1088842.2508,136.389,3671.49,73,35.618
1.931,9336.17,2807.78,0.30074,100.251,1297358.6453,130.756,3639.81,8,35.2103
12.484000000000002,4794.92,1383.18,0.28846,37.2692,654662.7749,56.9261,2191.91,51,43.1017
1.357,3927.49,1175.59,0.29932,35.0861,537460.6164,47.9047,1404.53,17,44.3581
3.222,13770.8,3650.95,0.26511999999999997,167.71900000000002,1898928.1239,230.42,4777.48,35,28.5995
5.888,8168.32,2103.36,0.2575,73.7491,1130304.8457,104.359,3645.21,44,36.0933
0.897,9753.04,1897.02,0.1945,103.141,1384287.1414,133.989,4265.62,45,33.6283
1.9869999999999999,6838.79,1794.58,0.26241,65.4421,916271.4427,82.9254,2993.52,17,38.9891
7.105,7948.72,2367.15,0.2978,60.1842,1104921.2143,99.5249,3500.75,44,37.6196
2.003,13684.1,4763.48,0.3481,189.468,1875881.1451,255.718,4594.15,30,29.281999999999996
15.767999999999999,16348.8,4640.56,0.28384000000000004,162.283,2279231.3966,199.238,5407.09,138,24.2569
11.499,8353.91,2012.88,0.24095,71.0706,1158901.2753,95.7976,3550.58,65,37.1901
15.725,17509.1,5809.93,0.33182,158.759,2405843.0291,277.718,5744.02,142,24.8388
6.349,6345.88,1709.06,0.26931,72.6633,840252.4561,92.1897,3628.43,71,34.9113
1.6380000000000001,10638.0,3177.06,0.29865,122.89299999999999,1482902.2933,183.21400000000003,4174.93,59,32.7914
17.271,11387.7,4584.06,0.40254,128.109,1603871.9779,187.33599999999998,4318.9,149,32.858000000000004
8.742,9801.04,3770.64,0.38471,84.60700000000001,1393273.591,140.08700000000002,3799.68,48,34.4391
15.684000000000001,9779.23,4125.84,0.42189,96.8656,1379285.4842,162.249,3668.26,63,35.5834
0.0,6746.12,2108.28,0.31251,63.3504,914862.84,93.1285,3193.33,14,39.7671
12.248,4889.58,1577.01,0.32252,61.3262,657505.7472,85.7834,2626.44,40,42.3095
1.047,7947.13,1606.49,0.20214000000000001,76.8709,1136599.0917,106.962,4042.11,104,34.9532
2.8089999999999997,17407.8,5460.59,0.31368,167.332,2503846.1709,240.922,5052.34,46,27.0216
14.674000000000001,5629.4,1533.53,0.27241,64.7731,743841.6773,111.26799999999999,2667.53,64,40.2536
10.325,8655.23,1514.59,0.17499,78.6502,1168253.4896,101.41799999999999,3982.51,27,39.3827
16.238,7978.57,2698.2,0.33818000000000004,86.8422,1143321.9746,121.56,3740.39,103,35.3953
1.689,16052.6,3954.91,0.24636999999999998,205.02200000000002,2255011.4288,263.374,5602.09,85,23.3349
13.122,5991.65,2224.67,0.37129,47.3624,831145.622,85.6027,2587.34,85,40.6407
6.058,6129.56,1611.55,0.26291,64.8801,854311.4437,71.7763,3062.96,24,39.4191
4.43,12177.6,3248.71,0.26677,137.531,1703137.9174,168.40200000000002,4376.5,49,30.4285
1.827,11409.2,3111.82,0.27274,127.601,1577515.5996,164.808,4482.29,95,31.3196
11.714,8251.61,2715.3,0.32905999999999996,69.0297,1166687.619,111.635,3369.39,71,39.4859
3.822,9600.24,3991.24,0.41573999999999994,93.2274,1388226.1185,149.56,3609.27,33,34.5019
12.505,11109.6,4944.31,0.44504,79.1495,1516781.045,178.15599999999998,5998.53,13,37.4496
1.7990000000000002,6032.68,1324.17,0.21949000000000002,48.6941,868068.7159999999,77.5055,2886.32,49,39.7528
0.8109999999999999,8578.06,2148.14,0.25042,99.9224,1188513.3617,128.72,3275.27,5,36.698
2.467,11729.9,3223.26,0.27479000000000003,130.92,1613017.4291,161.893,4514.27,86,31.7527
4.204,7243.53,2057.07,0.28398,66.6182,1008189.3213,96.0069,3064.05,55,39.2259
4.388,13136.8,3858.05,0.29368,154.41299999999998,1817939.1464,220.516,4659.63,110,29.2614
20.397000000000002,20313.4,5972.48,0.29401,204.347,2904334.5589,285.421,5930.73,240,20.7063
11.648,7012.73,2429.43,0.34643,87.4091,931013.4321,114.35799999999999,4289.96,111,33.6341
13.714,10747.7,3833.49,0.35668,99.8065,1524967.5222,143.52100000000002,4167.51,43,36.2972
1.8230000000000002,12926.1,3217.61,0.24891999999999997,159.94799999999998,1802047.7769,201.676,5077.45,192,28.0478
3.0380000000000003,12908.6,4964.94,0.38461999999999996,117.40700000000001,1831704.1028,185.655,4959.81,64,30.6613
1.224,9252.17,2377.7,0.25698000000000004,100.204,1302064.5917,136.776,3579.08,13,34.2955
17.131,11390.5,4362.17,0.38295999999999997,104.15,1579416.1017,164.235,4572.39,46,33.914
2.4290000000000003,9075.48,1987.67,0.21900999999999998,81.7414,1288116.5698,113.035,4020.73,34,35.9675
16.882,11598.3,3697.85,0.31882,113.91,1601556.6609,151.749,4843.51,61,30.3544
4.833,16019.9,4862.0,0.30349,151.61700000000002,2198934.7471,235.83900000000003,7768.97,64,29.1923
2.133,9914.34,2450.35,0.24715,97.9986,1377696.7712,123.324,4286.68,37,33.5495
11.487,4126.11,1198.39,0.29044000000000003,33.2941,562200.4476,50.9517,1380.84,32,44.4941
20.271,9678.4,2816.14,0.29097,73.5452,1364818.2871,117.53399999999999,4504.86,39,34.5097
2.842,10103.3,3177.95,0.31454,118.061,1424123.8269,154.52,4257.74,46,34.1803
13.924000000000001,6035.64,2268.26,0.37581,64.6146,817455.437,98.2064,3127.25,60,39.6496
2.131,5999.09,2153.61,0.35898,59.1306,841127.9509999999,89.2236,3369.72,83,38.7871
1.57,7362.8,1694.63,0.23016,69.1988,1001499.4312,104.51899999999999,3595.97,25,36.7787
16.31,7952.52,1834.1,0.23063000000000003,71.3447,1137758.6056,96.9168,2608.45,69,40.2655
4.928999999999999,6335.74,2880.47,0.45463000000000003,86.913,772992.1412,124.689,2118.38,106,41.2584
4.61,9534.34,3177.38,0.33325,82.6665,1302699.52,123.66799999999999,3629.08,111,35.9078
1.806,9739.64,2829.89,0.29055,108.47,1317133.0517,154.059,4093.75,47,33.6065
1.589,12384.1,3243.59,0.26191,149.259,1772194.2372,173.595,4798.05,21,28.8369
1.702,15342.4,4093.41,0.2668,190.68900000000002,2171423.3647,218.58900000000003,5684.63,64,23.070999999999998
2.391,4328.67,887.16,0.20494,44.0511,584514.204,66.6663,2588.93,13,42.8276
0.7190000000000001,4844.93,955.92,0.1973,44.2871,697928.4794,56.0184,2184.78,80,42.8204
4.805,9406.35,2772.66,0.29475999999999997,58.702,1309084.4476,132.528,4005.83,25,34.0583
1.227,5841.68,1289.12,0.22066999999999998,59.2049,799628.6297,75.3315,2819.05,19,40.3495
1.087,5356.93,1170.17,0.21844,47.4274,764801.8538,74.6692,2897.3,58,40.344
2.0780000000000003,4679.75,1026.25,0.21929,42.6317,652480.6234,59.9503,1974.09,2,42.6059
2.38,5407.39,1365.69,0.25255,48.167,786187.7989,72.01,2192.37,76,42.7757
1.8969999999999998,6935.56,1589.88,0.22923000000000002,73.2047,917200.8985,92.0964,3492.09,79,37.7408
2.5540000000000003,12458.8,3351.26,0.26898,165.799,1756965.2091,194.673,4635.42,101,29.6668
1.256,8462.16,1659.35,0.19609000000000001,81.2989,1214136.6539,95.8479,3905.97,13,34.9658
2.483,9200.25,2112.55,0.22960999999999998,96.0153,1289895.5217,124.2,3550.12,121,36.069
0.826,9287.32,1484.91,0.15988,100.898,1314978.996,121.96799999999999,3943.53,45,34.9427
3.852,5951.18,1072.75,0.18025,52.5518,824301.8435,67.6442,3039.67,20,39.9719
2.673,5702.94,1696.58,0.29749000000000003,45.94,838212.2588,64.6405,2469.07,25,41.9308
3.011,14442.5,3182.52,0.22035,206.896,1998235.1858,246.12599999999998,4997.26,141,26.4963
11.312000000000001,3990.82,1216.9,0.30491999999999997,34.0579,545038.0426,51.7429,1388.9,32,44.4531
1.4969999999999999,5406.33,1264.91,0.23396,68.7865,758265.2297,70.4252,3052.62,12,39.0705
6.609,15087.4,5379.19,0.35653,148.455,2075299.0021,219.96599999999998,4788.77,66,30.9541
1.178,8617.87,3177.81,0.36874,88.9582,1143349.7559,132.66299999999998,3743.07,44,35.9476
12.085,7276.63,2274.62,0.31259000000000003,81.5706,1003617.0375,140.821,3524.97,81,38.3862
15.609000000000002,12490.2,3863.71,0.30933,132.732,1770973.8701,224.37599999999998,4533.53,111,31.3055
2.535,6201.62,2250.32,0.36286,70.8268,845799.0593,83.411,3105.75,30,40.1435
1.8459999999999999,10581.5,3382.68,0.31966999999999995,111.369,1534476.0146,140.20600000000002,3788.5,57,35.1286
2.425,5988.63,1505.29,0.25135,61.9736,753738.7297,86.4302,3023.37,27,39.6974
17.142,8683.25,2643.49,0.30443000000000003,91.0727,1187166.6143,99.1512,4295.84,24,36.7534
2.237,7703.45,1986.61,0.25788,71.5134,1116888.9385,106.79799999999999,3097.19,23,37.668
14.216,8165.75,2930.96,0.35893,64.8703,1160487.6205,111.921,4770.17,43,35.7945
16.233,7853.9,2836.4,0.36114,86.00299999999999,1071298.6014,115.277,3537.43,57,37.335
1.7380000000000002,12406.8,3594.44,0.28970999999999997,151.083,1778717.3846,177.514,4717.93,23,28.9682
8.088,6716.3,1537.88,0.22896999999999998,56.6184,951482.2435,71.2373,3919.39,22,39.4699
1.264,10120.5,2386.48,0.2358,124.318,1404492.8877,162.793,4597.1,74,30.2141
11.497,4933.69,1402.56,0.28428000000000003,46.4274,630017.6941,70.3331,1992.87,27,42.568999999999996
15.745,7604.17,2463.12,0.32391,64.5088,1038296.0079999999,121.445,3424.6,45,37.2094
11.534,6515.69,1755.58,0.26943,69.3284,919297.3765,92.0101,3061.49,42,38.806999999999995
1.7819999999999998,9757.49,2112.56,0.2165,114.61200000000001,1359059.0262,130.18,4277.4,56,34.2413
3.359,22408.0,6296.5,0.28099,292.437,3095852.151,365.86,6240.74,92,17.93
10.605,8818.03,1813.61,0.20567,86.505,1232795.7653,125.103,3505.31,156,34.4969
2.154,9579.44,3062.1,0.31965,89.5911,1356765.1678,118.609,4865.88,31,32.2989
1.5019999999999998,7040.01,1628.27,0.23128,88.1646,981528.1718,104.37200000000001,3745.7,22,35.4449
13.169,9169.01,2835.97,0.30929,102.61,1290647.8931,114.26700000000001,3353.67,49,36.1311
12.419,6594.02,2318.1,0.35154,70.9892,936869.1918,104.696,3323.24,61,38.1362
10.719000000000001,4508.36,1619.99,0.35933000000000004,31.0474,635087.4343,61.6576,2383.75,68,42.7906
5.247999999999999,13921.3,5256.49,0.37758,164.012,1941145.1932,209.53900000000002,4969.04,68,27.4586
19.927,9381.58,2523.84,0.26902,95.0369,1285440.1124,136.79399999999998,3960.59,167,33.7121
2.405,5886.8,1525.61,0.25915,53.9621,764094.2598,92.5665,3567.56,15,40.084
0.6729999999999999,9351.48,2637.56,0.28204,101.039,1279468.2846,160.528,4131.95,73,33.2292
12.747,5732.47,2025.28,0.35329,52.2339,789929.6396,80.545,3166.5,56,38.5061
1.284,5690.66,1057.17,0.18577,49.9897,818140.35,69.685,2895.36,56,39.506
6.734,10837.8,3494.29,0.32241,101.816,1488703.4595,161.031,4058.34,26,35.1801
10.659,8794.75,2673.81,0.30401999999999996,90.7521,1209313.8789,116.368,3642.43,25,35.9783
16.925,9163.4,2920.8,0.31874,107.115,1273030.4895,137.44899999999998,3927.66,107,34.0206
1.173,5944.3,1184.33,0.19923,55.6013,823011.0159,77.3859,2697.59,17,40.4997
15.879000000000001,16435.4,5237.33,0.31866,177.799,2394158.2858,215.673,5118.2,51,25.859
20.456,12256.1,4719.09,0.38504,112.227,1674015.8733,165.995,5788.2,64,29.4828
0.845,5186.78,987.08,0.1903,44.6553,745915.4354,62.3331,2202.01,81,42.6734
17.742,9139.61,2393.44,0.26187,94.59,1239691.4288,118.819,3940.07,136,36.9899
5.72,9218.25,2689.79,0.29178000000000004,86.4284,1307159.8383,126.685,3959.64,68,33.1256
2.1,5804.35,1475.71,0.25424,60.763000000000005,735086.1124,87.0904,3090.53,16,39.4981
10.03,7303.07,2048.96,0.28056,52.9901,1009788.8644,94.9938,3763.07,38,37.7859
4.955,6080.24,1710.81,0.28137,51.5345,848850.8338,77.22,3279.05,50,39.2999
3.36,11506.2,3702.6,0.32179,124.775,1626179.1029,163.378,4489.17,57,32.1147
1.889,5447.99,1445.66,0.26535,53.2251,712227.6768,88.9238,3313.02,17,40.058
16.285999999999998,7892.01,2029.97,0.25721,82.4153,1041470.3515,119.60700000000001,3413.01,17,36.2079
2.217,9916.3,2789.91,0.28134000000000003,97.3339,1361666.6466,146.136,4066.17,121,33.4198
1.646,10074.4,2781.28,0.27607,104.945,1409182.7272,151.306,4185.38,166,33.2491
11.770999999999999,4155.36,1243.54,0.29925999999999997,36.4973,563623.8344,51.6449,1385.8,32,44.4664
12.103,8947.88,2439.77,0.27266,92.1292,1250786.5436,122.415,4094.5,61,34.7254
2.0069999999999997,12655.3,2991.11,0.23635,151.118,1750533.5817,195.104,4262.58,67,28.4172
10.048,6723.61,2106.46,0.31329,75.5838,897794.0404,103.065,2857.27,83,37.1399
1.984,16087.7,5993.93,0.37256999999999996,187.208,2268616.2997,261.316,5611.16,158,23.5133
15.933,11629.7,3347.84,0.28786,104.715,1570931.6245,139.74,4769.11,33,31.3815
9.128,4909.11,1187.05,0.2418,42.6611,689995.8806,65.6857,2447.69,26,42.1657
20.976,10445.6,3234.08,0.30961,98.098,1432671.0424,113.469,6638.47,16,31.1983
14.444,9236.26,3779.17,0.40915999999999997,96.9793,1223337.2168,143.151,3335.43,98,37.72
2.763,10230.2,3443.82,0.33663000000000004,103.714,1447963.8669,144.525,3759.81,11,35.0807
3.0269999999999997,18225.3,6219.74,0.34126,206.405,2484797.5599,285.94599999999997,4965.53,54,24.2254
17.395,8454.76,2114.97,0.25015,56.1939,1180792.9901,97.7716,3601.37,27,39.8544
17.938,8099.99,3216.93,0.39715,70.8706,1150171.3095,113.50399999999999,3814.08,77,35.0458
1.3519999999999999,9736.23,2852.07,0.29293,96.2608,1349826.8091,142.553,4218.97,39,34.2136
11.354000000000001,4844.58,1866.38,0.38525,55.3773,648034.7517,96.1178,2824.0,59,40.4746
3.009,10739.8,3572.89,0.33266999999999997,122.289,1475922.9794,175.27700000000002,3821.53,33,34.1217
1.063,23153.0,5967.29,0.25773,341.409,3165521.3036,399.55300000000005,6236.79,142,19.7199
0.0,7958.5,2623.63,0.32966,78.8014,1086264.3593,118.67399999999999,3541.16,24,46.5464
15.44,7949.66,2202.04,0.27699,69.8706,1095401.2097,96.0207,3420.72,40,37.3781
2.747,17222.8,5522.11,0.32061999999999996,190.64700000000002,2303430.4205,276.982,5337.28,194,25.0097
6.527,5254.32,1535.21,0.29218,46.0563,738368.0914,65.7661,2045.75,10,42.2273
7.19,13475.4,4814.93,0.35731,168.55,1877843.5474,227.605,4644.75,99,29.7563
9.413,10824.9,3269.13,0.302,119.553,1460313.6885,194.271,3852.19,94,33.6649
4.238,9534.52,2109.68,0.22125999999999998,91.4105,1345665.6651,107.43299999999999,4640.82,32,32.9396
1.6780000000000002,19938.9,7733.02,0.38783,230.762,2683683.9942,308.123,5775.66,158,22.3
18.146,13364.7,5931.35,0.4438,89.6786,1800003.6279,199.021,5081.8,35,31.1077
2.075,5757.26,1424.0,0.24733000000000002,50.6771,743206.2833,92.1425,3365.93,19,41.3264
1.545,7340.66,2346.25,0.31961999999999996,75.6279,1012436.589,96.0399,3738.17,30,36.2671
16.54,8481.57,2118.76,0.2498,82.8607,1146208.4648,114.72,3610.55,19,36.0936
1.5,8778.22,2408.76,0.2744,96.1093,1211144.4831,147.922,3274.51,11,36.3884
14.79,12780.6,4050.09,0.31689,134.889,1811249.1269999999,164.12099999999998,4829.48,59,28.0859
12.229000000000001,7309.89,2581.58,0.35316,63.0802,984321.4845,111.514,3016.58,58,39.0649
3.545,9831.37,2336.41,0.23764000000000002,112.47200000000001,1378043.2778,151.475,4278.92,61,33.3895
3.728,6396.03,2436.65,0.38095999999999997,73.3321,878212.0405,96.3995,3069.01,40,40.5419
1.206,22886.8,5289.05,0.23109000000000002,344.346,3123735.9749,391.142,6233.96,145,46.5464
3.6489999999999996,23126.1,7010.92,0.30316,313.369,3197596.4835,361.13,6391.15,93,16.7563
0.43200000000000005,8130.41,1926.79,0.23698000000000002,93.1091,1137521.2409,118.352,3240.09,4,37.3062
3.141,7851.57,2433.71,0.30996,75.0647,1064820.4895,106.005,2958.13,115,38.4198
3.88,19684.3,6687.43,0.33973000000000003,257.243,2734433.3006,328.036,5447.83,92,23.8391
1.8090000000000002,9709.47,2793.12,0.28765999999999997,108.37200000000001,1313294.9449,153.412,4091.83,47,33.6151
12.475,9314.27,2831.67,0.30401,73.5397,1278570.2429,108.30799999999999,3841.75,61,38.0931
2.315,13958.0,4552.01,0.32611999999999997,189.903,1892272.894,246.1,4568.24,34,28.9452
6.237,5941.69,1608.25,0.27066999999999997,59.8822,802172.2225,78.5753,3188.62,36,39.2894
12.387,14355.0,4797.23,0.33418000000000003,157.673,2031472.8561,218.541,5659.34,149,24.9606
1.89,13323.7,3315.85,0.24886,180.076,1823349.4438,211.305,4578.5,173,28.8925
2.9560000000000004,15277.7,4131.72,0.27044,211.829,2108158.0215,261.198,5105.62,167,25.3705
2.231,15675.7,3461.62,0.22082,199.21,2177959.0725,251.21400000000003,5070.38,129,25.9224
6.729,7138.93,1969.91,0.27593,62.1674,988019.9708,90.5227,2713.11,17,39.8389
1.3330000000000002,4061.51,1235.76,0.30426,33.5213,553067.1729,49.5933,1422.9,17,44.2493
16.782,13376.2,4869.79,0.36406,130.719,1903838.6706,192.18200000000002,4923.45,57,26.8278
1.46,5059.77,978.17,0.19332,47.6553,723509.3053,65.6981,2871.56,57,40.1628
3.8080000000000003,6737.25,1534.26,0.22771999999999998,66.8518,921007.1211,84.2705,3112.99,46,38.0255
13.222000000000001,9586.66,2527.84,0.26368,63.0942,1368506.8097,123.09299999999999,3764.26,53,37.0019
2.147,10329.4,2998.24,0.29026,97.5395,1463571.9289,137.738,3688.72,137,34.812
2.1590000000000003,8596.26,2164.0,0.25173,89.0647,1198198.7378,119.152,3738.94,44,35.5356
3.0669999999999997,10873.0,4152.47,0.3819,129.517,1472942.8826,194.91299999999998,4657.39,163,30.0777
1.5830000000000002,8494.54,1733.16,0.20403,105.13799999999999,1172696.356,131.464,3650.57,23,34.1514
1.37,13906.6,3730.79,0.26827,191.78,1948310.8193,208.502,5681.87,57,23.0383
11.184000000000001,4098.88,1368.57,0.33388,36.8666,566007.5409,50.1979,1388.57,32,44.4921
0.728,10831.5,2429.96,0.22434,135.01,1504325.9197,163.885,4712.22,177,28.6066
18.159000000000002,15119.7,5130.66,0.33933,111.441,2188564.6672,197.03599999999997,5762.13,154,33.2192
2.5989999999999998,8170.82,2832.1,0.34661,82.2868,1123744.8494,118.48700000000001,4012.77,29,36.0049
3.565,9115.54,2838.96,0.31144,89.4582,1306127.8111,124.93299999999999,3825.66,5,31.7797
2.977,11631.3,2739.66,0.23554,128.039,1617214.9509,165.578,4986.36,78,28.0685
8.014,5816.57,1918.58,0.32984,54.6074,792922.3862,85.8374,3167.1,13,39.7145
1.515,4366.05,1389.91,0.31834,35.9277,606302.7413,53.4468,1389.38,17,44.37
15.687000000000001,12072.7,3644.6,0.30188000000000004,119.23100000000001,1648708.8644,154.27700000000002,4748.44,120,28.3499
2.448,8141.03,2296.3,0.28206,83.76899999999999,1155149.6602,112.837,3885.16,39,34.7944
6.135,3375.97,1248.27,0.36975,24.5279,461737.1434,44.7686,1392.54,6,45.2663
1.99,5521.58,1512.33,0.27389,45.2233,774329.6529,64.5984,2906.31,16,41.4353
13.872,10721.2,2655.04,0.24764,73.6149,1526980.4121,137.672,4205.52,66,33.5365
2.0340000000000003,3747.39,1170.28,0.31229,32.6855,512832.7023,47.9021,1349.47,23,44.4935
12.513,4922.42,1088.68,0.22116,42.1119,685025.0536,58.9237,1859.22,13,44.1513
14.925,5336.84,1194.63,0.22384,54.6402,687370.887,81.9598,2567.72,4,40.9381
10.699000000000002,15982.1,5639.55,0.35286,159.88299999999998,2293581.7709,237.66,5695.2,159,24.2688
15.985999999999999,7686.87,2519.94,0.32782,61.5514,1071062.7649,100.28399999999999,3664.67,15,36.9033
1.5530000000000002,13712.0,4047.62,0.29518,163.441,1922893.3222,237.77700000000002,4421.01,82,29.8061
2.544,16721.7,5213.89,0.3118,199.736,2196308.8807,258.123,5841.98,219,21.5301
8.406,6080.61,1434.17,0.23585,69.6611,857159.5935,76.0902,2842.08,70,39.203
11.569,4840.72,1152.06,0.23799,42.5027,623880.0155,65.5779,1970.41,28,43.4879
14.617,6188.67,2264.24,0.36586,42.2408,871786.5325,87.3875,3106.33,56,39.0154
13.452,6990.49,2298.66,0.32882,52.531000000000006,947541.5397,94.3902,3194.98,40,38.4747
2.8680000000000003,12875.9,3486.36,0.27076,169.801,1789608.1951,191.775,4723.1,102,29.1215
14.123,6960.51,1895.42,0.27231,63.5603,908871.1564,93.0179,3488.18,74,36.4698
3.833,21468.5,7069.47,0.32929,245.68,2984987.6513,339.707,5602.67,96,23.0561
1.577,16063.9,5740.04,0.35731999999999997,182.138,2243921.1527,264.06,4683.29,34,27.0468
11.577,14320.0,5472.84,0.38218,127.305,2038762.0795,221.72799999999998,5173.98,62,26.5027
18.121,9119.17,3002.11,0.3292,84.6148,1300142.3015,147.276,4223.89,62,33.821
3.975,6740.02,2463.21,0.36546,80.1778,922870.3064,87.9626,3270.13,68,38.516999999999996
2.009,7176.11,1868.41,0.26036,69.2462,1016686.6039,86.2173,3705.98,29,37.6718
18.252,6663.27,1965.4,0.29496,42.0179,908318.3249,108.85799999999999,4241.89,32,37.3445
17.315,8354.12,2847.22,0.34081,62.7399,1156187.2003,113.0,3715.85,15,37.1809
12.083,8885.34,2980.08,0.33539,79.4133,1291103.7215,126.34299999999999,4113.4,74,33.7395
1.3769999999999998,23322.4,6558.72,0.28121,333.36800000000005,3200924.7736,415.852,6313.31,185,19.7568
1.777,11551.4,2100.22,0.18181,150.07299999999998,1634203.5127,167.908,4628.02,146,29.8554
16.486,5059.43,1291.16,0.25519000000000003,52.0564,698385.48,82.0456,2194.57,40,40.6242
4.484,5911.75,965.2,0.16326,51.6863,821736.7694,61.4743,2978.55,25,40.2245
2.8089999999999997,5547.75,1385.66,0.24975999999999998,45.9027,788988.7533,60.674,2560.45,18,41.3672
2.884,7128.01,2452.51,0.34406,66.3263,968911.7115,106.031,3065.03,30,40.5759
14.318,8332.61,2487.95,0.29857,85.5382,1144664.7611,139.98,3699.87,79,37.0086
16.727999999999998,7135.4,2483.53,0.34805,78.8649,952331.7309999999,125.412,3473.29,50,36.923
3.0980000000000003,10494.0,2696.35,0.25694,144.62,1416617.5959,174.488,4397.45,56,31.4612
13.411,7029.26,1985.73,0.28249,63.4257,961210.1529999999,87.6786,2564.65,13,40.4292
0.818,9832.2,2775.98,0.28233,108.4,1349186.9852,155.13,4137.41,79,33.2062
19.037,9421.1,3596.13,0.38171,63.786,1325458.8428,133.042,4657.84,25,37.6103
4.166,12385.6,4169.76,0.33666,151.964,1700647.6295,164.514,5131.95,36,28.8671
4.3389999999999995,15474.7,5337.82,0.34493,194.468,2127202.6068,252.041,5269.65,210,28.1706
5.315,9766.95,2874.2,0.29427,88.306,1388873.1906,131.495,4145.79,103,33.4836
1.993,17904.0,5077.61,0.2836,220.294,2500815.5007,283.619,5754.66,200,21.8699
15.036,5252.1,1190.17,0.2266,40.6437,720259.2761,78.8304,3050.87,30,41.2713
17.843,9897.72,4023.75,0.40653,72.9256,1378392.3696,154.101,3675.08,26,36.071999999999996
14.939,6461.74,2235.7,0.34599,64.1295,860451.382,95.5953,3303.61,58,38.7463
9.193,5464.47,1628.08,0.29793000000000003,44.0423,707715.1490000001,73.9402,2087.51,29,43.0005
18.249000000000002,10017.6,2967.31,0.2962,73.1453,1360852.2857,135.999,4060.12,64,37.2326
2.015,21821.0,6306.74,0.28902,293.907,2995062.0077,315.237,6639.94,291,18.6717
1.561,8500.1,1824.09,0.21459,98.7763,1184627.8085,113.835,3286.36,123,35.7714
1.811,5853.68,2028.56,0.34654,74.906,807939.5775,86.0887,3043.02,36,40.1475
2.055,4074.87,708.8,0.17394,39.8429,537119.5301,60.1525,2562.83,11,43.4461
0.82,15082.5,4358.66,0.28898,186.915,2100336.8328,226.812,5618.53,178,22.6827
14.617,6188.14,2264.56,0.36595,42.2496,871719.8066,87.3835,3106.36,54,42.756
1.706,4271.6,1346.13,0.31513,37.2208,577515.5049,51.2062,1437.52,17,44.2087
12.36,8875.04,2782.66,0.31353000000000003,41.9684,1240200.8329,112.291,3420.6,64,37.2158
13.812000000000001,6129.2,762.56,0.12440999999999999,47.794,853198.1925,70.3468,2677.37,44,39.6467
2.408,12185.1,3043.81,0.24979,129.642,1659338.6557,153.304,3962.98,228,32.4712
0.701,7266.64,2143.32,0.29495,75.456,991827.1678,114.454,3064.86,82,39.0477
0.0,7694.36,3066.14,0.39849,90.0667,1030533.1903,121.86399999999999,3593.37,41,36.9902
2.682,19334.8,6846.98,0.35412,245.74400000000003,2651122.4552,345.26800000000003,5662.0,319,21.6833
18.762999999999998,9814.74,3432.41,0.34970999999999997,81.74600000000001,1365265.7675,158.665,4057.64,104,32.7927
4.084,6668.71,2992.61,0.44875,86.8247,824593.2542,125.74700000000001,2130.33,117,41.1194
20.81,14310.0,5896.81,0.41207,184.00900000000001,1953779.5259,290.482,4517.68,159,29.3117
4.7410000000000005,7439.79,2923.08,0.39289,64.8899,1046345.3246,106.307,3892.38,70,37.3798
1.993,6417.44,1632.57,0.25439,67.3858,889270.7721,79.0851,3604.2,28,37.1261
9.763,5890.85,2006.28,0.34057,66.2182,799593.6184,79.8038,3076.39,75,39.5004
11.550999999999998,4355.28,922.88,0.21189000000000002,41.1723,578464.5859,51.6094,2480.31,9,43.6426
11.363,6221.12,1912.4,0.3074,63.5604,869079.0613,89.5261,3056.77,16,39.6491
17.334,6236.35,2473.85,0.39668000000000003,56.0522,822555.6825,103.846,2810.74,49,40.2534
10.623,7624.72,1829.08,0.23988,69.6308,1063519.5974,86.4051,3348.38,26,39.0585
17.615,11677.6,4560.75,0.39055,98.1069,1599650.7302,181.958,4527.16,86,31.2598
3.594,11085.2,3479.13,0.31385,164.148,1522944.7413,211.55,4803.03,66,28.5504
4.324,12302.2,4152.98,0.33758,155.0,1720667.9758,169.22299999999998,5149.08,36,28.4183
2.715,13028.2,3176.0,0.24377,136.03799999999998,1805518.7971,145.29,4550.21,57,30.4592
5.825,7390.2,1430.31,0.19354000000000002,60.7018,1020260.5874,79.8514,2995.77,19,38.9947
2.08,12230.9,3319.2,0.27137,146.246,1762455.8614,168.571,4670.14,26,29.0425
19.766,8400.37,2673.26,0.31823,111.859,1206357.2069,157.03,3177.87,127,38.3957
1.641,5986.52,1950.7,0.32584,68.0371,827208.1972,88.6902,3028.66,40,40.2714
10.86,7815.74,1418.78,0.18152000000000001,61.4496,1090822.8409,80.5384,2959.31,35,38.6107
4.7989999999999995,5471.12,1423.98,0.26027,64.2323,696703.3068,88.6746,2975.7,23,46.5464
20.311,12476.1,3883.97,0.31131,112.319,1822893.5769999998,165.662,3627.56,153,36.2172
7.16,6184.8,1336.49,0.21609,70.7873,863367.8088,79.1731,2865.91,67,39.2243
10.775,4398.88,1610.87,0.3662,37.3497,608731.5302,56.4911,1438.46,51,44.3538
10.306,6620.75,2298.81,0.34721,61.8589,882422.9761,101.501,2778.98,42,38.845
16.254,10141.7,3926.3,0.38714,69.5661,1440665.8382,140.275,5452.5,62,29.831
2.211,6086.17,1871.92,0.30756,60.034,848522.5118,77.8421,2697.55,44,40.6143
20.278,14085.0,3103.48,0.22033000000000003,147.891,1924917.0807,184.89700000000002,4052.23,111,32.3824
16.285,9332.83,3412.26,0.36561,71.8862,1312828.4371,131.946,4187.08,76,33.8513
2.85,6974.4,2166.64,0.31065,53.5844,909426.5389,115.196,5778.44,21,40.5868
11.262,15908.3,6334.33,0.39816999999999997,135.59,2274650.4487,227.372,5413.07,84,25.4608
0.655,8305.65,2240.0,0.26969,88.9929,1171002.1459,131.76,3131.55,5,37.4722
2.075,9471.15,2521.44,0.26621999999999996,106.897,1339972.2581,146.773,3926.11,43,33.0112
1.9,9803.46,2498.32,0.25484,103.639,1383115.4634,150.047,3938.19,38,33.2161
18.118,12138.2,4678.62,0.38544,103.15899999999999,1688798.5334,178.922,5206.72,78,24.7357
1.182,14940.9,3689.94,0.24695999999999999,184.622,2104849.3761,214.553,5713.2,65,22.938000000000002
11.197000000000001,20281.4,6971.02,0.34371,211.512,2793165.8813,337.598,6089.74,207,20.3429
13.561,8077.33,1955.89,0.24214000000000002,69.5043,1134998.6449,102.85600000000001,3542.57,16,36.7329
2.0380000000000003,12738.5,3319.0,0.26054,160.43200000000002,1812639.852,198.05,4687.58,85,30.4146
9.561,11824.0,3473.07,0.29373,89.9697,1637294.8545,160.489,5013.12,52,31.0827
2.559,18455.8,5466.32,0.29618,252.703,2509445.3867,317.809,5713.62,326,21.4511
3.4589999999999996,5986.41,2132.19,0.35617,48.4739,849319.8752,79.9289,2551.36,30,41.9218
5.263999999999999,6395.68,2377.96,0.3718,60.1708,844352.3106,100.714,2888.08,33,39.787
2.211,14618.4,3275.29,0.22405,169.301,2059223.045,221.36599999999999,4561.76,33,29.4244
8.183,6961.36,1958.17,0.28129,59.4235,942780.4279,89.3243,3320.61,57,38.7027
11.9,4779.08,875.98,0.18329,51.2497,641510.1883,66.123,2349.57,45,41.5721
2.7239999999999998,14292.9,4289.79,0.30013,166.24900000000002,1951891.6630000002,247.59900000000002,4785.18,23,27.6203
3.42,9216.49,2970.96,0.32235,76.551,1269742.9923,127.155,3623.28,66,37.662
3.3739999999999997,13484.5,4558.04,0.33802,161.142,1854907.9044,197.07299999999998,5119.61,69,26.769000000000002
7.962000000000001,17719.8,5364.28,0.30272,208.831,2442434.8259,287.60900000000004,6201.43,241,21.0209
12.353,9523.24,2742.45,0.28797,71.0074,1371881.0282,113.26299999999999,3354.02,65,38.0613
4.103,8623.84,2945.07,0.3415,90.9065,1212781.2235,128.235,3718.89,14,35.2932
1.985,5713.37,1432.75,0.25077,43.5525,807535.6652,64.2814,2456.81,10,41.5334
11.807,12966.1,4335.88,0.3344,153.171,1794138.7977,218.03799999999998,4662.19,166,29.3616
1.828,11794.3,3047.7,0.2584,156.509,1694956.7711,173.148,4688.03,29,29.2907
15.679,11398.3,4431.47,0.38878,91.8027,1618126.9618,166.90099999999998,5910.38,86,32.084
1.554,12972.8,3884.2,0.29941,156.683,1820019.5344,233.47400000000002,4348.59,72,29.9852
5.176,17127.9,4145.7,0.24204,227.75400000000002,2357634.9612,294.613,5240.26,217,23.919
2.7310000000000003,12772.9,2749.79,0.21528000000000003,132.017,1781147.5505,149.92,4529.44,61,29.0774
9.915,3742.92,1401.01,0.3743,25.1068,509468.7111,49.3395,1466.66,14,44.29600000000001
15.882,10001.0,4343.45,0.4343,76.0407,1367879.9582,154.031,4191.76,68,36.3329
2.359,4796.48,1490.66,0.31078,45.6829,662032.4096,61.2034,1881.35,15,42.9628
4.933,8701.81,2661.25,0.30582,68.5698,1168834.5106,123.98200000000001,5070.04,65,46.5464
2.248,14700.5,4316.59,0.29363,208.738,2034181.8326,260.971,5132.84,143,25.193
17.441,8392.09,3236.17,0.38561999999999996,92.0892,1186567.6781,109.684,3610.23,42,35.6459
3.1189999999999998,14624.6,4183.16,0.28603,183.428,2051794.5786,233.46599999999998,4602.31,18,29.3072
1.2890000000000001,5772.31,1396.01,0.24184,56.8611,796262.391,83.6407,2631.84,23,40.9908
18.111,7021.37,2736.7,0.38976,67.0207,965010.7420000001,108.149,3435.18,46,36.059
2.529,4584.85,972.6,0.21213,43.6891,624457.7658,68.7765,2640.03,13,42.8871
7.9110000000000005,6995.31,2305.71,0.3296,67.661,1003885.6013,99.5618,3025.16,68,39.510999999999996
2.47,15317.4,3883.4,0.25351999999999997,198.524,2140544.1857,248.042,5031.22,123,26.7428
13.719000000000001,7148.86,1624.37,0.22721999999999998,64.8485,978787.3256,100.859,3356.57,62,38.4194
3.7969999999999997,12699.4,3554.37,0.27988,150.792,1749121.3390000002,182.52900000000002,4608.34,40,29.5631
12.498,8684.27,3761.27,0.43311000000000005,77.408,1180459.4157,130.358,3315.77,38,38.4474
1.8230000000000002,12938.7,2754.68,0.2129,168.31900000000002,1752707.8606,206.417,4777.36,104,28.4354
15.464,8754.23,3321.04,0.37936,79.5388,1211276.6932,129.715,3800.4,65,35.169000000000004
2.148,14668.8,3985.26,0.27168000000000003,191.172,2019402.6046,212.90200000000002,4595.6,165,28.6365
20.171,13988.6,5276.35,0.37718,97.1275,1946322.4272,203.34799999999998,10442.82,81,34.7213
10.578,6713.94,1758.1,0.26185,75.695,935634.493,76.3877,3259.42,33,37.5963
1.608,8185.59,2254.99,0.27548,95.7386,1118260.1769,120.065,3216.89,82,38.7092
2.559,13205.2,4448.13,0.33684000000000003,168.982,1933005.6212,266.289,4841.42,78,27.0556
3.161,6041.67,1765.39,0.2922,53.6524,853559.9174,75.0364,3294.59,49,39.7796
13.407,7608.15,2005.57,0.2636,78.1853,1013037.7175,99.8844,3393.39,28,37.4369
18.636,12339.4,4485.74,0.36351999999999995,150.595,1740629.7259,188.995,4733.26,43,30.8807
2.131,8112.7,1677.48,0.20676999999999998,79.0835,1140630.4459,102.134,3769.54,15,34.1705
12.562000000000001,8297.38,2363.29,0.28481999999999996,65.6321,1100688.3823,104.23299999999999,3914.76,25,33.7699
14.654000000000002,7009.64,2382.8,0.33993,59.9351,970126.3733,96.7408,4131.06,79,36.0789
16.424,10059.6,3989.92,0.39662,106.971,1411523.0232,161.079,5071.29,51,30.2475
7.643,5827.58,1904.55,0.32681,54.16,800103.6196,78.7807,3189.76,10,39.5049
2.3369999999999997,8324.1,2552.58,0.30664,98.1492,1123521.9362,126.184,3260.23,77,38.5114
15.46,7862.41,2170.7,0.27608,72.0358,1138297.1479,93.2272,3862.43,19,37.48
13.798,18963.3,5846.64,0.30831,208.438,2611684.827,305.555,6055.0,231,20.1524
3.485,19542.5,6276.43,0.32116,263.422,2697536.5196,329.89300000000003,5596.25,89,23.1701
3.219,8475.03,2935.49,0.34636,97.525,1175382.9675,138.585,4147.76,114,35.6352
15.508,9077.29,3302.23,0.36379,76.8086,1239755.5619,136.79,4318.22,107,32.6447
3.0010000000000003,6454.54,2267.54,0.3513,64.22,818125.1028,106.006,3132.13,25,37.9548
5.855,9000.35,2330.94,0.25898000000000004,110.84200000000001,1225186.9614,151.433,4041.3,41,34.0294
17.633,12254.8,2593.55,0.21163,89.7405,1685620.6999,129.92,4944.02,155,35.268
2.2840000000000003,6881.46,1886.75,0.27416999999999997,66.2187,944124.5762,82.78200000000001,3105.15,91,38.1773
3.555,16683.1,3958.49,0.23726999999999998,209.15099999999998,2302785.3141,255.62,5239.05,155,25.1455
8.265,8097.7,1789.03,0.22093000000000002,96.775,1130909.2117,112.664,3955.99,88,34.5224
2.8680000000000003,18616.4,5639.31,0.30291999999999997,233.78099999999998,2640143.1686,292.589,5754.98,120,20.8927
6.74,15354.0,5087.48,0.33134,164.36,2095976.7908,205.40400000000002,5036.29,69,27.4565
13.468,5474.79,1232.7,0.22515,40.1631,759616.9032,84.8907,2779.0,27,42.3451
0.93,8475.15,1555.37,0.18352000000000002,77.3099,1208943.5014,99.4633,3914.98,14,34.9337
5.919,13006.4,3844.08,0.29555,191.394,1716971.3823,218.174,5055.4,80,27.0712
17.979,12176.6,3240.07,0.26608000000000004,118.671,1720538.2843,127.87899999999999,4284.76,144,31.4439
18.365,8438.31,3315.91,0.39295,83.4785,1131510.9555,121.069,4204.99,52,33.1026
1.98,11234.2,2920.25,0.25994,126.49600000000001,1547959.2147,167.877,4495.81,97,31.1431
1.755,10044.8,2644.27,0.26324000000000003,120.22,1378685.3425,168.233,4604.79,75,30.1701
12.818,8992.09,2340.11,0.26024,72.8667,1225376.2196,99.3815,4255.59,43,39.7624
8.087,4936.74,1202.23,0.24352,52.9493,641557.4068,70.6325,3081.54,30,40.8271
15.745,8077.73,2846.93,0.35244000000000003,66.8449,1172989.7249,115.262,3057.69,57,36.8777
1.81,5193.42,916.32,0.17643,43.1162,742815.5827,63.4704,2222.37,77,42.5262
20.132,8977.44,2598.57,0.28945,96.3065,1229411.6306,99.6737,3878.03,12,35.0767
4.01,9590.42,3467.83,0.36159,83.6101,1382072.2216,137.636,4207.36,52,37.8923
4.819,13100.8,4773.97,0.3644,158.227,1823647.5598,205.544,5070.19,117,27.3116
8.209,5889.21,1924.69,0.32681,56.0572,812109.3893,82.2289,3175.28,17,36.7287
16.218,14648.2,5659.9,0.38638,129.787,2099791.2964,224.59099999999998,5393.25,80,25.1356
2.292,13488.2,3033.77,0.22491999999999998,203.769,1870448.3961,236.207,4968.56,128,26.6967
12.787,7188.96,2546.82,0.35425999999999996,62.7791,1054620.1054,85.5091,3653.86,26,37.1247
2.555,9585.46,2373.55,0.24761,116.396,1317024.2239,136.911,4149.27,126,33.0377
1.5730000000000002,13874.4,4159.59,0.2998,157.335,1940054.239,245.812,4465.81,85,30.7289
4.729,9503.71,2888.27,0.3039,84.242,1351606.3290000001,130.99,4222.24,73,28.2547
18.048,10025.6,2988.56,0.29809,96.4088,1443977.4717,152.204,4205.67,151,32.0976
19.137999999999998,11170.1,4164.33,0.37281,95.3779,1595748.8662,145.305,4318.98,86,35.6027
4.749,5874.73,991.92,0.16884000000000002,53.0944,787726.4496,65.6966,2942.63,36,39.491
10.081,9318.02,2934.99,0.31498000000000004,60.9561,1303372.2602,119.325,2957.71,15,33.0324
1.585,6794.82,2568.48,0.37799999999999995,81.6157,932451.7804,95.8625,3279.24,59,38.5939
15.940999999999999,7287.05,1893.42,0.25983,69.1407,1000305.853,110.565,3339.48,91,38.0338
5.2589999999999995,13101.9,5012.78,0.38259,142.404,1851510.0865,183.22,4452.13,43,30.4782
4.445,20868.1,8694.85,0.41665,164.821,2832908.4112,371.241,10010.84,60,30.7166
19.105,16841.2,4697.64,0.27893,153.033,2335364.9789,195.16,6067.67,148,20.421
1.043,5279.17,1136.55,0.21528000000000003,45.9736,757722.5142,70.9922,2852.09,58,40.2008
11.508,12591.8,3541.28,0.28123000000000004,131.914,1764943.4914,170.812,5342.15,70,28.2852
16.857,10871.2,4433.23,0.40779,77.051,1471923.6996,173.447,4144.58,89,33.1393
1.364,23784.7,5446.79,0.22899999999999998,318.53700000000003,3270680.8025,396.23699999999997,6283.74,159,19.6889
3.3489999999999998,6844.29,2791.26,0.40781999999999996,49.0322,949677.4149,99.7857,3319.61,35,39.3545
1.7890000000000001,7735.15,1410.32,0.18232,78.4447,1086499.6736,99.1026,3744.93,11,34.4309
17.146,13998.9,3879.3,0.27710999999999997,144.356,1905013.3296,204.013,4162.8,136,31.1741
2.472,4127.25,1108.49,0.26857,36.0892,588426.534,47.5134,1779.53,13,42.4857
14.901,8975.46,3503.84,0.39037,96.4804,1217244.6766,150.856,3893.39,71,35.8891
14.738,8722.02,3496.2,0.40084000000000003,73.8066,1182463.5803,127.478,3372.47,15,37.3539
12.324000000000002,6309.11,2212.94,0.35075,60.1159,817808.6367,105.189,2813.11,5,39.7647
3.056,16218.9,4695.0,0.28947,229.858,2266633.9866,283.613,5643.02,124,21.4733
4.298,8896.36,4045.23,0.4547,86.0511,1242482.5221,147.491,3688.3,119,35.1287
1.354,7178.6,2897.33,0.4036,65.9215,1058765.7271,98.7509,3224.25,30,38.8729
2.2880000000000003,9927.02,2793.26,0.28137,99.5407,1357404.2959999999,149.45,4125.0,119,33.1625
16.768,7133.85,2285.43,0.32036,64.161,1033485.5390000001,88.5247,4687.9,40,40.6267
2.445,9710.73,2591.3,0.26684,100.37299999999999,1349463.9004,135.421,4361.38,39,33.1006
1.8940000000000001,6733.57,2230.36,0.33121999999999996,61.5608,927276.8743,102.395,3527.66,72,37.6606
1.985,9990.68,3052.34,0.30551,100.74600000000001,1413136.9222,130.124,3689.55,135,35.7258
1.5930000000000002,11985.5,2144.31,0.1789,144.866,1684041.9586,171.17,4637.38,150,29.7813
13.49,6641.57,2584.43,0.38911999999999997,61.9914,890136.9471,111.96799999999999,3515.17,64,37.946
3.1489999999999996,6261.42,1744.77,0.27865,64.9256,822332.8367,84.1224,2562.02,39,36.9038
2.1790000000000003,5759.51,1477.49,0.25653000000000004,61.1177,725385.8396,88.0553,3092.7,16,39.425
2.301,6375.54,1534.91,0.24074,61.6334,892370.2735,83.6786,2980.8,93,38.905
9.361,7295.53,3212.04,0.44027,83.3108,897424.6922,135.65200000000002,2439.11,118,39.766
4.216,15589.5,4964.43,0.31844,171.933,2154767.5326,228.555,4955.12,129,28.8047
4.41,4413.7,848.9,0.19233,37.5892,590497.8094,55.6837,2577.44,20,43.4167
13.873,12438.3,4074.3,0.32756,126.93299999999999,1721595.5912,172.954,4667.76,82,30.0242
8.332,7725.89,2859.45,0.37011,72.6212,1039413.5646,114.618,3843.09,66,33.9883
4.69,14682.0,3665.28,0.24964,181.933,2078598.4176,231.44400000000002,4993.62,92,27.3775
0.6859999999999999,12400.3,2398.85,0.19345,147.718,1682609.6286,192.262,4831.17,146,29.8316
15.681,17245.0,6217.29,0.36052,192.67,2360261.3889,278.762,5967.51,120,25.934
2.0340000000000003,3747.39,1170.28,0.31229,32.6855,512832.7023,47.9021,1349.47,23,44.4935
10.186,10464.6,3998.55,0.3821,36.0911,1436914.7356,145.1,3840.67,66,35.7313
20.303,10909.7,4238.74,0.38852,118.617,1478068.9213,190.347,4603.93,96,31.6046
14.937000000000001,6653.3,1827.32,0.27464,53.4037,874389.9496,83.9578,2956.02,55,38.6541
13.187999999999999,5372.17,1300.35,0.24205,47.2013,687212.8161,71.4494,2148.96,32,42.8554
0.0,8589.53,1928.45,0.22451,58.7719,1203016.7752,95.4863,3379.23,23,41.3394
1.7280000000000002,5875.78,1309.46,0.22285,61.0669,804098.7579,74.0183,2806.11,22,40.1911
16.122,6482.34,1915.6,0.29551,62.6261,874409.9146,93.07799999999999,3498.29,72,38.4629
10.752,4367.84,1190.85,0.27264,37.4579,610000.6218,53.8557,1823.81,36,44.5069
14.825,6647.93,2405.73,0.36186999999999997,60.2299,890125.1562,104.415,3261.89,71,38.6276
9.32,6988.95,2550.87,0.36498,56.6981,1005273.4442,86.3126,3253.2,17,39.0909
17.486,7453.46,2741.81,0.36785,66.3552,1048018.9909,110.98299999999999,3122.99,47,37.894
8.382,10017.3,2116.45,0.21126999999999999,95.6261,1398400.1333,123.66,4272.72,33,31.1953
2.3,5952.74,1498.16,0.25167,45.5538,836942.0462,61.2427,2469.7,13,42.1576
15.745999999999999,7605.52,2604.66,0.34246,68.4076,1064938.784,99.9642,2990.17,16,38.8811
11.190999999999999,4682.83,1635.61,0.34926999999999997,34.8794,665037.5552,60.8056,2594.31,53,43.162
10.555,8253.95,2842.95,0.34443,88.4568,1135219.0556,139.725,3030.2,70,39.5902
5.367000000000001,8224.33,2476.91,0.30116,85.8881,1099706.7155,136.667,3612.63,35,35.0813
2.9539999999999997,6458.15,1575.05,0.24388,59.8599,910054.5385,86.4615,2978.73,98,38.661
1.8319999999999999,3494.67,899.72,0.25745,36.8341,497195.5328,41.7431,1777.51,12,44.5346
10.744000000000002,4281.6,1302.35,0.30417,35.4302,614156.2294,53.5059,1892.89,23,44.2247
1.868,3864.45,1490.33,0.38565,26.1381,523639.2538,50.4488,1479.76,4,44.9333
10.472000000000001,8548.67,2997.09,0.35059,103.10600000000001,1175325.862,137.265,3691.87,33,34.5338
13.296,9750.57,2465.29,0.25283,99.5155,1354356.6455,107.141,3443.12,31,35.8411
1.969,6869.47,1921.88,0.27976999999999996,67.5066,945373.073,87.2108,3035.73,45,39.8016
0.857,9417.74,2405.39,0.25540999999999997,103.025,1329610.4271,155.013,3807.11,11,34.2771
1.797,7130.77,2051.04,0.28763,66.0467,1004832.7335,90.6921,3597.11,32,37.9533
2.097,10612.6,2598.73,0.24486999999999998,124.87200000000001,1442910.4430000002,152.22799999999998,3643.52,26,34.8362
15.715,5782.86,1784.39,0.30856,40.8771,806549.3188,75.5094,2911.95,41,41.4666
10.448,7286.47,2228.76,0.30587,61.5953,986351.2432,101.03200000000001,3810.71,44,37.2226
1.143,8111.38,2196.69,0.27081,90.5138,1120188.6451,115.21799999999999,3085.8,29,37.3126
5.792000000000001,8676.53,2512.11,0.28952,81.1601,1211800.5924,104.617,4265.89,63,36.4085
1.774,8267.15,2781.06,0.33639,68.0857,1129027.6243,114.90799999999999,3584.27,51,39.6571
3.8,3377.29,1407.38,0.41671,10.3101,459482.7146,43.867,1465.72,32,43.8488
2.391,12773.2,3561.78,0.27884000000000003,141.86,1745283.5927,203.601,4555.01,37,30.1378
8.152999999999999,9093.67,2660.46,0.29256,75.4685,1284952.1231,115.09700000000001,4081.86,23,34.2681
12.96,5113.9,1831.45,0.35813,36.816,715972.5479,75.8518,1925.99,22,43.3572
9.537,4815.92,1036.81,0.21528000000000003,45.4017,668893.9166,55.9071,1881.7,12,43.5964
7.553,15837.4,4890.65,0.3088,184.37,2185950.167,267.95599999999996,5273.34,100,25.2174
4.494,9794.02,2288.35,0.23364000000000001,110.744,1358980.595,131.828,3782.3,76,35.2262
13.982000000000001,6551.03,1832.98,0.2798,61.0828,890490.4302,98.3738,3067.8,57,39.7903
4.501,14771.9,4740.29,0.32089,163.799,2130677.8009,268.07099999999997,4937.0,103,26.8319
9.666,8004.76,1807.17,0.22576,69.5732,1131034.4568,89.2158,3155.75,26,38.3591
2.7289999999999996,13219.1,3914.28,0.2961,149.496,1786237.0472,190.72400000000002,4825.87,68,30.6133
2.1519999999999997,17666.4,4934.8,0.27933,215.795,2456166.8928,280.77299999999997,5704.39,200,22.1017
11.401,4525.85,1128.84,0.24941999999999998,42.9861,620061.9061,69.1338,2368.24,26,41.0991
7.553,5305.19,1772.52,0.33411,31.8575,764135.4265,67.4688,2360.52,50,43.3082
1.442,21873.9,6139.23,0.28065999999999997,293.678,2974991.0088,316.473,6637.12,290,18.7305
3.908,7829.37,2024.19,0.25853000000000004,76.5839,1115648.0147,118.459,3298.05,34,38.1053
1.942,5309.1,1568.41,0.29541,44.5376,737971.9312,65.4238,2024.12,19,43.086999999999996
1.835,12514.5,3742.53,0.29905,157.192,1727968.4863,208.87099999999998,4743.87,198,27.3349
1.8259999999999998,7320.01,2014.67,0.27521999999999996,68.6974,1012993.4602,92.5516,3112.75,46,39.4566
4.547,7839.55,1984.78,0.25317,87.58,1070485.024,127.899,3489.75,38,36.4099
3.918,13260.1,3639.05,0.27443,131.254,1836430.0582,178.67700000000002,4678.17,67,28.8286
14.13,5616.15,2388.87,0.42535,50.6705,819220.4616,83.5623,2327.62,85,41.3426
1.335,7569.76,2790.11,0.36858,64.8508,1105201.1691,101.537,3229.16,28,38.7872
1.9080000000000001,8152.63,2399.08,0.29427,92.448,1104877.2153,120.786,3291.59,72,38.2882
0.7609999999999999,9713.32,2049.38,0.21098000000000003,93.5252,1376957.967,144.562,4326.35,47,33.4361
15.77,8239.46,2896.42,0.35153,88.5703,1104771.3044,114.8,3650.81,40,36.4119
2.906,11139.1,2995.9,0.26895,148.071,1579023.9226,155.89,4081.81,126,32.4557
2.332,10138.3,3994.72,0.39402,136.654,1347179.7705,189.003,4515.2,179,30.4759
2.524,7689.92,1969.02,0.25605,69.8683,1041274.8631,90.0886,3624.65,118,34.7265
1.906,15688.7,5568.02,0.3549,186.875,2195843.3249,251.729,4372.48,42,26.3271
6.824,8283.02,2276.46,0.27483,71.5612,1112125.9207,111.001,3447.61,47,37.1841
16.477,7852.51,2174.23,0.27688,77.1774,1095449.3868,87.7328,3354.68,50,37.4031
3.8819999999999997,14402.9,4377.31,0.30391,148.47799999999998,1938994.8942,213.511,5056.68,72,31.6063
1.973,11216.4,4097.53,0.36530999999999997,137.12,1510200.3906,196.533,4609.61,145,30.6986
7.662000000000001,7808.36,3377.74,0.43256999999999995,66.346,1094198.0176,116.307,2412.56,72,40.3593
4.273,7852.84,2053.6,0.26150999999999996,75.9471,1114242.2855,103.40799999999999,3312.22,25,38.1546
5.6370000000000005,8122.11,2712.19,0.33392,79.0801,1108206.8789,110.96600000000001,3049.51,17,38.5117
17.695,6738.21,1951.1,0.28955,57.1142,937642.2917,99.8387,3053.04,12,37.2038
4.643,15878.7,5570.86,0.35083000000000003,163.465,2300360.4238,252.67700000000002,4995.05,61,28.4157
3.654,10523.1,3058.76,0.29067,98.2938,1472048.9043,144.958,3923.31,115,31.5758
2.4330000000000003,6883.16,2169.43,0.31517,64.5427,949959.2788,98.15,3146.3,49,39.4285
10.312000000000001,7312.15,2415.12,0.33028,93.1727,965011.4719,118.986,4446.97,110,32.7377
2.523,16297.3,5820.12,0.35712,190.625,2277994.3101,284.47,5631.29,159,24.3891
14.372,8275.91,2776.05,0.33543,73.2396,1099108.6872,127.64299999999999,3583.81,82,34.4232
2.628,6653.55,2150.13,0.32315,55.5955,920127.844,91.6135,2784.56,39,40.5265
1.788,7661.83,2590.37,0.33808,87.2654,1076590.3013,118.055,3119.78,25,36.8387
13.885,6635.97,2807.56,0.42308,47.4492,946533.6938,112.306,3034.37,47,38.9766
1.589,5990.37,2074.76,0.34634000000000004,70.4351,831980.798,92.8265,3028.37,34,40.3605
1.425,3871.83,1178.1,0.30427,35.8058,528702.7727,49.505,1399.06,17,44.3129
2.443,4911.72,1303.11,0.2653,44.5547,689217.5164,56.7521,1956.45,15,43.4501
19.892,8901.18,2622.41,0.29461,92.4999,1213328.8849,101.262,3570.88,89,35.9578
2.299,10872.0,2590.97,0.23831,124.86399999999999,1475359.5626,159.925,3638.07,24,34.7357
2.815,16767.9,5992.96,0.3574,239.541,2253318.5119,265.741,5417.87,132,19.5693
1.831,13009.7,3163.23,0.24314000000000002,162.638,1832534.2466,201.112,4986.37,211,27.9395
0.5660000000000001,7854.28,1976.45,0.25163,95.6279,1096999.462,121.97399999999999,3217.49,4,33.3261
1.6369999999999998,6067.55,1561.69,0.25738,59.2028,829379.3311,78.6865,2884.98,17,40.0919
2.2359999999999998,4911.5,1487.09,0.30277,45.0991,678333.5184,60.7722,1884.09,15,43.66
4.604,17640.6,5772.2,0.32721,175.702,2383875.8812,273.499,5507.17,101,23.6884
15.651,8720.85,2979.16,0.34160999999999997,65.741,1206635.2165,113.874,3367.37,32,39.5833
10.201,5350.57,1563.81,0.29225999999999996,39.8405,721025.5099,89.62899999999999,2642.23,27,42.5347
3.8360000000000003,12950.3,3976.25,0.30703,155.395,1809009.8048,210.13400000000001,4794.5,101,28.4906
4.596,7042.16,1935.04,0.27476999999999996,62.592,962553.897,99.0068,3100.39,43,37.3834
1.8980000000000001,8739.48,2231.41,0.25532,85.2271,1187293.0089,114.478,3740.87,34,34.9704
1.9269999999999998,10721.9,3452.16,0.32197,128.541,1420548.7271,162.711,4098.37,45,33.5675
19.232,9342.23,2846.27,0.30466,132.115,1283312.8796,198.997,4040.07,80,32.7062
17.637999999999998,18195.5,8301.0,0.45621000000000006,211.808,2586290.1695,317.17900000000003,5103.06,148,25.9457
1.6369999999999998,6030.34,2118.21,0.35125,71.4413,838299.957,91.3476,3051.03,36,40.1979
4.302,11735.6,4119.37,0.35101,126.296,1689517.9104,172.858,4421.1,140,31.578000000000003
0.934,8158.19,2228.16,0.27310999999999996,90.2833,1118216.1899,114.209,3101.73,21,37.1514
3.718,19617.7,6467.48,0.32966999999999996,139.433,2686272.6535,272.7,5866.39,187,22.2207
3.258,13036.0,4021.9,0.30851999999999996,135.256,1826319.2958,166.873,4253.49,31,31.7591
19.887999999999998,12938.7,4759.23,0.36782,127.715,1796932.4697,195.104,4950.95,115,29.479
1.655,11601.5,3496.95,0.30141999999999997,102.064,1592569.8893,169.78799999999998,6363.78,122,34.2328
2.637,7696.18,2667.01,0.34653,69.9726,1063564.8574,105.538,3205.2,15,35.5074
3.15,6830.52,2404.19,0.35197,65.3707,912768.0256,103.789,3147.46,30,40.1021
3.6439999999999997,7506.47,2068.84,0.2756,71.7192,1025393.8723,101.399,3348.11,93,37.4396
1.716,15289.3,4744.03,0.31028,210.27599999999998,2131385.7325,254.365,5337.42,264,24.6509
1.6219999999999999,11667.3,3147.8,0.26979000000000003,150.612,1667577.0815,171.287,4664.19,21,28.6899
8.641,13787.1,4271.98,0.30985,155.793,1880892.1979,211.30200000000002,5474.8,12,34.8459
5.775,17092.3,5376.28,0.31454,189.729,2347604.7658,232.187,5500.4,86,24.0064
13.485999999999999,6376.66,2004.79,0.31439,60.0094,821679.1782,101.071,2894.36,5,39.8616
10.773,10468.3,3108.86,0.29696999999999996,119.449,1424697.6024,154.507,4385.53,127,31.2144
14.960999999999999,7837.68,1480.94,0.18895,74.5484,1084192.9186,88.1095,3388.04,77,37.6967
2.8080000000000003,5083.78,2053.82,0.40399,33.5027,719382.1368,72.319,1787.7,32,42.7972
5.625,9921.15,3234.63,0.32603000000000004,108.18700000000001,1335437.9385,149.232,3854.82,42,33.4895
19.500999999999998,13450.0,4872.79,0.36228,108.475,1950471.3701,187.12599999999998,5525.39,95,25.6384
2.069,3984.29,1052.63,0.26419000000000004,34.6604,567504.3549,46.4259,1775.28,11,43.9934
14.12,6352.23,1535.65,0.24174,58.2115,867574.6978,82.4303,3128.65,32,39.2864
17.533,10571.6,4642.86,0.43918,89.2271,1407304.105,155.577,4306.02,41,37.9649
12.809000000000001,5386.73,1650.89,0.30646999999999996,38.9279,726084.0096,73.0234,2878.83,17,43.2953
9.095,9169.27,2454.85,0.26771999999999996,79.5751,1297840.241,123.10700000000001,4032.92,70,34.260999999999996
20.956999999999997,13193.8,4870.23,0.36913,136.039,1856503.9965,198.518,4836.05,152,29.0382
6.983,8226.2,2684.71,0.32636,81.4535,1127930.8193,106.178,3642.85,5,36.3425
0.858,9893.27,2761.1,0.27908,104.086,1359308.7797,163.007,4191.82,72,32.9473
19.433,16150.5,4243.43,0.26274000000000003,166.101,2269422.5131,205.981,5764.0,158,23.2437
10.102,4982.87,1871.02,0.37549,37.9915,681251.4608,76.1745,1526.17,7,44.2024
1.8119999999999998,6885.77,1946.66,0.2827,68.4164,923034.6191,93.5856,3010.63,19,38.9139
7.394,13206.1,4283.01,0.32432,163.85299999999998,1823533.5023,206.195,4993.96,137,27.6181
7.15,4651.06,1257.14,0.27029000000000003,38.3569,634284.945,63.6116,1453.86,13,44.1892
11.508,9227.25,3507.37,0.38011,95.0229,1293279.1283,113.68,3875.59,65,36.9907
1.554,5738.0,1249.71,0.21779,57.8085,794539.9417,77.5869,2687.37,23,40.8109
1.6369999999999998,7295.42,2424.45,0.33232,78.6818,1017313.4977,98.79899999999999,3725.87,35,35.8167
4.92,7565.0,2074.72,0.27425,73.1515,1012893.6966,110.44200000000001,3693.96,81,37.5813
2.045,6875.98,1992.27,0.28974,64.3416,969560.4064,90.8625,3597.79,31,38.0537
0.938,11289.3,2543.23,0.22526999999999997,153.93,1595596.8307,178.049,4597.71,54,30.0359
16.531,8248.85,2545.33,0.30856,85.5812,1088722.6102,130.819,3587.15,12,34.6473
14.110999999999999,7690.89,3057.96,0.3976,89.8193,1019282.5011,121.26799999999999,3495.22,32,37.7084
1.305,5580.02,1181.36,0.21170999999999998,50.9284,807864.378,70.0866,2872.23,57,40.2823
13.562000000000001,4958.76,2112.13,0.42593000000000003,48.7469,690488.2924,91.6629,2176.8,99,42.7276
12.696,8730.17,2502.75,0.28667,78.6909,1206960.9905,108.86200000000001,3676.23,55,37.3659
2.9619999999999997,7797.55,2055.25,0.26356999999999997,73.893,1086704.69,92.2287,3919.72,61,35.2452
1.6059999999999999,9689.97,2858.82,0.29502,79.3536,1393357.5481,133.789,4595.73,98,32.2589
6.367000000000001,9597.56,3297.93,0.34362,98.2273,1377070.8497,119.271,4137.55,90,33.0083
7.568,9217.19,3132.22,0.33981999999999996,78.205,1254230.2364,122.46700000000001,3858.95,94,34.7425
1.587,5430.96,1187.44,0.21864,52.5298,780782.1066,71.5471,2894.4,57,40.1504
7.9110000000000005,7226.21,2421.53,0.3351,68.3723,995880.4735,114.825,3173.77,39,37.8794
1.807,10490.6,3292.97,0.31389,132.489,1408817.1614,163.276,4092.23,40,33.7584
8.718,4198.24,1016.98,0.24223000000000003,31.853,591480.7937,44.5423,1956.68,51,44.7827
3.0210000000000004,12003.4,3766.38,0.31377,114.235,1718341.1998,182.283,4506.91,13,31.9201
11.011,4876.79,1534.56,0.31466,40.5163,673456.9693,60.4994,2569.65,57,41.816
3.326,8854.29,2430.52,0.2745,77.1971,1178646.2754,121.961,3299.54,17,36.9142
12.013,5719.31,926.42,0.16197999999999999,52.8835,800823.5853,71.8433,2928.11,24,40.5962
16.047,8272.9,3074.43,0.37162,81.3737,1129095.8627,112.309,3151.03,28,37.6156
4.053999999999999,12498.2,3164.07,0.25316,136.592,1739209.1548,172.597,4783.28,49,29.397
4.673,13088.4,4060.45,0.31023,167.563,1775007.9658,215.64700000000002,4772.95,109,28.7605
13.322000000000001,7822.63,2049.76,0.26202,86.8229,1043414.9759,97.8912,3400.14,48,38.1725
3.5669999999999997,9266.47,2567.34,0.27705,63.8848,1263124.5978,127.184,3583.71,31,33.7687
20.114,9331.93,3025.87,0.32424000000000003,75.6946,1270747.1458,127.99,4045.2,68,29.3951
2.737,12492.7,3170.89,0.25381,163.22299999999998,1757335.2033,193.148,4687.3,106,29.3253
7.697,8122.68,1646.57,0.20271,83.4574,1148635.0351,95.7777,3399.45,16,34.2588
10.167,12037.0,3615.92,0.3004,130.005,1670186.6777,167.50799999999998,5111.2,70,29.0276
3.665,8764.35,2405.4,0.27445,99.2307,1231852.5916,144.44,3600.68,31,32.3534
0.0,12809.5,1935.05,0.15106,151.828,1729134.9015,201.00599999999997,4828.54,65,46.5464
3.221,10062.3,2642.29,0.26259,115.58,1416714.6419,156.047,4212.0,55,33.0874
4.468999999999999,14734.3,4305.26,0.29219,174.672,2036361.0271,234.764,4869.87,116,28.7914
12.194,6310.31,2251.74,0.35683000000000004,71.2212,875259.7818,108.13799999999999,3010.2,95,38.9711
2.408,8894.35,3110.92,0.34976,92.2818,1200809.0323,125.24,3345.91,80,38.0448
12.777000000000001,7195.87,2504.34,0.34802,70.5776,999434.4756,109.539,3594.62,20,36.0326
0.6579999999999999,8893.95,2487.07,0.27963000000000005,104.806,1223701.6184,146.804,4072.26,75,33.6084
0.757,14411.1,4138.22,0.28715,191.597,2006462.8885,220.84599999999998,5621.22,138,27.8857
1.29,15024.1,3890.08,0.25892,184.361,2119913.7277,218.145,5697.0,63,23.0261
19.822,10172.0,4246.1,0.41743,93.4814,1425845.7126,164.967,3782.75,112,34.6508
5.377000000000001,12905.1,3598.62,0.27885,156.417,1799214.7469,202.988,4595.06,107,29.924
5.489,11356.3,3924.35,0.34556,130.339,1519322.9534,190.99099999999999,4209.94,58,33.5813
11.137,11584.8,4144.66,0.35775999999999997,94.3082,1629407.6704,167.11,4748.76,92,33.2782
2.11,8131.87,2452.54,0.30159,86.6092,1152667.4846,122.459,3561.87,86,36.8296
18.664,12918.2,4433.15,0.34317,166.459,1814435.8066,227.078,4951.8,158,27.8651
15.492,5483.74,1153.48,0.21034,58.1199,742926.0934,94.2657,2776.72,21,46.5464
5.026,4268.34,1080.62,0.25317,30.2149,595806.9459,49.7492,2069.23,42,44.5321
2.452,8271.27,2356.68,0.28492,89.3558,1171606.4065,100.45100000000001,4075.72,33,35.2039
15.254000000000001,7147.39,1712.72,0.23961999999999997,56.4263,975226.0117,93.7537,3210.62,33,37.8959
0.0,10772.4,3747.81,0.3479,108.169,1496005.0832,178.063,4596.29,55,30.9398
1.314,11097.7,2435.68,0.21946999999999997,128.483,1520375.261,175.957,3932.69,50,32.9968
2.041,6872.55,2347.39,0.34156,76.9236,934204.8516,98.0341,3237.84,59,38.6396
20.26,17675.2,7942.59,0.44936000000000004,127.272,2506353.0998,282.466,7163.07,155,23.4202
1.89,15135.3,5831.18,0.38527,158.751,2125564.9727,207.291,5240.87,37,29.162
5.4079999999999995,13310.7,4674.4,0.35117,153.35399999999998,1854865.4555,214.265,4952.85,79,27.6821
2.451,9985.58,3766.82,0.37722,102.853,1401376.0472,140.908,3826.14,9,35.3018
12.955,7576.44,2269.99,0.29961,67.3124,1043978.9669,112.26799999999999,3239.63,61,38.5038
3.109,13698.8,3814.33,0.27844,178.078,1956670.3636,257.513,4808.68,93,46.5464
19.848,23442.8,10688.2,0.45592,198.416,3157388.1619,382.955,5450.5,102,23.8974
6.57,17183.5,6040.88,0.35155,164.56900000000002,2357951.1234,253.21400000000003,5203.58,114,26.1076
8.632,7679.83,2339.24,0.30459,65.4757,1063807.1396,94.7386,3453.48,49,38.2929
2.338,11712.2,2986.5,0.25499,135.713,1597826.8003,150.287,3943.24,229,32.5641
1.288,15056.2,3770.6,0.25043000000000004,181.11900000000003,2119377.081,217.442,5707.29,64,23.0197
12.649000000000001,9586.61,3553.54,0.37067,93.5564,1377714.0041,148.54,3647.31,104,34.4178
15.06,7320.48,2866.78,0.39161,56.3266,991468.3292,118.365,2647.08,54,40.0389
6.428999999999999,20414.4,7615.74,0.37305,204.237,2922891.2049,335.13699999999994,18034.9,238,20.7391
15.134,12692.9,5906.01,0.4653,111.17399999999999,1839370.0463,200.50900000000001,5783.88,86,24.4352
3.6239999999999997,12179.5,3341.38,0.27434000000000003,168.265,1694996.5378,202.99,4762.09,66,28.7774
9.421,17200.4,5103.69,0.29671,185.04,2396173.1329,253.39700000000002,4930.14,55,26.9271
10.812000000000001,6597.18,1973.9,0.2992,60.4602,935101.6848,86.4215,3509.56,84,36.8664
13.415,4543.7,1309.78,0.28826,35.0594,633722.2328,53.4107,2181.76,16,46.5464
8.66,6512.03,1672.17,0.25678,57.2265,866663.9338,84.4814,3071.41,58,39.549
19.555,19125.8,8270.29,0.43241,200.675,2735471.3714,319.895,5073.0,113,25.0616
4.735,10410.3,2940.66,0.28247,101.68799999999999,1458915.0686,141.719,4162.0,42,35.1579
1.186,15117.1,3760.87,0.24878000000000003,183.838,2144698.1356,208.076,5667.95,67,22.9925
1.661,3882.34,1269.01,0.32686,30.9326,536515.2709,48.6891,1362.02,24,44.3588
2.383,12486.0,3798.35,0.3042,190.148,1700519.3001,233.821,4071.19,132,32.0459
14.554,7809.85,1826.97,0.23393000000000003,67.7001,1041775.2124,96.4253,3252.17,18,38.9155
1.199,9417.57,2809.84,0.29836,109.866,1274603.6992,147.031,4172.32,71,33.1095
6.723,7976.48,2076.24,0.26029,65.499,1102112.4071,106.99700000000001,3369.6,36,35.6128
8.031,7740.0,2193.57,0.2834,82.2737,1045155.943,110.936,3631.23,10,37.1571
8.857999999999999,9074.21,2870.3,0.31631,83.3219,1241086.8209,112.90899999999999,4196.02,16,34.3762
12.700999999999999,5997.51,1715.81,0.28608,55.6629,817862.0228,85.2411,2453.22,27,40.3369
4.279,9771.07,3071.61,0.31435,91.5671,1384271.5904,128.579,4116.36,106,33.3686
2.295,5778.55,1489.74,0.2578,62.4237,721477.6777,89.5373,3098.6,16,39.3508
1.88,9473.89,3036.76,0.32053000000000004,85.2357,1339475.7148,150.57,3993.44,3,34.379
14.635,5067.1,1350.11,0.26644,51.3945,684394.8074,70.4486,2608.94,40,40.5026
5.545,11123.6,3638.15,0.32706,129.184,1542266.3004,165.80700000000002,4958.97,75,28.9664
2.9610000000000003,10310.9,3242.21,0.31444,101.09700000000001,1431289.9418,140.001,3737.26,23,34.9677
11.869000000000002,7213.83,1819.33,0.2522,56.5611,952969.4869,113.355,3237.6,15,38.8385
6.577000000000001,18625.3,4398.32,0.23614000000000002,203.524,2661917.4607,251.78599999999997,5994.56,265,21.0655
3.8080000000000003,10435.3,2710.98,0.25978,117.728,1459353.0174,151.332,4331.79,53,30.2943
1.8159999999999998,15145.0,4749.43,0.31359000000000004,212.08599999999998,2095425.3239,251.15,5326.19,293,24.7219
4.022,5971.48,1058.41,0.17724,53.3328,825630.3113,61.9726,3073.04,19,39.9127
0.685,10877.0,2687.61,0.24709,134.731,1509675.2019,172.222,4687.65,173,28.7918
5.239,10759.4,3087.51,0.28695,95.5216,1525376.0786,132.892,4310.76,100,33.383
20.955,13241.1,4471.44,0.33769,155.562,1772024.0642,203.799,4544.81,77,30.625
3.4539999999999997,9000.12,2620.05,0.29111,92.5255,1262301.8504,123.891,4741.03,39,32.8807
1.317,6174.92,1264.61,0.20479,56.2134,857101.3829,78.0643,2806.61,15,40.409
13.595999999999998,7604.58,2512.16,0.33034,65.1239,1041936.9092,104.12100000000001,3615.21,52,37.6477
13.465,7516.52,2257.17,0.30029,76.6039,1038624.4419,102.49600000000001,3794.2,58,34.9827
6.843,4483.85,1755.42,0.39149,32.4135,623902.3366,60.6604,2207.38,46,43.9073
16.33,8204.59,1770.53,0.21579,56.5038,1170827.0226,81.6918,3261.95,32,38.3129
0.597,7810.43,2179.48,0.27904,85.7421,1078711.3605,111.256,3100.1,21,37.6818
12.862,5094.85,1732.85,0.34010999999999997,40.4625,680152.2823,86.6607,3207.83,28,37.9122
3.63,13876.1,3964.62,0.28570999999999996,162.64,1989499.0537,228.38299999999998,4559.79,51,26.4972
6.17,6564.62,2571.8,0.39176,49.4593,915178.0384,95.3244,3494.08,31,39.7296
18.332,12550.6,3931.31,0.31323,105.721,1722735.3169999998,179.079,4032.38,92,33.34
5.9910000000000005,7379.15,2388.1,0.32361999999999996,56.4118,1003781.7345,115.179,3371.66,24,38.6982
2.313,15259.3,4712.26,0.30881,185.498,2038388.0359,262.15,5052.12,195,26.4711
6.987,13585.9,4073.96,0.29986,174.709,1775345.5235,237.665,5400.98,71,26.5693
3.0210000000000004,18259.3,6449.34,0.3532,220.52900000000002,2479237.2374,275.472,5453.0,280,24.3305
0.889,9680.5,2779.16,0.28708,107.569,1330392.3273,157.286,4184.14,72,28.8258
12.775,7283.12,2396.48,0.32904,68.4887,1017873.9158,101.14200000000001,3195.2,28,35.7069
20.997,14721.3,5696.92,0.38698,166.42700000000002,2040617.4354,234.42700000000002,5246.07,198,26.6603
20.053,9481.74,2672.27,0.28183,95.2127,1309940.6432,114.006,3664.13,119,35.4795
12.575999999999999,10855.3,3619.7,0.33345,110.0,1532198.8553,163.928,4379.65,108,34.4201
11.515999999999998,4218.8,1215.87,0.2882,33.3898,575994.5488,53.0611,1385.8,32,44.4664
10.005,17311.2,4837.95,0.27946,205.16400000000002,2399177.7965,270.164,5953.37,237,19.777
9.068,6496.56,2092.39,0.32206999999999997,63.7836,853519.054,100.65899999999999,3130.48,58,39.4871
19.594,12711.3,4694.89,0.36934,147.817,1763652.9407,237.16299999999998,4598.83,92,30.0635
4.936,11502.7,3434.13,0.29854,134.017,1552464.6886,167.31400000000002,4439.31,102,31.5658
2.863,11633.8,3002.87,0.25811,144.651,1662329.9434,159.44899999999998,4180.8,123,32.299
4.329,7972.34,2689.23,0.33732,73.9811,1111430.4893,92.6626,3641.24,13,35.3837
6.15,9592.43,3799.49,0.39609,86.8686,1325164.6251,151.98,3750.71,102,34.9305
3.803,4951.44,1130.4,0.22829000000000002,43.328,691271.2522,55.9997,1871.91,15,44.1717
2.367,21581.4,7966.69,0.36914,197.391,2876525.7565,317.221,5529.0,163,46.5464
1.645,10673.5,3238.49,0.30341,136.02,1475568.1933,185.81400000000002,4216.7,59,32.8416
2.506,6459.25,2335.59,0.36158,58.6029,891548.9663,94.5064,2818.46,43,39.5252
12.665999999999999,4563.75,1731.45,0.37939,38.7611,627592.6314,63.0592,1965.92,68,43.6889
19.680999999999997,22607.4,8994.19,0.39784,195.84599999999998,3079390.4469,368.305,6691.45,156,20.4303
1.995,14853.2,5164.06,0.34767,153.433,2124894.9737,226.761,5900.28,73,24.9342
2.511,4490.7,1347.52,0.30006,36.8782,642606.5903,55.3206,1894.69,7,43.47
1.52,7503.85,1647.22,0.21950999999999998,86.6451,1044178.7339,104.369,3843.17,25,36.3238
15.323,8512.87,2783.36,0.32695,66.493,1179043.5629,113.53200000000001,3089.73,80,37.5603
8.089,5749.39,1895.18,0.32963000000000003,55.193999999999996,785325.6768,81.1707,3186.31,12,39.6546
4.805,4788.43,916.17,0.19132000000000002,45.1611,608270.2383,57.6853,2025.29,26,41.8541
18.143,12224.4,4505.15,0.36853,117.45200000000001,1766454.3772,192.542,3877.77,171,35.2129
2.909,12585.7,3311.89,0.26314,148.37,1742159.5934,206.137,4785.21,57,28.6406
18.005,16362.4,7368.25,0.45031000000000004,199.37599999999998,2288091.1623,269.652,5492.83,122,25.4696
1.395,7325.19,1725.73,0.23558,78.859,1019048.4444,101.537,3851.94,26,36.2102
1.3159999999999998,6632.84,2292.3,0.34559,55.4125,920000.2174,101.47200000000001,3722.97,76,36.3471
2.8569999999999998,16548.6,4275.78,0.25837,228.697,2336032.3346,274.41,5561.05,106,22.0721
7.577000000000001,19497.5,6045.71,0.31006999999999996,204.502,2699863.9283,295.872,6056.76,249,20.8272
16.594,14694.1,5825.14,0.39642,183.938,2008067.1278,290.72700000000003,4588.12,133,28.4703
9.431000000000001,13840.3,4692.22,0.33902,158.536,1921349.4402,205.15400000000002,5078.15,146,27.1518
14.880999999999998,8085.69,2432.62,0.30085,63.7863,1131772.4472,113.728,3590.16,21,33.9931
3.324,9969.31,3109.85,0.31194,123.98100000000001,1364168.0012,167.81799999999998,3991.09,22,32.4245
2.279,6979.05,1927.81,0.27621999999999997,73.1532,940021.9056,96.2324,2890.49,113,38.7439
9.539,7959.03,2137.23,0.26852,59.6947,1130105.2488,91.4285,2803.95,22,38.3688
5.24,4568.26,1412.22,0.30913,35.1916,646091.7107,59.0011,2015.41,5,44.3103
10.162,6720.58,1804.82,0.26855,60.4338,965570.1595,92.3349,2397.22,27,40.7272
4.457,19519.4,6966.73,0.35691,250.247,2675237.6476,324.444,5582.17,231,23.1611
3.717,4654.47,1044.06,0.22430999999999998,44.6292,650025.9269,61.3878,2589.1,15,42.2305
10.392000000000001,7943.28,2605.12,0.32796,78.1154,1070103.2209,126.715,3414.83,56,37.139
0.847,9381.59,2435.75,0.25963,105.74799999999999,1336884.9742,150.851,3799.54,10,34.3084
1.574,6824.04,2360.33,0.34588,60.0889,943920.8643,102.999,3756.66,72,37.6783
13.729000000000001,6783.88,2986.17,0.44018,84.6539,955318.0374,140.321,2805.68,48,35.1369
5.127000000000001,8286.97,2181.25,0.26321,89.1776,1132724.7055,124.774,3581.78,48,36.5381
17.789,9485.7,2991.82,0.3154,108.23200000000001,1340059.1588,140.671,4120.28,107,29.8591
10.520999999999999,4114.76,685.71,0.16664,37.7669,547784.5808,50.9765,2448.92,15,43.8339
15.972000000000001,12566.8,4048.66,0.32216999999999996,113.589,1802269.3553,179.581,3666.74,125,36.0242
3.736,8652.92,3261.79,0.37695,94.6002,1176637.2284,134.482,3622.91,64,35.2833
13.35,8915.45,3715.23,0.41671,48.2541,1210128.9153,142.02,3945.84,60,35.5232
0.755,14889.0,4254.89,0.28576999999999997,178.578,2064925.2274,226.247,5626.09,138,22.7863
4.7410000000000005,7439.79,2923.08,0.39289,64.8899,1046345.3246,106.307,3892.38,70,37.5184
5.042,5977.97,1484.0,0.24824000000000002,55.1331,811741.2724,80.4529,3451.19,48,39.0291
16.172,9153.15,2552.74,0.27889,57.3513,1285873.388,113.96600000000001,4029.46,53,38.1764
3.487,12443.1,3519.03,0.2828,149.153,1668712.0433,183.153,4660.63,58,30.1058
15.092,6484.82,1908.32,0.29427,58.8805,885777.1915,87.27799999999999,2662.18,30,39.553000000000004
2.477,11050.3,2732.45,0.24727,145.928,1572138.0766,151.656,4107.57,137,32.1935
1.97,8990.55,2159.64,0.24020999999999998,105.051,1217016.7167,143.885,3953.93,43,34.3829
1.516,7913.82,1940.02,0.24514,65.2688,1093339.2764,112.087,3620.82,24,37.2302
1.0170000000000001,9252.67,2129.81,0.23018000000000002,99.6866,1296731.2251,138.535,3594.72,12,34.2339
13.267999999999999,5926.71,1297.98,0.21899999999999997,43.7024,821537.8324,92.9197,2779.54,23,42.5505
2.4530000000000003,7890.76,1997.85,0.25318,85.6631,1117170.7836,99.4238,3894.87,36,35.3317
4.495,8225.35,2413.56,0.29341999999999996,93.0353,1166901.8107,112.682,3542.79,93,37.3931
14.011,7724.89,3475.86,0.44995,82.3358,1132909.1994,117.381,3221.88,46,37.3993
5.395,15692.2,4256.42,0.27124000000000004,200.301,2137448.2005,246.197,5132.7,86,26.1474
1.629,6136.71,2007.93,0.32719000000000004,59.5668,862211.3062,85.8545,2694.92,42,40.6088
7.131,14950.3,5564.37,0.37219,96.8911,2033523.5691,211.78400000000002,5075.08,146,27.5508
4.928,6736.79,2057.31,0.30538000000000004,55.9145,877232.2007,111.009,4755.9,21,40.2437
13.037,6366.99,3046.45,0.47847,58.2004,888483.238,115.035,2495.87,68,41.4793
8.382,6415.36,2392.73,0.37296,36.0568,893242.9914,93.7924,2292.62,34,44.4648
7.33,6226.4,1255.14,0.20158,56.3463,863671.792,78.0144,2495.84,20,39.4342
2.229,4509.96,984.5,0.21829,44.4097,610537.1127,64.7147,2572.11,12,42.2215
8.908,5917.96,1312.09,0.22171,52.2586,853730.9119,80.7372,2282.52,28,41.1611
19.74,15301.7,4574.65,0.29896,171.109,2180826.8689,217.041,6819.86,80,24.3147
0.7190000000000001,6291.22,864.41,0.13739,47.3427,891375.7629999999,74.3063,2714.58,1,42.1684
0.631,12318.6,2523.64,0.20486,150.493,1676780.465,193.993,4861.05,139,29.8583
17.893,6956.85,1868.52,0.26858000000000004,43.068000000000005,941225.0638,111.975,4462.99,32,37.162
2.8339999999999996,9238.98,2158.57,0.23363,101.396,1292995.6645,127.76,3841.75,51,35.559
18.08,15550.4,4460.92,0.28686,162.969,2117902.5114,207.62099999999998,5369.26,140,26.1497
