a,b,c,d,e,f,g,h,i,l
4.5,60.3953,20.805,5.8292,80.4958,0.1425,2.6123,-51.2846,39.4844,10.6746
6.0,99.0,13.6211,0.0165,74.5292,0.1678,2.3173,205.0,247.0,241.1406
2.0,58.0,7.125,0.0125,51.2333,0.2732,1.9272,222.0,253.0,248.6328
3.0,84.0,21.125,0.0472,275.275,0.0455,3.3735,204.0,249.0,237.3398
8.0,125.0,49.918,0.0819,713.4958,0.0253,3.8677,192.0,245.0,225.3711
9.0,178.0,84.1758,0.0927,939.0333,0.0223,3.9821,150.0,232.0,190.4453
6.0,159.0,49.7188,0.0514,326.4083,0.0417,3.4541,176.0,239.0,216.3359
4.0,182.0,56.2305,0.0478,249.175,0.0395,3.4054,65.0,238.0,197.207
2.0,4.0,2.2891,0.0005,0.1208,0.7875,0.3686,249.0,251.0,249.7266
79.5287,93.5026,87.8904,0.55,0.775,0.4373,0.9476,-99.978,-73.4684,-87.2065
9.8745,75.2291,37.3461,6.4708,75.7542,0.072,2.8417,-52.6809,35.7034,-5.339
7.0,133.0,44.793,0.0695,598.8168,0.0339,3.6727,182.0,243.0,222.5078
3.0,109.0,30.3906,0.0754,675.1917,0.0274,3.7922,201.0,253.0,238.418
4.9299,78.2388,30.386,7.0625,100.2792,0.0837,2.8885,-1.9724,35.4914,22.1855
19.7637,85.5482,66.3644,2.6958,13.7458,0.1457,2.0978,-99.978,-16.0868,-73.4725
6.0,99.0,27.8125,0.0497,347.3833,0.0493,3.4062,195.0,245.0,229.6133
3.0,156.0,22.3164,0.06,685.1917,0.0765,3.3034,178.0,245.0,233.7891
4.0,169.0,32.4727,0.0498,443.5458,0.0984,3.1373,170.0,249.0,233.2891
44.9166,102.9618,83.3783,2.7417,15.65,0.1549,2.0638,-92.4445,-53.7371,-70.796
35.6724,75.6591,54.5245,2.625,11.9417,0.1489,2.0411,-97.4542,-49.5581,-78.3161
5.0,216.0,67.8633,0.1121,1719.0831,0.0259,3.9728,170.0,245.0,215.2891
4.07,71.3594,17.9624,5.2542,81.0708,0.1401,2.5393,22.1418,41.9693,37.1688
3.0,108.0,21.1289,0.0368,212.8416,0.0615,3.1543,177.0,242.0,230.3398
4.715,42.3368,11.0704,2.3375,16.3125,0.2358,1.9356,13.1275,34.4283,30.8414
86.8381,99.5221,92.4285,0.8917,1.625,0.3361,1.2183,-111.8321,-99.4687,-105.9094
3.0,74.0,13.1641,0.031,155.9125,0.0693,3.0032,220.0,252.0,245.3164
4.285,79.3138,21.7934,3.3792,24.5542,0.1357,2.2731,-58.4081,40.3158,11.0575
5.0,195.0,38.8633,0.0776,757.7209,0.0263,3.8423,182.0,252.0,232.5898
65.7699,99.5221,83.6495,1.3,3.6917,0.2604,1.5337,-92.9238,-69.0443,-84.6453
5.0,137.0,25.168,0.0368,293.7751,0.1022,2.9177,188.0,247.0,236.5703
4.0,46.0,8.6211,0.0117,25.6583,0.1656,2.1082,215.0,246.0,237.9766
7.0,85.0,26.3008,0.0391,175.575,0.0476,3.2397,213.0,245.0,234.9336
59.1054,111.7761,80.5549,3.0583,18.6667,0.1374,2.181,-110.136,-48.532,-89.6984
18.0,183.0,90.6641,0.092,850.8126,0.0253,3.8893,155.0,231.0,187.6992
4.0,128.0,25.418,0.0651,583.0417,0.033,3.6782,184.0,245.0,228.9375
3.855,116.0757,21.0763,4.5875,89.7292,0.2972,2.0776,3.9254,41.5571,34.2909
5.5749,57.1706,10.5203,2.5667,28.6833,0.2284,1.9541,14.0712,34.6414,31.8451
3.0,167.0,39.5078,0.0673,714.5875,0.0541,3.5054,182.0,254.0,234.25
14.8191,100.597,71.3351,3.7958,25.9042,0.1079,2.4001,-86.3875,20.5535,-41.1604
3.0,238.0,34.0313,0.0519,627.95,0.0911,3.1381,164.0,251.0,235.7773
2.0,205.0,69.0469,0.0886,1180.2876,0.0506,3.6975,158.0,242.0,206.7188
50.2912,125.9649,77.6678,7.8208,116.7292,0.0612,3.0334,-27.5664,-5.332,-12.2862
4.0,102.0,33.6484,0.0746,647.6917,0.0286,3.736,200.0,250.0,232.5352
2.0,205.0,58.7461,0.063,656.2458,0.0663,3.3958,182.0,250.0,225.1016
76.089,90.2778,83.212,0.6625,1.3958,0.4244,1.1065,-99.978,-86.3875,-93.2145
5.7899,64.05,25.1458,6.2208,82.5792,0.0793,2.8364,0.5703,33.5741,23.0925
64.05,94.1475,79.7294,1.6792,6.5125,0.2199,1.7442,-106.2813,-85.0325,-96.4166
5.0,181.0,27.1992,0.0422,274.2542,0.0514,3.2698,166.0,243.0,229.8906
6.4348,151.3328,73.5924,14.7583,340.7251,0.0346,3.5457,-12.7902,38.6498,8.2585
70.4995,92.2127,80.9253,1.2375,3.8708,0.2782,1.5075,-108.4668,-86.8425,-100.725
16.0,195.0,95.4258,0.1085,1181.0459,0.0196,4.0853,157.0,231.0,190.1133
57.8155,101.2419,78.9064,2.5125,10.9875,0.1525,2.0112,-106.2813,-53.0321,-83.595
44.7016,127.2548,78.5092,6.05,70.2334,0.0735,2.8114,-17.1999,5.1619,-7.9431
4.0,230.0,69.6602,0.0986,1249.1833,0.029,3.925,166.0,247.0,215.4258
59.5354,83.8284,70.8992,2.2083,9.3167,0.1749,1.9356,-103.0842,-72.6526,-89.3262
9.0,157.0,38.3633,0.0559,497.275,0.0497,3.4708,154.0,234.0,216.7461
73.7242,85.3333,81.7449,0.1833,0.2333,0.7228,0.5069,-97.9544,-86.3875,-93.4583
76.734,91.7827,84.1861,1.0208,2.4375,0.3043,1.3699,-111.8321,-95.8417,-104.2061
77.5939,92.8576,85.8917,0.9083,2.4417,0.3476,1.3076,-103.0842,-87.7579,-97.3062
2.0,2.0,2.0,0.0,0.0,1.0,0.0,246.0,250.0,248.3633
5.0,16.0,5.7305,0.0017,0.8167,0.5326,0.8504,240.0,246.0,245.1914
5.0,37.0,10.6016,0.0085,14.3458,0.2099,1.9197,232.0,247.0,243.7461
2.0,7.0,2.4609,0.0006,0.225,0.7596,0.4502,245.0,247.0,246.8438
5.0,79.0,16.1094,0.0254,96.9042,0.0814,2.8306,200.0,242.0,234.1055
31.3727,111.1311,60.7195,4.4875,34.0625,0.0947,2.5097,-77.2051,-25.4989,-46.7933
46.2065,87.6981,64.9629,1.8083,5.85,0.1943,1.7385,-98.9616,-37.0587,-74.4532
6.0048,73.5092,20.8269,4.625,41.4667,0.098,2.5533,-0.1888,33.7879,23.7798
3.64,124.03,27.6349,10.0292,211.1042,0.0666,3.167,5.1619,42.3808,32.1584
6.0,123.0,36.7422,0.0798,794.5791,0.0325,3.7225,187.0,248.0,231.293
76.519,87.2681,82.9584,0.5708,0.9125,0.4331,0.9942,-102.5603,-85.9341,-95.0644
7.0,134.0,34.6992,0.0738,694.3834,0.0314,3.7299,184.0,239.0,224.5898
13.0,162.0,73.3984,0.0909,835.75,0.0232,3.9257,179.0,243.0,210.3008
90.0629,113.7109,100.0217,2.05,7.7,0.178,1.8602,-109.0203,-87.7579,-102.829
5.7899,125.7499,28.4529,8.0083,162.4417,0.0845,2.9717,0.5703,37.6021,28.4598
1.0,111.0,7.7891,0.0233,161.8334,0.1637,2.4469,204.0,252.0,244.8633
3.64,109.1963,15.4573,4.1583,86.0417,0.3797,1.8606,-21.1547,41.3507,33.856
3.0,161.0,20.4297,0.042,391.7667,0.0797,3.0768,167.0,242.0,230.7305
7.0,197.0,61.2773,0.1014,1230.9792,0.0223,3.9977,170.0,241.0,211.6953
5.7899,92.4277,23.1841,4.5333,55.7417,0.1822,2.387,-5.332,33.3599,22.3126
3.855,32.0177,5.2675,0.7417,6.4167,0.6697,0.8253,26.1705,40.1082,38.7736
44.4866,129.8345,72.9357,5.775,74.6833,0.0868,2.7229,-18.8835,-4.2916,-8.4832
5.1449,121.4503,33.5351,11.9417,298.9167,0.0582,3.3047,1.8286,39.9005,28.0816
6.0,139.0,33.9648,0.0713,631.9625,0.0302,3.7262,184.0,240.0,224.0313
4.07,75.874,13.2907,4.6917,63.5917,0.1567,2.4658,23.4935,41.5571,37.9289
72.6493,87.2681,80.2476,0.8292,1.4458,0.3506,1.1729,-110.6983,-92.9238,-101.3592
2.0,19.0,2.2461,0.0017,4.1667,0.7647,0.5668,240.0,249.0,248.418
14.0,173.0,78.4219,0.0946,896.3542,0.0219,3.9692,154.0,234.0,193.5469
2.0,3.0,2.1992,0.0003,0.075,0.8613,0.2664,248.0,252.0,249.8047
2.0,95.0,15.2148,0.0368,258.8583,0.0902,3.0224,209.0,253.0,244.6836
2.0,153.0,23.4492,0.0514,595.8793,0.1139,2.9886,161.0,241.0,227.7656
3.0,141.0,30.8047,0.0822,835.6542,0.0267,3.8621,195.0,252.0,236.8906
76.089,131.1245,96.0538,3.5833,20.6333,0.1134,2.2933,-80.6227,-37.6914,-49.4338
5.0,203.0,73.3633,0.1002,1120.4918,0.0215,4.0562,121.0,237.0,196.4141
10.9494,73.0793,43.9525,9.0042,131.3375,0.0534,3.0861,-0.6967,29.032,10.542
3.0,179.0,44.9141,0.0531,440.6458,0.0516,3.4527,195.0,247.0,229.6211
7.0,174.0,45.5234,0.0802,732.45,0.0264,3.8021,159.0,236.0,215.5273
49.4312,100.597,82.1043,3.9792,29.0875,0.1062,2.4289,-15.533,-2.4852,-12.0411
2.0,41.0,4.6797,0.0113,28.1583,0.1869,2.0824,233.0,251.0,247.3555
4.0,139.0,41.207,0.0755,641.1833,0.0262,3.8179,194.0,251.0,232.6094
7.7247,127.8997,46.7826,10.4792,218.1792,0.0502,3.2648,-5.332,36.3381,18.5375
6.6498,125.7499,53.8921,9.8458,167.4625,0.0475,3.2015,-12.5183,36.971,14.7971
4.0,197.0,77.4805,0.089,874.4709,0.0243,3.9442,155.0,239.0,197.2773
27.933,115.2158,69.5984,7.5792,101.1208,0.0608,2.9969,-27.5664,5.9,-11.365
1.0,206.0,38.5781,0.0842,1132.8208,0.057,3.6135,186.0,251.0,234.3164
7.0,82.0,22.8125,0.038,205.9708,0.0563,3.189,198.0,240.0,230.6133
4.0,129.0,23.2031,0.0565,539.1459,0.0453,3.4661,193.0,253.0,241.6289
7.0,141.0,52.1211,0.0878,828.8542,0.0235,3.9121,186.0,247.0,220.4844
4.0,157.0,61.0078,0.0869,885.1249,0.0246,3.9049,155.0,238.0,200.3516
6.0048,89.6329,34.0222,4.0875,32.5458,0.1055,2.4485,-23.1677,34.8542,8.9444
1.0,56.0,6.1016,0.0153,62.2333,0.2167,2.1566,219.0,253.0,248.6328
5.0,55.0,14.5,0.0186,61.6333,0.1174,2.5266,223.0,245.0,240.9063
5.1449,103.3918,39.6277,9.3083,158.9917,0.0532,3.171,-66.693,36.3381,-18.9115
13.0,194.0,109.4297,0.064,426.8417,0.031,3.637,153.0,241.0,186.4023
3.855,15.4641,4.2758,0.1,0.3583,0.9189,0.2265,35.0668,39.6925,38.7283
9.4446,91.9977,62.1194,5.5833,57.225,0.0848,2.6802,-0.1888,30.1224,4.6018
7.2947,131.3394,45.1543,9.575,150.0583,0.0475,3.1857,-62.4872,34.8542,2.5957
87.2681,105.3266,96.1428,1.7958,5.9875,0.1968,1.7561,-110.136,-99.4687,-104.867
18.0,212.0,98.7695,0.1092,1211.0083,0.019,4.097,166.0,240.0,196.5781
1.0,4.0,1.8203,0.0007,0.1917,0.7196,0.4836,245.0,250.0,247.9805
14.0,189.0,95.8477,0.1037,1176.8668,0.0197,4.0637,154.0,233.0,183.1172
4.07,98.8771,18.4906,5.175,69.7334,0.1504,2.4801,14.5413,41.5571,35.4624
5.0,166.0,53.875,0.1003,1156.6749,0.0208,4.0542,164.0,241.0,211.7656
10.0,153.0,50.5859,0.0732,712.0917,0.0362,3.7132,163.0,242.0,217.0117
5.7899,68.1347,29.7133,4.975,50.3,0.0904,2.6253,-23.1677,30.3397,8.015
10.0895,91.9977,47.3158,5.6042,64.7542,0.0842,2.7023,-100.4897,18.7228,-63.0873
1.0,68.0,4.4766,0.0097,44.15,0.2618,1.7856,217.0,250.0,247.6133
10.0,206.0,141.6641,0.0612,458.5917,0.0329,3.6031,191.0,243.0,201.1875
5.7899,96.0824,28.8324,7.9125,124.7708,0.066,3.0231,-0.4426,33.7879,21.6929
6.0,168.0,49.3633,0.075,718.3375,0.031,3.7236,180.0,247.0,223.5664
52.226,112.851,90.9773,6.7208,75.9125,0.0665,2.8671,-13.8821,0.5703,-9.7421
4.0,28.0,5.8438,0.0053,7.1333,0.3057,1.5227,234.0,247.0,245.4063
34.1675,68.1347,54.3389,1.0375,2.5375,0.3078,1.3704,-88.2182,-35.4883,-71.2155
3.0,195.0,53.4414,0.1314,2067.6294,0.0191,4.1857,168.0,250.0,223.6133
7.9397,129.6196,73.8107,9.0542,145.5458,0.0532,3.1461,-16.3644,32.5014,-2.0964
5.1449,17.8289,6.4172,0.3875,1.3625,0.68,0.7125,22.5934,37.1816,34.216
21.4836,110.2712,67.2706,6.0167,64.95,0.0794,2.7424,-13.0626,27.9361,-3.8923
51.5811,80.8186,67.0598,1.1958,2.6625,0.2674,1.4095,-94.8607,-56.2329,-79.4716
5.0,122.0,21.7578,0.0352,217.4709,0.0659,3.0695,205.0,246.0,238.5742
2.0,119.0,12.4102,0.0241,223.5625,0.3338,1.9853,200.0,252.0,244.8984
35.4574,101.0269,71.6156,5.7333,54.4833,0.0767,2.7236,-22.8787,-1.9724,-14.6714
39.972,75.874,52.5804,2.0375,7.8125,0.1845,1.8633,-89.1444,-58.0431,-71.6054
85.1183,98.6621,91.7793,0.9542,1.9625,0.3142,1.2938,-102.5603,-86.8425,-97.3329
6.0048,114.3558,39.9955,4.775,45.8917,0.098,2.5894,-42.8494,38.0217,8.8683
10.0,157.0,43.8516,0.0685,601.9667,0.0322,3.6796,187.0,245.0,226.3281
2.0,134.0,28.7266,0.0757,890.6625,0.0404,3.6631,195.0,253.0,238.8633
6.6498,105.3266,40.2013,6.0958,74.9458,0.0817,2.7872,-23.7475,32.0708,2.7529
52.441,113.2809,83.9577,3.1833,22.1333,0.1341,2.2453,-32.3943,-20.0152,-28.8308
6.8648,80.3887,28.7216,7.5792,103.6875,0.0607,2.9972,-69.0443,34.8542,-0.92
12.6693,77.5939,48.9005,5.0375,48.1375,0.0892,2.6381,-80.6227,19.6402,-49.5422
22.0,198.0,129.5039,0.0876,801.9874,0.0233,3.9221,151.0,225.0,166.3086
1.0,5.0,1.9805,0.0004,0.1333,0.8192,0.3424,247.0,251.0,249.2461
1.0,2.0,1.2109,0.0006,0.1542,0.7392,0.4299,249.0,252.0,250.7188
3.0,172.0,29.5508,0.0732,800.7667,0.035,3.6856,176.0,245.0,230.8164
28.7929,115.4307,91.1419,3.8042,28.9875,0.1145,2.3696,-17.4794,0.8227,-5.6739
83.3984,109.4113,94.2819,1.5208,4.7625,0.229,1.6474,-106.8235,-90.0778,-99.4168
3.64,77.1639,9.1448,0.9583,7.6167,0.5848,1.0236,-23.7475,40.7304,32.1791
4.0,94.0,17.5625,0.0357,212.0,0.0617,3.1088,186.0,234.0,226.668
3.0,166.0,37.1094,0.0631,666.2458,0.0618,3.4321,182.0,251.0,232.4297
5.5749,33.3076,8.1656,1.2583,9.3667,0.4491,1.3381,16.4106,34.6414,32.404
6.6498,108.9813,39.8402,8.6792,122.7042,0.051,3.1026,-72.6526,33.3599,-15.9083
7.0,122.0,29.9023,0.0601,441.9375,0.0378,3.5419,197.0,246.0,232.6328
20.0,250.0,130.4609,0.1224,1437.5668,0.0176,4.1617,164.0,236.0,184.6328
7.0,70.0,15.1484,0.0201,62.2292,0.0996,2.624,216.0,247.0,241.332
33.7375,75.6591,55.4046,2.2792,9.6375,0.1674,1.9545,-88.6804,-25.2057,-59.8336
5.0,240.0,72.793,0.143,2208.5168,0.0177,4.2344,168.0,249.0,216.6797
6.4348,68.5646,27.7928,7.6583,94.9167,0.0587,2.9915,-53.0321,35.7034,-4.4507
4.0,104.0,18.8594,0.0454,308.8042,0.0538,3.302,203.0,250.0,240.9063
4.0,227.0,68.0,0.0745,796.3708,0.0485,3.6201,166.0,247.0,215.3984
7.0,95.0,26.582,0.0404,237.7333,0.0532,3.2457,196.0,246.0,233.4375
5.1449,20.1937,7.7222,0.8833,3.325,0.4296,1.2329,5.4082,35.2792,29.8162
7.0,179.0,81.9336,0.0796,701.3708,0.025,3.8536,153.0,238.0,194.7969
1.0,7.0,2.0078,0.0008,0.2917,0.6819,0.5348,246.0,251.0,248.6055
5.0,69.0,14.3242,0.0243,86.575,0.0843,2.7799,222.0,245.0,240.4688
83.3984,101.4569,91.9548,1.1542,2.9125,0.2777,1.4403,-109.0203,-91.9673,-102.4637
3.0,68.0,11.2031,0.0261,120.8208,0.0852,2.8486,212.0,251.0,245.5313
3.64,112.636,22.4065,7.4042,152.2875,0.1223,2.8113,7.1237,37.3919,29.4714
2.0,24.0,4.2852,0.0055,7.8917,0.3374,1.5078,237.0,252.0,248.9414
5.1449,117.7956,32.425,5.3292,78.5792,0.1423,2.5656,-5.0714,37.3919,26.5303
6.0,76.0,25.7852,0.0382,164.2542,0.0493,3.2166,211.0,244.0,234.4531
4.285,147.4631,31.0184,8.2042,190.7792,0.161,2.7393,-8.2246,40.1082,29.9133
4.0,24.0,5.332,0.0037,4.3083,0.3931,1.2993,235.0,247.0,245.4297
4.07,138.6488,41.4072,8.9167,186.35,0.1171,2.9193,-10.8958,40.9373,20.6505
7.7247,78.6688,43.0675,5.6375,60.6375,0.0794,2.7557,-7.9597,32.7164,7.6853
7.0,202.0,75.7305,0.1179,1558.2792,0.0197,4.1146,172.0,247.0,214.5078
83.3984,107.4764,97.2127,1.8917,6.3,0.1926,1.7661,-112.9784,-77.6272,-95.0346
6.0,64.0,15.7305,0.0249,89.2917,0.0808,2.8185,213.0,237.0,231.6563
4.0,174.0,38.7656,0.0688,674.7125,0.0364,3.6824,169.0,247.0,227.1992
4.0,154.0,46.8711,0.0823,814.2875,0.0264,3.8772,193.0,248.0,227.5977
28.7929,82.3235,66.068,4.2,33.4333,0.1024,2.4765,-14.4306,13.1275,-4.5586
7.0,98.0,33.8477,0.0421,224.7208,0.0482,3.2765,184.0,245.0,227.5234
10.0,142.0,60.3281,0.084,721.7125,0.0253,3.8436,180.0,245.0,217.918
3.855,156.0624,31.4416,7.35,155.0917,0.2167,2.4812,-3.7737,41.5571,30.1323
4.0,78.0,12.1563,0.0215,107.8208,0.1449,2.5383,193.0,235.0,229.9531
3.0,214.0,94.4102,0.1502,2301.396,0.0161,4.2877,168.0,247.0,202.5234
2.0,28.0,3.7188,0.0023,3.8917,0.5716,0.8424,237.0,247.0,245.6055
3.0,57.0,7.3477,0.0147,67.3208,0.2262,2.11,217.0,252.0,247.5938
65.0,164.0,111.7031,0.0436,196.6625,0.0418,3.2995,192.0,212.0,198.8906
5.0,10.0,5.5469,0.0012,0.4375,0.6089,0.7044,241.0,247.0,244.9453
18.9038,151.7627,64.9922,7.8917,111.2,0.0612,2.9927,-23.4573,24.6132,-3.4966
8.5846,97.8022,55.0552,6.75,80.2917,0.0711,2.8315,-7.431,34.0016,5.6902
12.2393,81.6786,43.5889,5.35,51.525,0.0824,2.6901,-100.4897,14.0712,-52.0446
47.0,221.0,125.4492,0.1125,1242.8458,0.0216,4.0017,135.0,210.0,168.1211
8.0,166.0,69.9609,0.0659,542.725,0.0317,3.6293,150.0,233.0,190.8125
48.7863,75.0141,63.1313,0.9833,2.2917,0.3153,1.3321,-103.0842,-82.8076,-94.2667
4.0,178.0,40.0313,0.0928,1149.9417,0.0261,3.8973,170.0,249.0,231.2031
9.0146,101.2419,60.4877,8.1833,124.6667,0.0585,3.0241,-41.8688,30.1224,-4.8439
4.0,161.0,43.8945,0.071,679.4,0.0315,3.7563,153.0,239.0,214.5625
31.1577,104.0367,76.7105,5.7208,55.6792,0.0779,2.7184,-25.4989,2.0793,-16.2552
73.7242,81.0336,77.9416,0.2375,0.2792,0.6524,0.5912,-110.136,-98.9616,-104.7904
7.0,117.0,23.6133,0.0404,268.2166,0.0581,3.2199,192.0,246.0,236.4453
6.0,123.0,19.9219,0.0364,200.7167,0.061,3.1068,196.0,247.0,238.332
22.3435,113.0659,61.3216,7.8,108.4,0.0611,2.9956,-18.0396,18.9525,-6.3607
3.0,124.0,14.8125,0.0293,253.2958,0.1403,2.6243,182.0,245.0,237.4219
48.1413,113.7109,72.5838,2.6292,14.1958,0.1522,2.0935,-105.205,-62.1113,-87.7626
6.2198,60.6103,20.1701,3.8083,42.3333,0.1525,2.3369,7.1237,37.1816,29.6068
3.64,5.7899,4.0188,0.0042,0.0042,0.9917,0.027,36.5493,39.6925,38.6967
4.285,49.0013,9.0322,1.7958,14.9125,0.457,1.4333,5.6542,36.3381,32.0837
8.7996,121.2353,34.904,8.0333,145.375,0.0834,2.9645,-26.973,29.9047,10.7574
10.7345,102.3168,78.1507,4.6292,36.2625,0.0974,2.5108,-22.8787,28.8133,-12.4428
3.855,30.9428,6.7086,1.2417,8.3833,0.4752,1.2931,30.3397,41.1441,39.4655
6.2198,75.874,29.2011,7.4333,92.7167,0.061,2.9521,8.097,33.1456,23.8285
3.0,136.0,28.1406,0.0522,471.0833,0.0609,3.3075,175.0,245.0,228.75
4.0,190.0,67.8711,0.1073,1423.5292,0.0216,4.0542,159.0,240.0,204.5938
4.0,168.0,47.4375,0.0855,948.3625,0.031,3.814,152.0,237.0,206.0938
84.0434,98.6621,88.7947,1.0167,2.1417,0.3092,1.3203,-105.205,-95.8417,-100.3734
7.0798,84.4733,34.7637,5.2833,51.7,0.0836,2.6606,-13.0626,31.6394,11.4987
18.0438,102.7468,54.8915,4.9,42.9,0.0856,2.6197,-103.0842,11.7035,-56.8736
3.0,123.0,29.7031,0.0579,436.0583,0.0385,3.4962,204.0,253.0,239.3438
3.0,166.0,24.5859,0.0763,943.3667,0.0428,3.654,174.0,243.0,231.0938
1.0,161.0,23.9258,0.0638,770.4333,0.0694,3.3835,193.0,249.0,237.6523
37.8222,115.6457,76.5081,6.75,78.0083,0.0644,2.8925,-22.0145,-0.6967,-11.1681
1.0,176.0,19.1797,0.0285,326.0917,0.2489,2.2398,191.0,254.0,243.4102
89.8479,103.6067,96.0723,1.4292,4.0042,0.2409,1.5543,-108.4668,-101.0037,-105.2515
8.1547,77.8089,42.441,2.9,17.0667,0.1391,2.1757,-75.1155,31.207,-36.5248
6.2198,110.2712,30.8017,7.4542,106.6708,0.0649,2.9784,-10.0901,33.3599,20.6246
3.4251,41.6919,6.9882,2.0,20.7417,0.4284,1.5297,28.1558,41.5571,39.5089
38.6821,67.2747,57.7736,1.1917,3.4583,0.2777,1.478,-102.5603,-59.5086,-94.8511
2.0,155.0,19.4258,0.0509,433.0292,0.0464,3.3913,192.0,246.0,235.8711
4.0,178.0,55.2109,0.1271,1803.3083,0.0187,4.1941,178.0,250.0,222.4883
7.0,135.0,47.7227,0.0653,483.2458,0.0317,3.6513,184.0,246.0,223.3633
2.0,66.0,7.668,0.0171,88.7792,0.207,2.2351,208.0,242.0,238.1133
10.0,150.0,56.3711,0.0721,547.4083,0.0282,3.7506,161.0,236.0,207.9805
3.0,99.0,9.7109,0.0177,155.2125,0.2399,2.0188,186.0,240.0,232.8398
5.0,137.0,35.2383,0.0776,762.9083,0.0283,3.8147,184.0,242.0,224.8477
46.2065,69.6396,54.2196,1.0042,2.4458,0.3126,1.3627,-91.9673,-60.618,-78.3729
10.0,172.0,72.832,0.0913,845.2084,0.0238,3.8982,169.0,242.0,206.75
3.0,86.0,22.2461,0.0486,310.9292,0.0433,3.3941,212.0,249.0,239.0742
51.5811,134.3492,92.8148,9.7667,157.225,0.0493,3.1815,-18.0396,3.0785,-7.8683
11.5944,77.5939,36.1401,4.2,30.4417,0.1027,2.415,-69.0443,28.1558,-22.1919
3.64,17.1839,4.8829,0.2792,0.9958,0.7395,0.5804,35.9152,41.7633,40.7231
66.8448,125.7499,91.3998,7.8958,102.9292,0.0569,3.0027,-29.0595,-14.4306,-20.2819
12.0,157.0,61.1992,0.0746,547.9626,0.0298,3.6918,161.0,233.0,203.5313
4.0,67.0,9.3906,0.0111,41.6625,0.2902,1.8623,205.0,240.0,237.0977
2.0,127.0,10.5781,0.026,173.0667,0.105,2.6932,205.0,253.0,247.3906
1.0,17.0,1.8164,0.0042,5.1292,0.3547,1.3558,245.0,253.0,251.9141
7.0,107.0,24.6172,0.0404,277.175,0.0661,3.1474,184.0,239.0,228.0273
72.6493,93.5026,80.5306,0.9,1.9917,0.3362,1.2808,-103.0842,-76.7844,-93.5362
16.9689,102.3168,53.9803,5.1458,46.1125,0.0817,2.661,-80.6227,17.3387,-39.8345
59.7504,101.6719,85.1023,4.3833,32.875,0.0958,2.4866,-11.7051,-0.9511,-7.6537
16.539,69.4246,46.6105,3.85,23.9833,0.1069,2.3616,-90.0778,0.5703,-44.041
23.2034,82.3235,57.4057,3.7083,25.1,0.1103,2.3852,-10.0901,15.2443,-1.9823
5.0,175.0,55.2227,0.1108,1388.7749,0.0192,4.0911,174.0,249.0,222.1836
3.0,63.0,9.2891,0.0241,123.2708,0.114,2.6864,214.0,245.0,239.9141
19.0,179.0,91.793,0.0972,1048.275,0.0227,3.9663,153.0,228.0,184.6328
72.2194,85.1183,77.2504,0.2917,0.375,0.6059,0.6782,-91.9673,-71.842,-84.6384
76.089,96.0824,86.8675,0.9667,2.1333,0.3128,1.316,-100.4897,-78.0507,-95.5526
6.0,103.0,18.25,0.0216,89.4375,0.0992,2.6809,218.0,246.0,240.3438
9.0,114.0,36.5625,0.053,326.45,0.0377,3.4987,184.0,234.0,218.4648
57.8155,118.8705,85.2216,3.1833,18.5083,0.13,2.2238,-104.1394,-43.1777,-69.8566
6.0,252.0,78.7188,0.1208,1733.3667,0.0199,4.1145,166.0,242.0,207.7383
76.304,94.1475,85.4172,0.7208,1.3208,0.379,1.1305,-95.8417,-73.0598,-81.2958
24.0,191.0,106.293,0.0944,926.1833,0.0221,3.9808,159.0,232.0,189.082
73.5092,95.8674,84.2399,1.2958,3.8958,0.2667,1.5371,-93.405,-75.5307,-86.162
4.285,108.3363,26.67,9.2167,193.5833,0.084,3.0473,2.3296,36.3381,28.2098
3.0,76.0,18.0508,0.0486,336.7959,0.0436,3.4188,200.0,242.0,232.3711
5.0,130.0,46.7188,0.0506,307.0542,0.0408,3.4381,197.0,247.0,225.2695
7.0,148.0,38.0195,0.0719,664.7792,0.0304,3.7144,176.0,239.0,221.918
3.855,64.48,8.1547,2.4542,53.8792,0.5639,1.2609,16.4106,38.6498,36.471
6.0,206.0,91.625,0.1186,1434.1835,0.0182,4.1457,158.0,240.0,193.4961
70.9295,87.4831,82.4318,0.3333,0.4083,0.564,0.7185,-101.5201,-78.4757,-92.8279
9.6595,81.0336,43.1615,4.3292,34.6625,0.1,2.505,-60.618,32.2862,-25.8917
3.0,13.0,3.7813,0.0023,1.8333,0.5108,0.9984,243.0,247.0,245.8281
6.8648,97.3723,46.1561,8.3625,115.9208,0.0534,3.0624,-9.2882,32.5014,13.7243
3.64,8.1547,3.782,0.0292,0.0792,0.9752,0.0752,38.4406,40.5231,39.8409
7.0,166.0,79.1953,0.0908,832.1459,0.0232,3.9338,129.0,236.0,184.6719
5.3599,84.0434,26.0612,8.0917,132.4583,0.0646,3.0377,-6.9039,34.215,21.6018
9.0,179.0,95.3164,0.0925,831.4083,0.024,3.8765,153.0,232.0,183.6719
5.3599,76.949,26.8312,7.15,96.5417,0.0692,2.9232,-15.8096,33.7879,16.774
10.0,154.0,48.8984,0.0806,737.7208,0.0264,3.8117,180.0,246.0,226.2266
11.0,180.0,79.3711,0.0825,668.7709,0.0242,3.8326,152.0,230.0,189.2305
3.855,97.5872,18.1194,5.9167,101.1083,0.1349,2.6491,13.5999,42.3808,36.5863
4.9299,66.1998,23.3487,6.0125,70.5125,0.0788,2.7877,7.6109,39.9005,28.9845
1.0,2.0,1.9453,0.0002,0.0625,0.8828,0.2338,247.0,250.0,248.3398
3.0,206.0,52.6367,0.0755,1029.5874,0.0942,3.3102,164.0,242.0,219.0195
3.0,105.0,17.6289,0.026,185.9583,0.1811,2.4602,207.0,247.0,240.5117
7.7247,128.5447,69.2029,9.1292,144.1958,0.0494,3.1849,-24.038,32.2862,-1.2219
5.0,174.0,81.8438,0.061,410.7584,0.0314,3.6298,153.0,236.0,188.5625
5.0,97.0,21.7852,0.0391,227.6583,0.0538,3.2015,191.0,235.0,225.25
7.0,97.0,32.2031,0.0395,199.3667,0.0515,3.2268,191.0,245.0,228.8828
7.0,155.0,46.0391,0.0966,1041.35,0.0216,4.0122,182.0,249.0,226.7852
65.3399,86.4082,74.2264,0.5875,1.1208,0.4416,1.0204,-100.4897,-81.0565,-92.4239
2.0,97.0,14.9961,0.0447,313.5833,0.0525,3.3021,206.0,252.0,244.0039
10.0,143.0,70.5547,0.0479,227.1,0.0378,3.3857,178.0,245.0,206.1016
26.2132,99.5221,68.0902,4.4042,31.9208,0.0965,2.4798,-100.4897,6.3904,-54.3981
54.1609,138.2189,84.9394,7.4417,99.7333,0.0619,2.9536,-24.038,4.421,-12.173
8.0,139.0,37.418,0.0805,800.4835,0.0286,3.7872,188.0,246.0,230.3359
71.1444,81.4636,77.8568,0.1833,0.2,0.7085,0.4972,-92.9238,-81.0565,-88.0869
5.0,176.0,53.1094,0.0987,1288.9708,0.0249,3.9939,168.0,251.0,223.2227
9.0,208.0,107.1836,0.1311,1811.196,0.0181,4.2016,105.0,235.0,172.7617
11.8094,124.03,71.7843,7.725,109.0417,0.0595,3.0081,-20.584,28.8133,-3.2725
8.5846,138.2189,57.9188,10.1167,170.1583,0.0467,3.2234,-44.8302,32.7164,-0.273
4.9299,95.0074,31.7851,10.3167,193.2,0.0495,3.2374,21.9157,41.5571,33.5373
82.7535,122.3102,101.1042,3.3625,23.8208,0.1287,2.2625,-110.6983,-79.7594,-97.6064
80.8186,111.3461,95.9396,2.5,10.6083,0.1605,1.9779,-106.8235,-51.2846,-91.446
7.0,157.0,82.5742,0.0933,894.1209,0.0224,3.9413,158.0,236.0,190.6445
3.0,118.0,17.8242,0.0259,129.1708,0.1298,2.6811,206.0,249.0,241.8984
35.0274,108.5513,62.0883,8.3292,108.7875,0.0565,3.0122,-28.7597,0.3176,-16.7011
2.0,3.0,2.5703,0.0007,0.175,0.7112,0.4637,246.0,249.0,247.7109
5.5749,47.0664,13.4914,2.575,13.8667,0.1576,2.0762,-12.7902,35.2792,24.4446
78.8838,136.929,101.9675,3.4958,23.2792,0.1158,2.3279,-109.0203,-49.5581,-79.4907
10.0,124.0,49.6211,0.0696,507.3792,0.0286,3.7099,184.0,242.0,216.832
3.0,132.0,54.2813,0.1024,1131.3667,0.02,4.0625,180.0,249.0,217.293
7.0,129.0,35.8242,0.0527,336.8209,0.0359,3.5174,174.0,238.0,221.6133
42.1218,127.8997,69.5799,3.4667,24.375,0.1248,2.3161,-84.5843,-35.1761,-57.9557
8.1547,82.3235,39.0617,6.6708,87.8042,0.0711,2.8861,-77.2051,32.2862,-29.5083
61.9002,136.929,100.508,5.4458,48.2792,0.0779,2.6915,-101.0037,-38.6452,-77.0128
6.0,46.0,11.4844,0.0139,34.3542,0.1417,2.3308,226.0,246.0,242.5742
5.1449,99.0921,29.212,6.375,98.5583,0.1118,2.7441,-0.6967,35.0668,24.6213
3.0,17.0,3.6758,0.0025,2.3042,0.4961,1.0354,243.0,250.0,248.8125
2.0,211.0,50.582,0.0688,825.475,0.0603,3.4459,185.0,252.0,229.2188
68.3497,106.4015,84.8521,2.8042,13.7625,0.1374,2.114,-103.6105,-59.8774,-76.8059
4.285,107.9064,20.5363,7.5208,159.6542,0.1225,2.8163,11.7035,40.9373,34.6397
5.0,201.0,47.6406,0.099,1189.8625,0.0228,3.9915,172.0,243.0,218.9922
8.3696,80.3887,45.8269,5.9958,64.7292,0.079,2.7706,-5.332,31.8552,9.5246
19.1188,78.8838,55.633,2.9792,14.9792,0.1304,2.1303,-96.4604,-13.8821,-78.7457
4.0,213.0,119.9648,0.0745,618.7792,0.0281,3.7773,45.0,239.0,163.9141
15.4641,128.7596,64.3053,8.8458,137.8875,0.0535,3.1318,-18.8835,33.5741,13.251
6.4348,58.6755,18.9533,5.0417,43.6,0.0861,2.6023,-76.3651,33.7879,-3.4208
10.0,130.0,48.9297,0.0631,452.2875,0.0324,3.6019,168.0,237.0,213.5742
67.0598,104.4667,88.5975,3.7833,28.7583,0.1122,2.4146,-18.8835,-4.811,-13.8798
4.9299,136.499,44.883,8.4125,154.3125,0.0673,3.0687,-2.9995,39.276,24.3977
46.4215,123.3851,85.822,7.6625,92.0792,0.0584,2.964,-23.1677,5.1619,-8.276
3.0,52.0,13.3203,0.0209,65.2042,0.0938,2.6676,215.0,247.0,239.6445
5.3599,39.3271,8.258,1.3583,10.5833,0.4344,1.3808,19.4112,34.0016,31.7068
28.148,91.1378,60.895,3.3792,20.7375,0.1246,2.2614,-86.8425,-12.2468,-61.7964
16.9689,81.2486,49.1684,3.2458,19.4375,0.1255,2.2654,-64.0014,8.3395,-44.2619
83.1834,100.812,91.6265,1.05,2.3583,0.2932,1.3558,-105.205,-91.4921,-100.5636
3.64,42.1218,9.0406,2.2,19.7833,0.2958,1.8027,30.3397,41.3507,39.433
4.07,96.0824,11.3131,3.1292,66.0375,0.4539,1.5724,13.1275,40.7304,37.2454
8.0,239.0,106.0078,0.1299,1770.6416,0.018,4.187,165.0,247.0,199.2969
59.3204,111.1311,82.3579,3.9167,29.3833,0.1081,2.4284,-103.0842,-42.8494,-82.5831
41.6919,68.3497,62.1698,1.1708,2.9625,0.2904,1.4332,-94.8607,-52.3305,-85.9087
4.0,5.0,4.6016,0.0008,0.2042,0.675,0.5061,245.0,247.0,245.9844
4.07,70.4995,10.2743,2.8333,22.45,0.1981,2.1159,8.5817,41.7633,37.578
7.0,145.0,40.3945,0.0629,490.3209,0.0326,3.6723,165.0,235.0,214.9297
30.0828,95.4374,70.6633,5.7958,54.6625,0.0738,2.7457,-18.3204,3.3275,-7.3425
2.0,121.0,12.918,0.0304,290.7792,0.2396,2.2656,204.0,252.0,244.8555
59.9654,115.6457,83.526,3.3458,20.7792,0.1223,2.2874,-85.0325,-26.6771,-52.193
72.8643,90.4928,79.4615,0.7375,1.4875,0.38,1.1607,-112.4037,-101.0037,-106.4241
3.855,124.245,46.9069,11.2125,249.1458,0.053,3.3089,-8.4899,37.1816,20.1193
5.0,94.0,20.5938,0.0441,248.35,0.0483,3.2979,186.0,236.0,225.125
4.0,148.0,27.8398,0.0778,748.8,0.0278,3.7819,189.0,251.0,237.668
3.0,118.0,15.9219,0.0286,178.0208,0.154,2.653,193.0,251.0,242.7695
14.6041,72.8643,39.5689,3.3833,21.8667,0.1265,2.2693,-51.981,19.8689,-15.9466
50.9361,96.7273,77.8786,2.2542,9.1708,0.1698,1.9273,-83.6927,-40.2485,-58.2731
9.0,151.0,35.6602,0.0508,372.4959,0.0452,3.434,171.0,242.0,225.4688
5.0,199.0,96.9922,0.076,714.3752,0.0296,3.745,155.0,240.0,186.7305
6.0,90.0,17.6133,0.0195,74.4125,0.1294,2.5561,214.0,246.0,240.207
38.4672,113.2809,76.8331,3.8583,26.9917,0.1091,2.4058,-79.7594,-27.8638,-59.1211
7.0,83.0,20.9219,0.0251,100.5083,0.0927,2.8012,212.0,246.0,237.9453
5.3599,66.4148,25.1693,2.9958,17.2208,0.1348,2.1969,-10.6268,33.7879,16.2541
7.0,112.0,35.1484,0.0543,352.05,0.036,3.4962,201.0,246.0,231.4883
5.1449,28.148,9.6209,1.425,5.475,0.2675,1.6279,-30.264,36.7603,21.1204
10.0895,66.8448,37.2469,4.1,35.3583,0.1168,2.434,-84.1377,22.5934,-43.242
5.0,141.0,18.6367,0.034,213.5583,0.0718,3.031,193.0,245.0,237.6133
5.0,157.0,52.8281,0.0808,734.5125,0.0263,3.8249,140.0,238.0,205.1055
5.0,124.0,21.9531,0.0341,194.2583,0.0704,3.0476,176.0,240.0,229.5078
5.0,164.0,19.9453,0.0372,288.9458,0.068,3.0701,190.0,246.0,238.6445
20.4086,68.5646,42.5669,1.4333,4.325,0.2452,1.5884,-89.6102,-12.7902,-53.6055
10.5195,145.0983,76.5501,11.075,204.2667,0.0429,3.3189,-21.7274,31.6394,0.1395
6.4348,73.5092,36.5399,6.2375,67.4458,0.0715,2.8095,-5.8544,33.7879,13.5911
5.0,110.0,17.9219,0.0271,135.6833,0.0961,2.834,191.0,239.0,232.3164
7.0,125.0,48.7578,0.0697,578.5251,0.0281,3.7796,191.0,243.0,221.957
22.1285,122.3102,79.6488,9.4958,147.5542,0.0469,3.1986,-12.5183,24.6132,-0.8252
8.1547,87.2681,63.7653,3.9625,29.0292,0.1076,2.4136,-8.2246,30.7739,-1.6807
3.0,197.0,39.0938,0.0654,738.8542,0.0494,3.55,158.0,242.0,220.8906
19.0,157.0,72.3438,0.0539,328.5458,0.0359,3.5149,132.0,224.0,179.5234
2.0,91.0,15.9141,0.0321,168.45,0.0753,3.0113,211.0,252.0,244.2305
13.0,212.0,119.1836,0.1103,1218.421,0.0199,4.0848,134.0,228.0,169.3594
47.0,215.0,166.6914,0.0559,383.2834,0.0389,3.4877,189.0,225.0,194.0938
4.0,90.0,19.082,0.0506,350.9167,0.042,3.4382,197.0,245.0,233.3984
3.0,21.0,5.0078,0.0064,8.0125,0.251,1.7061,238.0,249.0,246.4961
36.3173,103.1768,79.2919,6.3958,74.8542,0.0716,2.8339,-22.0145,8.097,-12.7124
10.7345,79.5287,42.1101,5.6667,57.3167,0.0774,2.7443,-3.5153,32.0708,9.393
6.2198,125.7499,57.7517,9.6333,178.6583,0.0512,3.1918,-15.2567,34.4283,13.1092
5.0,179.0,59.4805,0.0965,1060.9875,0.0225,3.9638,164.0,239.0,210.7344
3.0,73.0,11.3594,0.0183,64.1125,0.1161,2.5362,216.0,248.0,243.7344
4.9299,48.3563,14.7813,3.7042,32.4125,0.123,2.3593,6.8795,34.6414,27.9743
4.285,148.323,75.2862,10.325,188.0083,0.0547,3.1944,-26.6771,39.6925,6.4793
41.4769,97.3723,73.6839,4.4583,36.625,0.0958,2.5284,-12.2468,4.1733,-8.5255
76.949,84.9033,80.5533,0.3375,0.4708,0.5728,0.7261,-98.9616,-89.6102,-93.6382
50.5061,81.4636,69.721,1.2833,4.0667,0.2697,1.5238,-95.8417,-28.4606,-75.0175
9.0,182.0,75.8359,0.1063,1156.5585,0.0199,4.0436,155.0,237.0,199.1133
5.3599,89.2029,38.1984,8.1333,118.8834,0.0585,3.0566,-13.8821,34.215,12.2526
31.8027,105.3266,80.1183,4.5625,37.2708,0.0944,2.5132,-25.2057,-3.2572,-19.1633
3.0,61.0,7.625,0.0086,33.9667,0.32,1.6409,221.0,247.0,244.2461
5.0,70.0,12.2969,0.0186,69.525,0.1573,2.4648,200.0,239.0,233.5234
2.0,20.0,3.7188,0.0041,5.5583,0.4264,1.2999,242.0,254.0,251.7852
4.07,115.2158,26.2871,7.425,162.8,0.1668,2.6593,5.4082,40.3158,30.5424
77.8089,96.0824,88.1801,0.6875,1.0458,0.3891,1.0531,-102.5603,-75.5307,-90.3883
2.0,45.0,4.7656,0.0093,31.4625,0.3097,1.7613,231.0,253.0,248.9219
6.8648,115.2158,30.4297,5.5667,63.2667,0.0823,2.7712,-9.8224,32.9311,19.7146
5.7899,137.3589,51.9346,8.7667,166.1667,0.0665,3.1044,-13.6085,34.215,10.9511
67.9197,110.0562,89.0576,3.9875,29.7708,0.1066,2.4416,-72.6526,-40.8945,-61.385
2.0,19.0,3.2383,0.0028,3.3625,0.4943,1.0711,239.0,249.0,247.0039
16.0,191.0,93.1797,0.0832,666.0958,0.0252,3.8207,155.0,230.0,184.8125
10.0,204.0,98.4141,0.095,983.5042,0.0216,3.9957,152.0,237.0,186.1641
6.0,102.0,20.4883,0.0282,143.8125,0.0876,2.8622,209.0,247.0,239.3516
61.4702,127.6847,90.964,8.2875,112.0458,0.0534,3.0612,-19.7316,-5.593,-10.6754
2.0,177.0,29.6094,0.0842,1082.775,0.0335,3.7835,194.0,253.0,239.1641
15.0,190.0,82.2031,0.0769,628.6542,0.0249,3.8413,157.0,231.0,192.8516
85.1183,106.4015,93.9787,2.1708,9.3125,0.1764,1.9167,-109.0203,-88.2182,-101.8816
64.05,119.0854,88.8587,5.1333,45.525,0.084,2.628,-22.8787,-9.0217,-16.3216
5.0,181.0,41.5859,0.0667,538.9625,0.0319,3.671,174.0,242.0,222.3984
49.4312,69.6396,59.2507,0.8458,1.6042,0.3593,1.1793,-87.7579,-67.082,-77.6708
62.3302,73.9392,66.6365,0.3833,0.4417,0.5259,0.7424,-105.7418,-95.8417,-101.6857
96.0,218.0,167.1484,0.0645,431.3209,0.0308,3.6145,153.0,177.0,157.3711
5.0,166.0,32.3359,0.0665,572.0459,0.0331,3.6781,170.0,242.0,222.5938
4.0,9.0,5.6328,0.0014,0.5375,0.5609,0.7817,242.0,246.0,244.1328
4.07,73.0793,14.0188,5.1625,76.8208,0.1847,2.4109,26.6133,41.5571,38.0552
8.3696,113.0659,49.4279,11.1875,209.2959,0.0421,3.3254,-17.4794,35.0668,10.9683
7.5097,119.5154,48.1808,11.6292,216.1458,0.0424,3.3184,-5.0714,36.971,20.6585
12.0,194.0,92.2617,0.0963,926.2626,0.0235,3.9297,154.0,232.0,186.7617
4.0,255.0,75.4414,0.1608,2980.2209,0.0164,4.3005,166.0,245.0,210.7773
5.0,236.0,62.5977,0.0918,1275.3168,0.0333,3.8701,165.0,250.0,221.168
9.4446,86.1932,36.3316,6.125,65.75,0.0735,2.7836,-85.4825,26.1705,-13.6842
30.7278,58.6755,47.4301,1.25,3.9583,0.276,1.5203,-88.2182,-29.3597,-67.341
3.0,88.0,11.7695,0.0316,214.7125,0.0873,2.8881,196.0,244.0,238.4961
54.1609,125.1049,86.4871,5.4875,60.1875,0.0809,2.7418,-26.0869,-2.4852,-7.2355
5.3599,142.0885,38.0196,8.4625,171.7625,0.0989,2.9376,-7.431,38.4406,23.9195
5.0,78.0,23.0586,0.0269,88.0542,0.0683,2.8978,214.0,245.0,237.0625
5.0,111.0,44.1211,0.0543,315.2,0.0378,3.4653,204.0,246.0,230.0234
5.7899,143.1635,73.8654,9.9583,168.6417,0.0466,3.2225,-32.0881,38.6498,6.1495
10.0,148.0,61.8398,0.0872,884.9084,0.0236,3.9306,181.0,243.0,215.7539
16.0,172.0,76.2656,0.112,1245.8335,0.0191,4.102,174.0,241.0,209.5664
3.0,97.0,25.3086,0.0577,394.6417,0.0348,3.571,209.0,252.0,241.375
4.0,24.0,5.7656,0.0034,4.725,0.474,1.1576,236.0,246.0,244.8125
31.5877,123.1701,72.7031,9.0333,146.75,0.0526,3.1429,-12.5183,15.7117,-4.4893
3.2101,58.4605,6.9009,2.075,20.1,0.3727,1.6433,23.9421,42.1752,40.4549
4.715,17.3989,8.0337,0.6792,1.8208,0.4659,1.0928,0.8227,33.7879,28.8613
6.6498,98.6621,39.977,9.0125,142.4208,0.0552,3.1079,-14.1561,32.7164,12.9922
8.7996,91.1378,49.7251,7.425,90.7,0.0595,2.9557,-23.1677,30.1224,4.287
5.0,144.0,40.5039,0.0909,1054.0376,0.0253,3.9303,193.0,249.0,230.0742
6.6498,136.069,72.0363,11.1333,223.1,0.0441,3.3396,-16.3644,34.0016,2.2133
6.2198,115.0008,58.4882,7.5792,115.7208,0.0732,2.9633,-22.5901,33.3599,5.6448
3.0,195.0,58.9219,0.0575,614.7667,0.1009,3.1781,153.0,240.0,209.625
65.5549,107.9064,88.1432,4.4167,33.8,0.0941,2.5114,-58.0431,-30.264,-44.1541
7.7247,121.4503,61.7566,13.05,268.725,0.0355,3.4724,-9.2882,33.7879,10.948
5.5749,53.5159,23.5091,3.1125,17.9375,0.1298,2.227,-11.9758,33.3599,15.6124
7.0,155.0,44.6367,0.0653,549.5833,0.0362,3.6145,161.0,240.0,215.7852
20.0,171.0,92.9023,0.0926,903.6375,0.0231,3.943,142.0,227.0,179.1836
16.0,147.0,82.3711,0.0734,541.6792,0.0277,3.7327,161.0,231.0,191.6836
2.0,4.0,2.9375,0.0003,0.075,0.8613,0.2664,247.0,250.0,249.3906
10.0,136.0,52.9727,0.0876,803.9916,0.0232,3.9174,161.0,234.0,210.5117
2.0,3.0,2.0156,0.0001,0.0167,0.9672,0.0848,246.0,248.0,246.8789
63.6201,94.5775,82.9525,1.5542,4.9292,0.2239,1.6394,-107.9162,-60.9898,-93.3431
5.1449,54.5908,11.0301,2.9083,33.1,0.2362,2.0133,19.1819,35.0668,32.1024
4.0,179.0,32.4141,0.0424,393.2667,0.0752,3.1054,195.0,247.0,235.4531
3.4251,26.8581,4.5058,0.4458,3.7875,0.8262,0.5078,32.2862,41.5571,40.733
7.0,176.0,81.75,0.0976,1012.6793,0.0217,3.999,153.0,238.0,193.0781
5.0,116.0,36.0195,0.0703,568.975,0.0315,3.6985,171.0,234.0,216.6875
81.0336,93.7176,86.1126,1.0917,3.275,0.3123,1.4135,-101.0037,-86.8425,-96.5803
9.0,206.0,87.8633,0.0928,975.2958,0.0222,3.9753,153.0,233.0,190.0977
4.9299,69.6396,17.5904,4.4,55.1417,0.2067,2.3038,-1.9724,35.4914,26.6403
11.0,201.0,83.6602,0.1004,1033.2999,0.0218,3.9614,155.0,236.0,193.1172
4.9299,102.3168,17.6374,5.6375,91.2125,0.1124,2.6551,14.3063,35.7034,30.8259
3.0,157.0,33.0313,0.0848,941.4208,0.0254,3.8871,184.0,251.0,234.5391
5.3599,77.8089,39.993,4.8208,41.1792,0.0891,2.6033,-8.4899,33.7879,7.8895
59.7504,116.9356,92.0262,2.6167,13.7,0.1525,2.0887,-107.9162,-55.1578,-84.8907
3.0,111.0,17.8164,0.0331,167.1458,0.0639,3.0648,186.0,241.0,232.7109
9.2296,115.8607,60.8681,8.3625,116.2542,0.0534,3.0851,-31.4778,26.1705,-14.2234
61.0403,141.8736,98.0281,6.0417,64.825,0.0731,2.7884,-105.205,-38.3266,-77.8117
7.0,188.0,84.0508,0.0947,901.7875,0.021,3.9842,150.0,236.0,187.5078
6.0048,128.3297,33.4705,7.75,120.8667,0.0672,3.0057,-29.0595,37.6021,21.1386
7.5097,107.6914,62.263,7.6958,100.0542,0.0618,2.9786,-18.6017,31.207,-3.1764
5.0,148.0,42.9922,0.079,725.2166,0.026,3.8399,180.0,244.0,223.3594
5.7899,74.1542,20.9066,6.0708,86.9708,0.0941,2.7553,-2.9995,33.3599,25.8001
3.0,25.0,4.7734,0.0049,7.8792,0.3535,1.4045,237.0,247.0,246.1211
8.0,112.0,34.6016,0.0451,255.5917,0.0454,3.3419,187.0,239.0,224.0938
2.0,133.0,15.5938,0.0407,397.5209,0.1011,2.9483,199.0,253.0,244.2344
74.1542,87.6981,81.7415,0.4792,0.6708,0.4742,0.8903,-99.978,-84.1377,-94.1074
85.5482,99.5221,91.4351,1.3333,3.9583,0.2614,1.5531,-107.3685,-99.978,-103.3831
39.0,195.0,131.2539,0.069,469.7583,0.0276,3.6791,153.0,214.0,165.8008
5.0,103.0,10.2656,0.0127,74.0583,0.433,1.5578,197.0,249.0,245.4648
3.0,118.0,16.6289,0.0369,308.7208,0.1242,2.8673,183.0,242.0,235.1836
4.715,124.03,19.5067,5.9667,94.3667,0.1219,2.6746,-11.4349,39.4844,32.9627
17.6139,130.4795,75.8228,12.0583,224.0584,0.0399,3.3445,-14.4306,26.392,4.0266
7.0,166.0,75.5547,0.0868,881.9709,0.0257,3.8929,154.0,237.0,197.1445
4.0,74.0,11.5859,0.0201,64.9917,0.0985,2.6154,214.0,248.0,242.9922
2.0,132.0,29.4336,0.0739,749.8042,0.0355,3.716,201.0,254.0,239.6914
8.5846,114.3558,70.9051,9.6583,150.7833,0.0494,3.1665,-10.0901,32.2862,-1.2669
5.5749,60.6103,20.0769,4.6292,47.3542,0.1162,2.5422,-4.0324,33.7879,23.2095
6.8648,102.1019,34.3111,6.3792,82.9958,0.073,2.8473,-42.1949,36.3381,8.1682
1.0,40.0,5.1836,0.0146,43.5292,0.148,2.31,230.0,253.0,249.918
74.3692,87.6981,80.3097,0.9167,1.6917,0.3301,1.2322,-106.2813,-93.8882,-100.9244
8.0,81.0,19.1328,0.027,126.6667,0.0884,2.8506,204.0,244.0,234.1641
56.9556,73.0793,66.3519,0.5958,0.9375,0.4225,1.0076,-105.7418,-93.405,-100.3243
7.0798,99.952,36.2863,7.1208,93.4208,0.0657,2.9312,-11.9758,32.7164,16.5666
9.0,209.0,89.4766,0.1182,1490.5878,0.0181,4.193,158.0,236.0,191.3047
2.0,3.0,2.2852,0.0008,0.2042,0.675,0.5061,247.0,250.0,249.0039
54.8058,85.3333,72.8056,0.825,1.525,0.3476,1.1977,-96.9562,-51.981,-80.9855
6.6498,122.5252,74.3843,7.8167,108.2667,0.0591,3.0167,-13.0626,32.5014,-5.01
3.2101,15.2491,4.0641,0.2375,1.0292,0.8277,0.4386,35.4914,40.7304,39.681
4.5,108.3363,58.4983,6.5042,73.8042,0.0691,2.8638,-35.8011,39.6925,5.0236
77.1639,85.1183,80.8119,0.1917,0.2083,0.6976,0.5103,-96.9562,-81.929,-87.3089
8.0,194.0,89.3789,0.0912,869.4418,0.0243,3.9166,161.0,237.0,194.5469
65.9849,82.1085,74.2508,0.6958,1.1208,0.388,1.0735,-109.0203,-88.2182,-100.9935
7.0,146.0,50.5313,0.0936,907.8249,0.0213,3.9907,192.0,246.0,224.3242
4.0,28.0,8.3242,0.0112,17.0583,0.1576,2.1046,237.0,247.0,244.3672
5.0,205.0,99.9414,0.1065,1388.9626,0.0221,4.0489,152.0,236.0,186.0313
3.0,37.0,5.0547,0.006,16.2542,0.3866,1.4387,230.0,249.0,247.0469
6.2198,92.8576,18.971,5.6625,86.3292,0.1165,2.6535,-11.7051,33.5741,25.8344
5.1449,99.7371,20.7941,3.6,32.275,0.1521,2.3295,-55.8736,37.6021,12.9766
8.0,160.0,55.7695,0.0852,873.3625,0.0273,3.8507,178.0,245.0,218.6875
9.0,182.0,61.3516,0.089,958.3293,0.0239,3.9355,172.0,244.0,216.3828
7.0,141.0,32.9063,0.067,547.2209,0.0325,3.6859,166.0,237.0,218.8398
9.0,167.0,61.8086,0.0704,536.7501,0.0289,3.7088,155.0,231.0,200.7109
4.0,152.0,42.0977,0.0762,686.5792,0.0285,3.8058,161.0,244.0,215.4492
5.0,232.0,109.8516,0.0878,924.4875,0.0315,3.8488,155.0,240.0,189.0508
3.0,102.0,11.3555,0.0317,205.2834,0.0857,2.9277,209.0,250.0,245.2969
81.4636,98.0172,89.7908,0.525,0.775,0.4506,0.9439,-99.4687,-78.9021,-93.2123
31.5877,121.4503,78.5109,8.8375,122.7458,0.0512,3.0968,-31.1735,4.9152,-20.9565
55.0208,120.1604,99.1576,2.8375,14.4625,0.1408,2.1277,-108.4668,-47.1751,-77.6324
3.2101,29.6529,3.6115,0.1375,1.9542,0.9348,0.1866,31.6394,42.3808,41.672
11.1644,90.0629,38.6015,2.7083,17.6833,0.1658,2.1191,-94.3734,20.5535,-39.9307
7.0,189.0,103.625,0.0889,813.8126,0.0233,3.9156,150.0,236.0,178.7422
2.0,144.0,39.1797,0.0927,1103.5792,0.0247,3.9382,199.0,254.0,236.0547
5.0,152.0,43.4297,0.0569,576.2334,0.0491,3.4366,127.0,238.0,210.2188
79.5287,92.8576,84.0274,0.5875,1.4375,0.4689,1.0341,-106.8235,-90.0778,-97.664
4.9299,31.5877,14.6402,1.7875,7.3292,0.2153,1.798,-52.3305,34.0016,4.5046
55.0,190.0,113.5586,0.0589,387.3833,0.0358,3.5328,47.0,148.0,102.4922
4.0,12.0,5.1133,0.0008,0.4833,0.749,0.5211,241.0,247.0,245.3477
8.0,147.0,54.0781,0.0931,994.0626,0.0233,3.9681,183.0,237.0,216.8086
10.0,144.0,59.6563,0.0733,566.8209,0.0274,3.7527,180.0,243.0,216.4922
8.0,161.0,53.1133,0.0846,785.0792,0.0256,3.8532,161.0,236.0,210.7227
74.1542,90.4928,82.4755,0.6917,1.5667,0.4155,1.1368,-91.0187,-71.0365,-81.8803
11.8094,88.558,46.0444,10.7875,185.5375,0.0449,3.2767,-59.1408,25.5045,-25.0877
7.0798,124.245,50.9092,9.6583,157.175,0.047,3.2115,-26.0869,32.9311,1.6107
38.8971,119.5154,72.8827,6.4792,71.9458,0.0674,2.8557,-27.2694,-0.1888,-19.4267
11.8094,88.558,48.447,7.0958,95.7042,0.0655,2.9265,-23.7475,26.1705,-5.2431
2.0,38.0,3.8828,0.0049,15.3458,0.5286,1.1401,231.0,252.0,248.7148
7.0,147.0,46.2578,0.0704,571.525,0.0292,3.7264,183.0,247.0,225.0117
35.6724,75.0141,60.8925,1.7917,5.575,0.2011,1.7107,-96.9562,-22.302,-84.5701
4.0,81.0,17.0859,0.035,185.1125,0.0627,3.1047,202.0,242.0,233.5898
5.1449,79.5287,20.4876,5.4958,59.8208,0.0865,2.6922,10.9876,39.276,30.1124
3.2101,51.1511,6.7136,1.3958,15.5625,0.5453,1.1764,27.0552,39.276,36.6243
8.0,131.0,39.1484,0.0658,519.0876,0.0315,3.6908,170.0,239.0,218.0234
19.5487,111.5611,61.7264,7.1917,100.45,0.0661,2.9322,-10.0901,25.7267,3.0331
8.0,139.0,46.6641,0.0711,572.875,0.0284,3.7283,182.0,245.0,223.1406
85.3333,100.597,91.2436,0.8375,1.6208,0.343,1.2156,-103.0842,-80.1903,-94.0674
42.9818,110.2712,86.4921,4.5542,32.5875,0.0912,2.4942,-104.1394,-12.7902,-81.1697
8.1547,122.7401,55.0351,9.8875,161.9625,0.0472,3.2123,-20.0152,34.6414,7.6173
74.7991,88.988,80.8841,0.6542,1.1792,0.4076,1.0724,-114.1375,-99.978,-106.9244
3.0,146.0,23.4688,0.0623,691.8958,0.0503,3.4926,186.0,242.0,230.207
2.0,41.0,7.8438,0.0178,50.2875,0.1069,2.5478,234.0,252.0,248.6328
5.0,208.0,118.9336,0.0953,1033.9834,0.0233,3.9536,148.0,235.0,174.0664
79.0988,91.7827,84.6338,0.9083,1.8167,0.3444,1.2256,-116.4959,-107.9162,-112.5977
49.8612,84.6883,71.1704,0.8625,1.7375,0.3407,1.2385,-96.9562,-49.9017,-79.829
5.0,116.0,40.3398,0.065,481.4333,0.03,3.6949,186.0,242.0,220.8594
3.0,12.0,3.4453,0.0011,0.5208,0.6727,0.6575,241.0,249.0,246.7813
8.0,155.0,46.4492,0.0799,861.025,0.0295,3.772,107.0,227.0,189.1602
8.0,192.0,74.6133,0.0869,783.6541,0.0236,3.9067,157.0,236.0,198.8164
10.9494,95.0074,61.2108,5.8458,60.0875,0.0757,2.7595,-17.1999,29.687,-5.2064
5.0,144.0,27.0195,0.0591,538.9,0.0397,3.5521,187.0,246.0,233.1328
15.0341,73.0793,46.7272,2.7375,13.9792,0.1522,2.0807,-81.4919,14.5413,-41.9865
7.5097,83.6134,46.5021,6.0333,66.3417,0.0735,2.8056,-17.4794,27.2758,-1.4013
3.0,47.0,6.9766,0.0114,24.9583,0.161,2.1511,230.0,252.0,247.6758
6.4348,92.4277,31.6473,8.5167,132.3,0.0552,3.0876,-79.7594,37.1816,-10.4002
6.0048,62.5452,28.0027,3.4708,21.9042,0.117,2.3179,-10.0901,33.1456,14.2351
10.0,146.0,51.0273,0.0613,417.4333,0.0307,3.6437,176.0,243.0,218.4023
6.6498,134.7791,34.9535,9.4417,206.0,0.0681,3.1349,-4.0324,37.6021,25.8399
6.0,167.0,50.168,0.0772,754.1251,0.0279,3.8231,157.0,237.0,210.418
74.3692,85.5482,80.691,0.2958,0.3375,0.5907,0.6619,-104.1394,-96.4604,-99.8774
4.5,83.1834,24.4925,8.6625,148.3542,0.0603,3.0939,-7.431,35.9152,23.0581
4.0,70.0,8.3281,0.0155,68.4583,0.2043,2.2059,217.0,247.0,244.5469
60.3953,82.1085,71.9699,0.8333,1.725,0.3498,1.2316,-108.4668,-82.3676,-96.8948
76.519,103.8217,86.8457,1.1333,3.8333,0.3139,1.4301,-100.4897,-75.5307,-95.5672
4.0,84.0,23.168,0.0258,104.2625,0.081,2.8656,207.0,245.0,236.8086
3.0,135.0,27.7188,0.0744,702.6166,0.0311,3.7258,188.0,250.0,235.6602
3.0,15.0,5.125,0.0044,3.9208,0.3175,1.439,239.0,246.0,244.0391
30.5128,98.0172,70.9504,7.3792,91.5375,0.0613,2.9637,-30.5666,0.3176,-23.5494
6.6498,66.6298,31.3677,4.0667,32.5083,0.1057,2.4567,-85.4825,34.215,-36.4352
6.4348,112.206,42.4737,6.3458,71.7042,0.0735,2.8036,-95.8417,34.6414,-39.5062
3.855,136.929,21.1754,5.2917,138.925,0.2714,2.1187,-6.9039,39.6925,32.9986
5.0,187.0,78.8047,0.0923,883.4042,0.0224,3.9528,151.0,236.0,193.2969
9.8745,104.2517,75.6541,5.525,57.0083,0.0813,2.6944,-71.4387,22.8188,-52.6813
64.695,105.1116,85.9068,2.7792,15.3292,0.1472,2.1253,-20.0152,-7.431,-15.1446
27.0731,98.0172,64.9007,6.3375,67.1042,0.0697,2.8287,-35.4883,8.097,-18.3502
80.3887,88.558,84.2206,0.4,0.575,0.5272,0.821,-100.4897,-93.405,-96.6041
12.0,122.0,47.6953,0.06,383.6125,0.033,3.5835,176.0,235.0,213.3672
1.0,55.0,4.7695,0.013,57.8125,0.2598,1.9573,220.0,249.0,246.5273
2.0,138.0,11.6367,0.0341,324.4042,0.1301,2.7233,192.0,253.0,245.9063
3.64,138.4338,43.2094,10.1333,213.525,0.0652,3.2093,-22.5901,41.7633,21.2112
9.6595,71.5744,23.0287,2.2625,17.3625,0.2014,1.8521,-78.0507,19.8689,-15.9814
5.5749,31.3727,9.3992,1.7667,10.675,0.2836,1.7337,13.5999,35.9152,32.6062
4.0,195.0,79.8555,0.103,1316.2625,0.0217,4.0632,155.0,239.0,196.1289
4.285,47.4964,5.742,0.35,2.6167,0.8566,0.415,13.3639,35.2792,33.969
4.0,121.0,19.6211,0.0302,158.7042,0.0855,2.9024,189.0,250.0,238.8281
8.5846,155.2025,68.6596,10.8708,213.2958,0.0476,3.2589,-18.0396,32.0708,8.7462
9.0,140.0,42.0078,0.0749,671.3083,0.0273,3.8057,173.0,245.0,226.2969
4.0,133.0,25.75,0.044,305.975,0.0509,3.3119,178.0,250.0,235.8633
3.0,7.0,3.0859,0.0003,0.0958,0.8823,0.2491,245.0,249.0,247.0508
40.402,80.8186,60.9975,1.8,6.7333,0.2148,1.7627,-94.3734,-63.2422,-85.3542
1.0,40.0,3.8828,0.0106,26.125,0.1943,2.0533,232.0,252.0,249.1836
4.715,94.7925,35.0602,10.8208,211.8292,0.0462,3.3051,14.5413,41.1441,30.5744
75.0141,103.3918,88.7192,1.6833,6.0583,0.2157,1.7233,-106.2813,-75.1155,-97.4645
7.0,95.0,17.0156,0.0228,84.4333,0.1009,2.7056,193.0,239.0,232.7109
83.8284,100.597,93.4799,1.3583,4.2583,0.253,1.586,-109.0203,-95.3502,-104.8254
3.0,93.0,15.2617,0.0366,214.025,0.0626,3.126,209.0,252.0,244.2734
7.9397,150.0429,43.8963,11.6958,244.8875,0.0416,3.365,-18.6017,32.2862,11.8212
9.0,171.0,87.6211,0.0924,840.9417,0.0238,3.8794,153.0,231.0,187.6367
10.0,84.0,31.4102,0.0476,261.8625,0.0396,3.4133,215.0,243.0,233.6133
84.2583,109.4113,94.2147,1.5292,5.0125,0.2308,1.655,-103.6105,-78.9021,-95.2745
48.5713,105.3266,80.2711,2.9083,14.4333,0.1426,2.1172,-112.4037,-54.8014,-93.0046
10.5195,99.0921,47.9432,6.8083,75.0667,0.065,2.8747,-22.302,30.5569,1.5543
9.2296,70.0695,39.4136,4.5125,39.9375,0.0987,2.562,-94.3734,27.7162,-46.2436
68.5646,83.3984,77.4268,0.5958,0.9458,0.4202,1.0147,-108.4668,-79.33,-98.0418
24.7083,75.6591,46.7658,4.4583,33.75,0.0944,2.5141,-19.4484,14.7759,-3.2434
9.0,184.0,71.3477,0.0987,1027.7041,0.0229,3.95,166.0,246.0,210.6055
7.0,130.0,21.7852,0.0304,156.4167,0.0832,2.9435,203.0,246.0,238.5508
11.0,152.0,66.7578,0.1063,1139.9873,0.0205,4.0568,178.0,242.0,212.2383
36.9623,124.245,76.0529,4.375,35.8917,0.1,2.5068,-94.8607,-4.5511,-34.6326
46.8515,78.6688,67.6426,1.5917,4.525,0.2197,1.6308,-97.9544,-53.7371,-82.028
9.2296,77.3789,44.0592,7.5417,101.4,0.0601,2.9965,-14.1561,30.3397,2.5608
2.0,155.0,46.6445,0.0426,238.0792,0.0498,3.317,191.0,247.0,225.1328
6.0,199.0,74.3047,0.0856,861.6916,0.0239,3.8904,159.0,239.0,197.3828
5.0,137.0,34.8633,0.0884,1017.95,0.0266,3.8574,195.0,250.0,233.457
13.5292,84.9033,52.3108,9.6125,141.4375,0.0487,3.153,-14.7056,27.0552,4.2417
8.0,116.0,38.3242,0.0735,582.7875,0.0275,3.7551,186.0,245.0,227.1836
32.4477,89.2029,59.5497,2.9167,15.5417,0.135,2.165,-28.1619,-9.0217,-20.2064
7.0,229.0,87.8516,0.1242,1691.567,0.0178,4.1903,148.0,237.0,194.9102
4.0,160.0,41.6055,0.0551,539.5708,0.074,3.303,139.0,236.0,201.6289
76.304,86.8381,82.2882,0.4208,0.5125,0.5098,0.7628,-98.9616,-91.0187,-95.1608
44.0567,124.89,81.5325,10.2833,180.2,0.0458,3.2622,-27.8638,-3.5153,-14.1268
2.0,87.0,17.0938,0.0486,355.2625,0.0544,3.3643,207.0,247.0,238.25
1.0,2.0,1.7109,0.0004,0.1125,0.8003,0.3517,249.0,255.0,251.5156
5.5749,99.7371,42.2478,10.9542,202.4042,0.0422,3.3333,8.8237,35.2792,23.121
4.0,179.0,62.2539,0.0854,905.2333,0.0265,3.8757,153.0,238.0,204.3789
1.0,166.0,31.7773,0.0781,1016.4209,0.0425,3.7059,196.0,253.0,238.5742
12.0,172.0,84.2109,0.073,547.5917,0.0275,3.7418,159.0,238.0,199.3672
9.0,165.0,63.1211,0.1005,1057.4541,0.0217,3.9946,177.0,244.0,214.7266
5.0,170.0,26.0703,0.0656,677.475,0.0358,3.6136,177.0,240.0,229.3398
5.0,150.0,59.4922,0.0951,909.2542,0.0236,3.9046,175.0,244.0,211.6484
3.64,47.9264,6.78,1.7375,18.8542,0.4435,1.4491,22.1418,41.7633,39.1503
3.64,76.734,14.6957,4.8292,79.1292,0.18,2.3955,22.1418,41.7633,37.4859
82.3235,87.6981,85.1805,0.1583,0.1583,0.7335,0.4369,-100.4897,-93.405,-97.274
35.0274,164.4467,91.5283,9.85,169.5,0.0484,3.2176,-59.1408,9.5477,-10.7001
3.64,90.7078,9.7947,1.9208,34.2792,0.6242,1.0969,-0.6967,39.9005,37.485
4.5,39.3271,7.6466,1.4292,8.5542,0.3477,1.5301,29.9047,40.9373,38.6698
55.6657,127.0398,83.7041,8.975,146.5917,0.0524,3.1605,-25.2057,-9.5551,-16.7857
3.0,81.0,12.9961,0.025,105.0875,0.0889,2.8225,206.0,251.0,243.0625
6.2198,79.9587,34.757,7.7417,103.55,0.0594,3.002,-14.7056,33.7879,12.9126
43.8417,66.4148,55.2484,1.2667,3.5083,0.2666,1.5089,-99.4687,-72.6526,-91.3158
2.0,94.0,22.1484,0.0447,262.8,0.0462,3.3585,209.0,252.0,240.9336
5.0,203.0,44.6094,0.0976,1097.5084,0.0219,4.0278,167.0,240.0,220.2891
3.0,95.0,16.8359,0.0444,318.5291,0.0528,3.3181,204.0,251.0,242.5898
3.0,127.0,24.9609,0.031,153.3417,0.0832,2.9498,200.0,249.0,238.6367
9.0,149.0,52.8516,0.069,545.2167,0.0307,3.6996,160.0,236.0,207.9727
6.2198,96.5123,66.288,5.65,55.7583,0.0777,2.7298,-16.3644,33.7879,-7.1531
44.7016,121.6652,89.9227,7.3292,86.3542,0.0616,2.9126,-41.5433,-11.4349,-24.5329
12.4543,96.7273,72.5385,4.9833,49.2833,0.0902,2.6247,-21.1547,29.687,-10.2919
2.0,26.0,3.2188,0.0018,4.5458,0.7206,0.631,239.0,251.0,249.3672
62.9751,121.2353,89.5783,4.1917,31.325,0.1015,2.4727,-83.6927,-27.8638,-50.0198
5.3599,77.1639,28.761,6.325,78.5917,0.0725,2.8628,-4.2916,34.215,19.7159
1.0,162.0,19.5078,0.0475,646.5125,0.2263,2.4817,198.0,253.0,244.3008
4.0,130.0,36.7695,0.0633,486.5083,0.0341,3.6299,182.0,241.0,222.2852
4.0,97.0,24.6758,0.0428,270.8708,0.0532,3.2816,205.0,247.0,236.5742
6.0,100.0,14.1758,0.0151,63.1792,0.221,2.1706,199.0,244.0,239.6602
5.3599,71.7894,27.0874,3.7792,28.7708,0.1144,2.3996,-90.0778,35.4914,-12.573
4.0,26.0,6.0469,0.0042,6.125,0.3643,1.3269,219.0,239.0,233.8672
3.0,139.0,28.9805,0.0644,591.0958,0.0428,3.5926,186.0,245.0,229.5313
3.855,65.3399,16.0964,3.6417,50.825,0.3105,1.9645,-44.4983,39.0675,23.0608
1.0,18.0,2.5508,0.0075,13.7,0.2738,1.7494,243.0,253.0,251.1523
6.2198,71.7894,21.9673,4.7583,49.8417,0.1058,2.5818,-3.5153,34.0016,21.4711
12.0,174.0,70.9336,0.0953,957.6626,0.0219,3.9634,159.0,234.0,203.3008
5.0,179.0,68.2656,0.0853,886.5667,0.0256,3.9162,158.0,238.0,200.4766
18.4738,76.949,45.1576,4.0208,31.9542,0.1068,2.4676,-86.3875,0.3176,-55.8531
4.0,148.0,32.0625,0.0608,546.9709,0.0388,3.5703,155.0,237.0,218.5234
10.0,175.0,64.9063,0.0679,514.4625,0.0288,3.724,164.0,243.0,210.9141
29.6529,69.4246,44.6537,1.7667,6.65,0.2097,1.7675,-96.4604,-8.2246,-46.3438
42.5518,70.0695,55.7363,1.6,4.6333,0.2175,1.6371,-90.0778,-61.3626,-76.6461
73.5092,92.4277,85.3669,0.6167,1.05,0.4169,1.0465,-99.978,-84.5843,-93.9582
9.0,93.0,27.9414,0.0437,219.425,0.0438,3.3285,202.0,243.0,231.6133
7.0,171.0,73.6289,0.08,740.1833,0.0255,3.8339,151.0,236.0,193.3711
73.0793,86.8381,82.7417,0.4958,0.6875,0.4623,0.9026,-95.8417,-79.7594,-90.4436
20.1937,88.773,61.4366,5.3875,51.9208,0.0813,2.6994,-1.4611,21.6893,4.2844
4.0,110.0,25.8867,0.0375,217.5208,0.0594,3.1677,173.0,237.0,223.5117
8.7996,91.9977,68.8384,6.1292,81.8042,0.0769,2.7871,-13.8821,32.2862,-7.7101
4.0,182.0,64.0859,0.0945,919.7751,0.0215,3.9708,151.0,238.0,200.8906
7.0,72.0,15.8477,0.019,73.6167,0.129,2.5177,210.0,245.0,239.6445
26.8581,68.5646,52.5955,1.8917,10.0,0.2267,1.8374,-93.8882,-9.5551,-69.138
4.0,36.0,8.7266,0.0098,23.9333,0.2362,1.9463,222.0,241.0,237.9102
4.07,58.6755,7.1033,1.6417,25.8417,0.4512,1.3328,15.2443,38.4406,36.7494
7.0,120.0,38.2266,0.0648,459.1791,0.0311,3.6472,193.0,247.0,229.3086
3.64,51.796,8.9852,2.5333,22.9,0.2719,1.9227,24.3897,39.4844,37.1076
1.0,167.0,10.0195,0.0222,254.6292,0.3353,1.8188,186.0,249.0,244.7969
38.4672,73.2943,60.1703,2.3875,10.2792,0.1572,1.9907,-93.405,-52.3305,-83.6113
83.6134,97.5872,90.5928,1.1792,3.0208,0.2788,1.4584,-100.4897,-78.4757,-90.8596
19.9787,92.6426,62.5645,7.2542,93.8458,0.0628,2.9714,-15.2567,23.044,-3.6174
7.5097,103.3918,32.8759,7.5875,100.9875,0.0597,2.9756,-68.6495,28.8133,-1.5838
24.0633,90.7078,69.1441,6.3292,67.7542,0.0692,2.8122,-18.0396,7.6109,-10.6915
3.4251,50.0762,8.2798,2.9042,32.2208,0.2396,2.0188,27.4961,43.2015,40.8101
3.4251,87.2681,11.1636,4.0833,56.6083,0.19,2.2742,19.8689,42.5862,39.2063
5.0,169.0,39.3125,0.072,868.6791,0.0431,3.6115,77.0,237.0,203.2266
2.0,196.0,32.7188,0.088,1245.0417,0.0296,3.8102,176.0,250.0,234.0039
4.07,61.6852,15.4372,5.8875,92.4625,0.1044,2.695,25.282,41.5571,38.0152
26.2132,74.7991,48.4596,2.6583,11.9,0.1442,2.0507,-80.6227,-9.5551,-44.5611
2.0,93.0,15.6523,0.0453,326.0833,0.0637,3.2452,205.0,249.0,241.0391
65.1249,72.8643,68.5747,0.2917,0.3333,0.5946,0.6575,-106.8235,-96.4604,-103.0566
72.2194,87.913,80.4407,0.7292,1.3292,0.3818,1.1299,-113.5563,-97.9544,-106.8059
10.0,184.0,84.5586,0.0981,1073.5375,0.0215,4.0272,151.0,237.0,193.4531
6.0,141.0,51.9727,0.0799,709.2292,0.0259,3.8191,162.0,237.0,208.5352
84.6883,100.812,92.8979,1.1583,3.0083,0.2802,1.4519,-110.6983,-92.4445,-100.5983
11.8094,87.2681,60.8438,7.2042,90.8958,0.0621,2.9534,-9.0217,28.5944,-0.9508
6.0,153.0,33.4023,0.0601,458.5625,0.0359,3.5863,184.0,245.0,229.9297
4.715,104.8966,19.2195,7.0875,125.0375,0.0859,2.8635,12.1793,36.971,31.9954
76.519,115.8607,95.3139,1.7542,5.7708,0.2022,1.7395,-108.4668,-66.693,-87.9501
3.64,32.6626,6.617,1.4833,9.8417,0.365,1.5353,30.7739,40.9373,39.1343
19.9787,95.8674,47.1051,6.2125,60.9792,0.0706,2.7732,-22.302,19.1819,-2.1539
48.7863,113.7109,83.7763,3.2667,21.1667,0.1276,2.2809,-115.9012,-48.1916,-94.4526
4.5,42.1218,7.3796,1.3458,11.8458,0.4857,1.2879,25.5045,36.3381,34.8286
2.0,37.0,3.9688,0.0073,22.9667,0.3842,1.544,231.0,254.0,251.2969
52.441,81.6786,69.1962,1.5375,4.1375,0.233,1.5761,-106.2813,-86.3875,-98.2454
2.0,2.0,2.0,0.0,0.0,1.0,0.0,249.0,250.0,249.6406
5.1449,111.5611,52.7408,5.6208,51.2708,0.0774,2.7059,-102.5603,36.1268,-55.268
7.0,142.0,52.8789,0.0869,792.8376,0.0244,3.8633,173.0,247.0,220.8047
9.8745,95.4374,43.5167,7.6208,91.4458,0.0591,2.9667,-4.0324,29.9047,10.2865
79.3138,110.7011,92.9954,1.9583,7.725,0.1875,1.8585,-101.0037,-77.2051,-89.7033
8.7996,91.5677,54.6353,5.9625,62.2625,0.0797,2.7326,-0.4426,32.5014,10.651
16.754,85.5482,49.7999,4.3708,35.9375,0.104,2.4682,-99.978,-3.2572,-66.6933
5.1449,22.9884,8.9373,1.3333,6.15,0.3373,1.5345,-17.1999,36.971,25.9101
78.8838,97.8022,87.1321,1.0583,2.4833,0.2953,1.3783,-103.0842,-89.6102,-97.8152
34.8125,109.1963,66.0773,7.9042,100.7875,0.0563,3.0113,-30.264,-1.4611,-21.9081
6.0048,90.0629,28.2227,7.9,114.625,0.0591,3.0285,4.1733,33.7879,25.0489
46.4215,104.6816,72.1597,1.9875,8.9042,0.193,1.8826,-101.0037,-52.3305,-83.5376
4.715,140.1537,34.4379,10.5417,240.4083,0.0523,3.2781,-4.0324,40.9373,28.4727
3.0,136.0,16.9258,0.0441,333.4041,0.0585,3.2861,187.0,247.0,236.8281
3.0,68.0,13.457,0.0243,89.3167,0.0888,2.8013,220.0,249.0,243.957
11.0,205.0,101.9063,0.1196,1517.5291,0.0189,4.1189,119.0,233.0,174.2461
76.304,84.6883,79.8756,0.2542,0.2958,0.6334,0.6135,-110.6983,-102.5603,-106.0314
22.3435,145.9582,81.1,11.0,200.575,0.0432,3.3168,-77.2051,22.3677,-27.1286
1.0,2.0,1.8945,0.0003,0.0667,0.8756,0.2449,249.0,252.0,250.3477
4.0,99.0,23.6602,0.0414,313.9875,0.0876,3.0892,193.0,249.0,236.5078
3.64,36.7473,10.6093,2.0542,13.0125,0.315,1.7345,-30.8697,41.5571,27.6634
3.0,88.0,15.9805,0.0278,165.3875,0.1412,2.6531,200.0,250.0,240.9492
3.0,61.0,8.0391,0.0122,30.9792,0.1725,2.1759,222.0,246.0,243.6758
7.0,145.0,39.4883,0.0745,641.6083,0.0295,3.75,191.0,246.0,228.8242
5.0,153.0,45.6563,0.0884,1035.2167,0.0282,3.8879,164.0,241.0,216.1875
62.7601,90.2778,73.4563,1.7042,5.5042,0.2129,1.6938,-101.0037,-68.2559,-86.4259
24.0633,93.2876,61.0487,7.1792,83.5125,0.0617,2.9317,-11.9758,10.0289,-3.4186
78.8838,90.2778,84.9982,0.4625,0.5958,0.4823,0.8485,-99.4687,-90.0778,-95.9387
8.0,160.0,66.6836,0.0861,814.446,0.0237,3.8993,169.0,246.0,213.7773
2.0,120.0,16.082,0.0413,392.1208,0.0961,2.9945,204.0,250.0,242.0039
44.9166,84.2583,66.0478,1.7875,8.3875,0.2227,1.7897,-106.2813,-80.1903,-97.8362
7.5097,87.913,28.0254,7.4917,110.8833,0.0654,2.9793,-6.1162,32.2862,20.0146
5.7899,93.5026,24.1112,5.4833,77.8917,0.1119,2.6489,-6.3784,33.3599,25.0633
4.715,103.1768,23.9727,10.3667,189.3917,0.0467,3.2713,16.6431,40.9373,33.3289
5.0,78.0,17.043,0.0299,140.3542,0.0764,2.9614,195.0,238.0,230.6953
4.07,44.2717,5.9729,0.8,7.1,0.6724,0.8649,15.945,38.0217,34.6551
78.2388,96.9423,84.4178,1.1542,3.3375,0.2906,1.4631,-100.4897,-85.0325,-94.0217
11.0,153.0,54.9297,0.0918,880.5958,0.0237,3.9148,184.0,243.0,220.7422
2.0,3.0,2.3906,0.0005,0.1208,0.7875,0.3686,249.0,252.0,250.1445
4.0,127.0,26.6719,0.0559,403.9792,0.0361,3.5378,167.0,234.0,220.6367
7.0,179.0,50.6641,0.0767,687.8125,0.026,3.8365,160.0,241.0,213.8125
4.0,199.0,61.0703,0.075,674.8499,0.0306,3.7775,155.0,240.0,204.8398
65.9849,85.5482,76.603,0.9875,2.3792,0.3133,1.3593,-105.7418,-82.3676,-96.5193
76.519,87.2681,82.1018,0.4625,0.6542,0.4832,0.8815,-105.7418,-94.8607,-100.3349
4.07,21.9135,5.7882,0.8208,4.6208,0.5356,1.083,35.9152,41.7633,40.5009
23.8484,119.9454,65.5566,7.175,89.7667,0.0638,2.9432,-17.4794,24.3897,-3.9093
27.0,190.0,105.0703,0.1127,1334.292,0.0197,4.099,155.0,223.0,183.8086
10.0,161.0,60.4297,0.0745,589.8209,0.0266,3.7788,170.0,243.0,213.9102
2.0,247.0,76.5078,0.1079,2089.8503,0.0884,3.547,166.0,247.0,214.0273
4.07,57.3856,8.6082,1.7417,19.6667,0.5506,1.2543,3.9254,41.1441,36.4174
1.0,4.0,1.2266,0.0011,0.3458,0.6255,0.6486,250.0,252.0,251.5586
3.0,66.0,14.5156,0.0231,71.3042,0.0846,2.7558,220.0,251.0,242.9453
5.0,169.0,60.9102,0.0964,1006.0501,0.022,3.9976,155.0,237.0,202.3008
3.0,136.0,16.6445,0.0423,317.1708,0.0553,3.2298,189.0,251.0,242.1953
10.0,214.0,77.7266,0.1361,2022.2292,0.0168,4.241,168.0,242.0,208.9375
5.0,115.0,30.4648,0.0706,579.8751,0.0326,3.6971,198.0,249.0,234.2422
16.9689,58.6755,40.9075,3.0208,18.2875,0.1375,2.1754,-60.618,20.7812,-16.1559
11.0,157.0,65.6172,0.0945,922.4584,0.0237,3.9493,160.0,231.0,199.9414
1.0,63.0,12.1055,0.0347,209.3375,0.1047,2.909,217.0,249.0,242.3125
69.2096,89.4179,78.8594,0.6042,0.8375,0.4232,0.9679,-97.9544,-87.2993,-92.0156
4.0,89.0,9.9727,0.0184,100.0833,0.1507,2.3928,193.0,240.0,236.6875
5.0,158.0,31.5781,0.0773,867.2499,0.0316,3.77,172.0,248.0,229.6406
1.0,8.0,2.0742,0.0016,1.0417,0.5978,0.7845,242.0,247.0,245.3242
5.1449,20.8386,6.9907,0.6042,2.1042,0.5037,1.0168,1.0746,36.5493,33.3691
3.0,187.0,86.0547,0.0756,624.3583,0.0265,3.7939,150.0,239.0,189.0586
4.285,81.0336,28.976,8.6833,134.2083,0.055,3.1194,18.2624,41.5571,32.323
4.07,73.0793,15.4758,6.6208,109.0625,0.1035,2.7844,20.0973,42.3808,37.309
17.0,184.0,108.1953,0.0688,522.4084,0.03,3.6742,157.0,230.0,178.6992
7.0,201.0,121.0664,0.0758,676.35,0.0275,3.7934,77.0,237.0,154.6992
1.0,65.0,7.1328,0.0211,99.3042,0.1341,2.5457,219.0,249.0,244.8516
5.3599,28.7929,10.9016,1.6958,6.6875,0.2331,1.7197,-36.1145,36.7603,16.6078
8.7996,116.9356,85.1737,4.3083,42.6167,0.1073,2.5205,-8.4899,33.5741,-2.6521
2.0,28.0,3.7773,0.0038,5.9,0.3943,1.2654,236.0,252.0,248.6445
5.0,137.0,15.1875,0.0257,188.0417,0.1494,2.5417,193.0,249.0,243.1992
46.2065,86.1932,61.4282,1.725,5.325,0.2258,1.6597,-81.929,-51.981,-64.418
42.0,159.0,101.8555,0.0615,375.9,0.0316,3.6002,191.0,224.0,201.5898
4.0,51.0,11.3711,0.0146,38.8083,0.1375,2.3755,223.0,245.0,241.5508
61.2553,110.7011,84.4523,3.6708,22.6542,0.1099,2.3459,-95.3502,-46.1656,-69.7917
3.0,170.0,25.4219,0.0544,517.7584,0.0661,3.3623,185.0,253.0,238.2422
7.9397,48.7863,20.7169,1.75,7.8167,0.2291,1.7824,-79.7594,30.7739,-11.1662
32.8776,84.6883,58.0977,2.1875,10.5958,0.1844,1.955,-80.6227,-24.3292,-62.3397
21.2686,104.0367,59.7806,5.9083,56.9417,0.0733,2.7582,-23.7475,18.2624,-7.4315
6.4348,59.5354,21.5885,4.8292,52.1792,0.1035,2.6197,0.0646,33.1456,23.6503
8.5846,65.7699,36.5693,5.9083,56.0083,0.0815,2.7045,-86.8425,26.8344,-41.616
3.2101,58.6755,6.5524,1.7875,21.2458,0.4485,1.4284,25.0593,43.2015,41.021
5.1449,61.0403,11.6549,3.2292,38.6042,0.2142,2.1282,5.4082,34.215,30.6186
7.0,115.0,30.7227,0.0492,327.5625,0.0499,3.3836,187.0,245.0,229.8906
1.0,2.0,1.5781,0.0004,0.1042,0.8134,0.3341,247.0,249.0,248.0742
6.0,160.0,47.332,0.0836,777.975,0.0247,3.8945,176.0,240.0,218.8516
2.0,199.0,42.4883,0.0694,1214.4458,0.138,3.0202,168.0,248.0,229.2031
5.1449,92.6426,37.9675,8.7458,148.4792,0.0596,3.0896,-58.7739,38.0217,-14.815
5.0,179.0,32.0039,0.0635,671.1791,0.0465,3.5064,158.0,240.0,225.4648
38.8971,85.9782,60.3231,3.2458,19.0125,0.1241,2.2546,-86.8425,-42.8494,-63.9598
8.0,176.0,66.5781,0.0909,856.1791,0.0226,3.9287,154.0,238.0,204.1563
4.285,139.0788,55.9664,12.3583,315.1667,0.0509,3.363,-4.5511,40.1082,18.4048
28.363,86.6232,65.6859,4.55,35.45,0.0936,2.5174,-11.9758,9.7885,-8.1429
8.0,152.0,41.9141,0.0559,383.0833,0.0389,3.5219,158.0,238.0,214.8828
9.0,178.0,103.9961,0.1142,1293.8959,0.0186,4.1176,151.0,232.0,176.5898
7.0,52.0,20.4023,0.0317,116.7208,0.0561,3.0741,210.0,236.0,227.7109
7.0,118.0,41.1797,0.0486,274.5833,0.0395,3.4183,135.0,233.0,199.1094
4.0,191.0,81.0234,0.0869,787.4542,0.0257,3.8711,150.0,237.0,190.6914
8.0,101.0,39.5117,0.0773,621.4417,0.0265,3.8014,200.0,246.0,228.793
50.2912,68.9946,64.2087,0.325,0.425,0.5768,0.7174,-106.8235,-91.9673,-102.8785
4.0,83.0,26.4609,0.0546,333.4792,0.0344,3.5441,204.0,241.0,228.9258
9.0,160.0,57.8633,0.0958,1021.3251,0.022,3.9876,175.0,237.0,214.5625
3.0,107.0,20.918,0.0553,427.6792,0.0407,3.4887,203.0,249.0,238.6797
3.855,132.1994,38.5957,11.4875,277.3542,0.0725,3.2431,-0.9511,42.7915,28.2149
5.7899,46.4215,14.2993,3.5292,29.3542,0.1519,2.3053,-68.6495,33.7879,10.4336
79.0988,92.8576,85.4827,0.6208,1.1458,0.4234,1.0534,-97.4542,-78.9021,-89.6301
13.0,168.0,77.4258,0.0474,253.6792,0.0395,3.4025,55.0,217.0,146.25
4.9299,46.2065,18.2244,3.0,20.8917,0.1461,2.2066,1.5776,33.7879,25.2266
6.0,135.0,56.3633,0.0805,749.2582,0.0265,3.855,165.0,241.0,208.1563
7.0,113.0,17.457,0.0239,137.1042,0.124,2.6353,186.0,246.0,238.5273
9.0,178.0,73.6563,0.1188,1567.1584,0.0197,4.1249,169.0,247.0,211.3828
72.0044,84.9033,78.4278,0.2458,0.2708,0.6367,0.592,-97.4542,-75.1155,-89.3359
7.0,206.0,80.8594,0.1137,1413.9001,0.0207,4.0714,153.0,239.0,198.2578
65.9849,92.4277,78.5899,1.5583,5.65,0.2349,1.6877,-102.039,-75.1155,-91.5002
6.8648,124.46,38.1657,8.5292,179.0208,0.0908,2.9652,-23.7475,30.7739,10.3989
72.2194,89.6329,82.4671,0.6417,1.1,0.4057,1.068,-100.4897,-72.6526,-91.8774
10.0,141.0,54.4648,0.057,375.0458,0.0343,3.563,175.0,242.0,215.2383
2.0,161.0,58.5898,0.0895,1040.7209,0.0273,3.8755,193.0,250.0,224.4844
53.9459,86.8381,71.1469,1.6875,6.3292,0.2168,1.7474,-99.978,-75.9472,-88.1712
5.1449,91.7827,56.8548,6.7792,74.7875,0.0658,2.8596,-5.332,33.5741,5.646
69.6396,85.9782,77.5989,0.7667,1.4833,0.3653,1.1758,-110.6983,-92.4445,-103.7479
22.9884,68.3497,49.7453,3.2,16.7083,0.1346,2.146,-96.4604,-21.7274,-76.0222
6.0,181.0,73.2891,0.0972,1046.5958,0.0217,4.0206,152.0,234.0,194.8008
3.0,79.0,20.7734,0.0305,138.15,0.0767,2.9741,196.0,241.0,229.9492
84.0434,101.6719,89.9117,0.7833,1.65,0.3666,1.1955,-101.0037,-86.3875,-94.656
16.539,60.8253,34.6999,2.0542,7.5375,0.1786,1.8526,-71.4387,6.3904,-28.3575
14.3891,98.2322,64.3893,6.3083,77.3667,0.0756,2.8063,-27.2694,19.1819,-7.6649
50.9361,121.8802,87.5738,5.6833,52.825,0.0784,2.692,-33.9336,-9.5551,-26.0201
9.0,168.0,61.2461,0.0965,1016.0208,0.0231,3.9787,160.0,237.0,206.957
6.0,67.0,19.332,0.0296,113.5667,0.0651,2.9789,221.0,246.0,239.7344
9.2296,32.0177,16.0788,0.6333,1.2667,0.4208,1.0594,-55.1578,18.9525,-3.5659
34.1675,101.4569,71.3963,5.7458,57.5208,0.0763,2.7265,-17.7593,5.4082,-8.4265
8.0,173.0,72.4102,0.0946,995.6042,0.0213,3.9913,168.0,238.0,204.6719
3.0,169.0,57.9648,0.0844,802.8417,0.0263,3.8562,153.0,237.0,203.0938
9.0,182.0,64.7305,0.1194,1549.0294,0.0185,4.1812,175.0,240.0,214.168
5.0,144.0,30.6484,0.0561,411.7458,0.036,3.5796,181.0,248.0,233.1172
1.0,34.0,2.3945,0.007,20.3,0.3165,1.5482,237.0,253.0,251.3164
6.6498,96.9423,20.2323,3.1833,38.0583,0.1611,2.1684,-40.8945,32.5014,-1.1059
31.5877,67.4897,49.8486,2.3708,10.5792,0.1597,1.9932,-98.9616,-48.8732,-82.2293
42.1218,108.9813,81.9666,6.3625,67.0625,0.0703,2.8169,-16.921,2.0793,-9.0306
4.0,125.0,36.6484,0.0769,699.0417,0.0264,3.8344,206.0,252.0,236.0078
9.0,120.0,53.8711,0.0815,699.9708,0.0257,3.8255,185.0,239.0,215.2305
53.7309,133.7042,81.0479,8.3625,130.0958,0.0575,3.0665,-26.6771,-4.2916,-12.9342
5.0,171.0,55.4023,0.0767,674.8625,0.0269,3.7863,162.0,239.0,211.4023
6.8648,143.5934,72.0237,12.0417,243.675,0.039,3.389,-18.6017,37.3919,4.3618
5.0,199.0,24.082,0.046,377.0042,0.0601,3.253,170.0,247.0,234.7109
41.4769,135.854,86.7953,5.2917,55.1417,0.0876,2.6716,-13.6085,-0.1888,-10.4331
1.0,164.0,9.1016,0.0239,398.3125,0.4696,1.4957,186.0,250.0,243.6953
3.0,79.0,8.8594,0.0125,46.2458,0.2143,2.061,214.0,247.0,243.4531
3.4251,19.7637,4.2556,0.3708,1.8042,0.7559,0.6046,35.9152,41.5571,40.8375
1.0,30.0,2.6094,0.0068,19.4958,0.3549,1.4974,236.0,250.0,248.3047
4.0,98.0,15.8633,0.0354,215.0417,0.0646,3.0799,202.0,249.0,241.1992
5.3599,91.9977,19.5907,4.3917,61.6333,0.1574,2.4002,-80.6227,34.0016,10.0552
2.0,95.0,10.5078,0.0229,126.6333,0.1328,2.6095,205.0,251.0,245.332
59.5354,93.7176,77.1102,1.3292,3.6542,0.2508,1.5333,-109.5766,-76.7844,-96.233
4.0,128.0,22.0547,0.0403,298.7,0.0823,3.1272,172.0,236.0,224.1055
1.0,21.0,1.6484,0.0028,4.9708,0.5448,0.9784,244.0,254.0,252.793
44.4866,80.6037,62.0892,2.2417,9.425,0.1659,1.9437,-97.4542,-67.082,-82.4392
4.9299,55.0208,16.0334,5.2833,60.25,0.1019,2.6511,-64.3826,35.9152,7.9246
2.0,137.0,15.7031,0.0462,425.9,0.0733,3.2283,193.0,250.0,241.8203
4.07,97.8022,12.9741,4.9333,90.0417,0.211,2.3373,16.1779,40.9373,36.9818
3.0,14.0,4.5859,0.0022,1.6042,0.5123,0.9851,243.0,247.0,246.7148
2.0,83.0,5.5898,0.0117,60.2958,0.3911,1.6752,210.0,253.0,249.6172
3.0,135.0,27.293,0.0681,659.5043,0.0403,3.6024,185.0,250.0,235.8516
71.7894,92.2127,82.6955,0.7583,1.1167,0.3716,1.0515,-96.9562,-65.1483,-84.929
9.0,147.0,34.7109,0.0557,390.6625,0.0402,3.4943,174.0,239.0,223.8047
3.0,124.0,28.5781,0.0359,234.35,0.1251,2.8862,159.0,240.0,220.0352
1.0,166.0,32.3789,0.0514,575.8542,0.2158,2.6831,193.0,251.0,236.4258
7.0,200.0,57.082,0.1108,1404.3376,0.0211,4.0353,172.0,246.0,221.125
8.0,169.0,51.7969,0.0923,926.5541,0.0231,3.9487,178.0,239.0,217.2109
12.4543,68.1347,40.9294,5.225,57.05,0.0978,2.6018,-79.33,14.5413,-51.8437
3.0,59.0,10.6445,0.0258,121.5417,0.0994,2.7606,219.0,254.0,247.3516
59.9654,109.8412,81.5459,2.8792,16.9542,0.143,2.1577,-97.4542,-31.4778,-67.1463
6.0,215.0,108.1289,0.0938,950.525,0.0233,3.973,152.0,236.0,179.5859
6.0048,86.6232,42.6702,5.175,53.675,0.0931,2.6596,-23.1677,34.0016,8.4806
9.0,106.0,34.4063,0.057,356.3791,0.0333,3.5622,182.0,235.0,219.6797
6.0048,66.1998,20.0392,3.6583,29.125,0.1194,2.3716,-13.0626,31.8552,21.6048
38.4672,98.0172,75.2526,3.375,23.075,0.1275,2.2606,-99.978,-38.9646,-79.284
4.07,130.6945,29.6655,4.775,82.4083,0.2882,2.1491,-5.8544,40.9373,29.1181
5.0,159.0,33.4922,0.0589,547.9667,0.0469,3.5205,161.0,237.0,218.1133
61.9002,74.7991,67.7005,0.3958,0.6125,0.5373,0.8157,-100.4897,-92.4445,-98.0007
5.7899,79.0988,23.0648,4.7,44.9417,0.0952,2.6028,-19.4484,33.7879,21.4658
12.0,203.0,86.6055,0.0942,936.9333,0.0226,3.9558,163.0,243.0,203.2617
12.4543,118.2255,40.8907,6.2458,68.9375,0.0732,2.8238,-23.1677,30.1224,9.1547
3.64,90.9228,15.7227,4.5833,83.9083,0.2677,2.1642,13.1275,42.1752,36.6143
6.0048,36.3173,10.2944,1.8125,12.1958,0.301,1.6796,-27.8638,33.7879,23.1324
5.5749,46.8515,12.2376,3.3083,32.3583,0.2229,2.1093,4.421,35.2792,29.4107
5.0,145.0,43.7383,0.048,269.7083,0.0418,3.4113,170.0,247.0,220.3594
60.3953,113.2809,88.2154,8.0125,100.7458,0.0596,2.9529,-22.0145,-9.0217,-17.0107
4.0,146.0,23.6484,0.0569,513.575,0.0432,3.47,185.0,250.0,237.8672
20.8386,145.0983,92.1287,13.4542,298.4125,0.0375,3.4588,-13.6085,29.032,-2.3852
33.0926,125.7499,78.2976,4.8333,39.475,0.0863,2.5869,-95.8417,-25.2057,-52.0258
84.0434,116.9356,98.7973,2.1167,8.6667,0.1812,1.8895,-102.039,-65.5328,-85.4281
70.2845,102.3168,86.8827,1.8083,6.325,0.2016,1.7687,-105.205,-77.2051,-92.465
5.0,194.0,60.3906,0.0647,714.4125,0.0563,3.432,110.0,238.0,193.1016
4.0,83.0,19.0039,0.0264,104.8375,0.0806,2.8792,205.0,246.0,236.6992
12.0,183.0,99.9375,0.0839,737.5167,0.0235,3.8807,152.0,228.0,178.8555
2.0,4.0,2.1289,0.0004,0.1042,0.8134,0.3341,249.0,253.0,251.3711
2.0,4.0,2.8242,0.0006,0.1458,0.7509,0.4154,246.0,248.0,246.7031
4.07,38.4672,5.2507,0.5458,5.7292,0.7974,0.5381,29.2505,37.6021,35.8333
27.718,76.734,56.9044,3.9917,29.0583,0.1032,2.4506,-91.4921,-5.593,-74.8908
3.0,13.0,3.9492,0.0037,3.5917,0.3843,1.309,245.0,250.0,248.3008
7.0,121.0,34.1797,0.0414,296.4417,0.1252,2.958,169.0,236.0,219.8555
7.0,149.0,31.9336,0.0555,397.1833,0.037,3.5461,174.0,246.0,231.543
3.0,181.0,47.5,0.1034,1374.9335,0.0249,3.9786,174.0,250.0,225.5898
4.07,57.6006,9.2128,2.6292,26.0375,0.267,1.9076,29.032,41.9693,40.1759
1.0,16.0,1.8672,0.0016,1.2667,0.5557,0.7771,245.0,251.0,249.6602
19.3337,144.8833,75.6087,6.7333,78.4833,0.0647,2.8897,-27.2694,17.8011,-11.4094
64.48,86.1932,77.8013,1.1792,3.5792,0.2926,1.474,-105.205,-81.929,-94.4811
5.0,205.0,31.582,0.0675,874.6625,0.0537,3.4908,161.0,242.0,222.8672
3.4251,58.0305,8.7475,2.2583,26.075,0.3885,1.648,25.5045,41.9693,39.2467
4.0,204.0,74.3203,0.1226,1922.7754,0.0205,4.1544,161.0,240.0,203.7539
15.2491,102.1019,76.5887,5.9375,69.2292,0.0785,2.7547,-36.7434,27.4961,-15.5383
73.9392,83.3984,79.5027,0.4417,0.525,0.4934,0.8023,-104.671,-93.405,-99.6549
1.0,2.0,1.1563,0.0006,0.1625,0.7278,0.4438,249.0,253.0,251.1328
6.0,174.0,34.1484,0.0523,462.7125,0.0486,3.4084,172.0,247.0,230.8672
5.0,169.0,45.2383,0.075,799.4958,0.0332,3.7414,155.0,236.0,211.6172
6.0,98.0,24.5,0.0446,270.9333,0.049,3.3318,198.0,246.0,234.2578
4.715,92.8576,19.9359,6.975,111.3667,0.0824,2.9016,12.8909,39.6925,34.0228
41.0,197.0,143.6289,0.0586,383.4459,0.0343,3.5625,153.0,217.0,161.1641
4.0,50.0,10.7383,0.0165,41.6083,0.108,2.4785,233.0,248.0,244.2227
3.855,9.4446,4.3161,0.0792,0.1958,0.919,0.2241,26.1705,39.6925,38.741
5.7899,55.2358,15.6681,3.3917,32.1083,0.1583,2.2305,-80.6227,36.5493,5.9772
59.1054,118.2255,85.864,6.2917,63.625,0.0702,2.8126,-10.6268,3.0785,-7.5849
5.0,183.0,43.707,0.1041,1372.9958,0.0212,4.0675,176.0,247.0,226.1953
7.0,84.0,18.8906,0.0326,173.2833,0.0695,3.0419,195.0,236.0,227.168
1.0,174.0,11.0586,0.0283,369.9334,0.355,1.9013,189.0,249.0,242.8008
5.1449,96.9423,29.3808,7.6125,116.2542,0.0664,3.0003,10.269,35.9152,27.794
5.1449,84.4733,25.365,6.2583,85.5667,0.0834,2.8292,4.1733,34.6414,23.965
9.0,195.0,58.0,0.0837,805.3749,0.0264,3.8334,167.0,245.0,217.2734
5.3599,36.3173,11.2769,2.2542,17.8375,0.2651,1.8585,-57.6792,34.0016,16.3521
7.5097,113.9259,37.0824,6.0875,80.1625,0.0799,2.7567,-65.1483,33.5741,-15.888
47.9264,90.4928,64.3801,3.75,24.1167,0.1078,2.3646,-73.8781,-39.9264,-54.495
6.6498,96.7273,47.1286,7.5542,99.7708,0.0612,2.9751,-1.9724,33.1456,14.1046
6.2198,85.7632,56.4115,6.0875,78.1542,0.0808,2.7926,-4.5511,33.1456,4.7638
3.0,144.0,14.0781,0.037,313.1917,0.1103,2.9208,178.0,241.0,234.6133
4.5,61.4702,17.6744,4.4208,45.5292,0.1303,2.4884,4.9152,39.0675,30.253
1.0,3.0,1.5352,0.0005,0.1333,0.7689,0.3927,247.0,250.0,248.0625
3.855,96.0824,18.3747,5.9292,124.7208,0.184,2.4827,21.4627,42.3808,37.4964
4.285,125.1049,23.5914,6.9292,177.2209,0.1734,2.5697,4.421,40.3158,33.8835
16.109,80.3887,44.3792,3.7417,24.9417,0.1111,2.3716,-82.3676,4.421,-37.9302
94.7925,139.5087,114.963,4.1125,27.9625,0.1011,2.4314,-103.0842,-38.3266,-67.1429
5.0,213.0,83.1211,0.0781,701.7667,0.027,3.8126,153.0,237.0,190.1406
5.0,125.0,31.7891,0.0647,506.9751,0.031,3.7064,166.0,239.0,219.3828
1.0,15.0,3.8516,0.006,7.4417,0.3213,1.6072,240.0,250.0,248.043
13.0,178.0,91.9688,0.1058,1085.3584,0.0202,4.0505,149.0,233.0,183.2969
43.0,190.0,113.8906,0.0824,723.6,0.0253,3.8337,191.0,228.0,205.043
9.0,124.0,36.8984,0.0561,382.4542,0.0356,3.5538,183.0,245.0,226.957
10.0,176.0,79.8203,0.1277,1600.1918,0.0166,4.2252,174.0,241.0,209.3477
6.0,125.0,40.3828,0.0722,564.6875,0.0283,3.7342,172.0,235.0,214.4922
10.0,166.0,74.7852,0.0996,1016.4583,0.0216,4.013,155.0,230.0,194.5898
6.2198,114.3558,45.9369,7.7417,121.8083,0.0687,3.0014,-9.2882,36.7603,16.0493
1.0,3.0,1.9922,0.0001,0.0292,0.9434,0.1318,250.0,252.0,251.5664
5.0,195.0,56.0664,0.0716,610.6334,0.0348,3.6841,157.0,240.0,211.9922
9.0146,135.2091,58.2455,12.1833,238.9833,0.0404,3.3548,-9.2882,33.7879,11.0915
9.0,146.0,42.0742,0.0545,394.7584,0.0392,3.4879,182.0,243.0,222.9844
31.1577,122.3102,79.375,6.5833,76.2833,0.0722,2.8553,-18.6017,-4.811,-13.1366
3.855,49.0013,6.2937,1.25,11.4833,0.4646,1.3014,26.8344,41.3507,39.0735
5.3599,84.2583,36.5793,8.0333,110.6583,0.0576,3.0081,8.097,40.7304,28.652
1.0,59.0,7.1445,0.0215,116.2792,0.1976,2.3938,222.0,249.0,244.4258
3.855,96.2973,8.509,1.55,15.8417,0.5134,1.2841,16.8752,39.276,37.3884
4.715,116.9356,19.0717,7.5333,189.45,0.1467,2.7268,5.6542,35.9152,30.8223
94.0,217.0,166.1563,0.0369,148.7292,0.0494,3.1681,187.0,203.0,192.6133
10.3045,82.7535,54.5875,6.6583,76.4417,0.067,2.854,-21.1547,23.718,-7.9817
