a,b,c,d,e,f,g,h,i,l,m
7,121,847,17.285999999999998,0.305,0.675,1.79,258,572,144,1
8,16,128,2.0,0.344,0.742,1.52,44,95,29,1
11,185,2035,16.817999999999998,0.295,0.826,1.94,600,1681,310,1
9,15,135,1.6669999999999998,0.17800000000000002,0.556,1.6,24,75,15,1
14,29,406,2.0709999999999997,0.14,0.502,1.63,57,204,35,1
9,47,423,5.222,0.27399999999999997,0.747,2.42,116,316,48,1
9,77,693,8.556000000000001,0.486,0.97,2.63,337,672,128,1
9,92,828,10.222000000000001,0.287,0.6940000000000001,1.93,238,575,123,1
6,13,78,2.167,0.179,0.9229999999999999,2.0,14,72,7,1
7,26,182,3.714,0.34600000000000003,0.725,1.5,63,132,42,1
8,12,96,1.5,0.385,0.8959999999999999,1.68,37,86,22,1
77,257,19789,3.338,0.465,0.49,72.47,9204,9689,127,1
9,535,4815,59.443999999999996,0.106,0.47,1.21,510,2262,422,1
14,314,4396,22.429000000000002,0.379,0.721,4.66,1664,3168,357,1
1,70,70,70.0,0.943,1.0,22.0,66,70,3,2
9,17,153,1.889,0.608,0.856,7.15,93,131,13,1
1,16,16,16.0,1.0,1.0,16.0,16,16,1,2
17,24,408,1.412,0.40700000000000003,0.809,4.88,166,330,34,1
8,8,64,1.0,0.23399999999999999,0.32799999999999996,5.0,15,21,3,1
10,317,3170,31.7,0.124,0.484,1.32,392,1535,298,1
10,10,100,1.0,0.56,0.69,28.0,56,69,2,1
7,15,105,2.1430000000000002,0.4,0.752,1.83,42,79,23,1
8,9,72,1.125,0.361,0.792,2.17,26,57,12,1
7,80,560,11.429,0.361,0.961,1.63,202,538,124,1
8,9,72,1.125,0.319,0.667,2.3,23,48,10,1
178,140,24920,0.787,0.574,0.649,21.52,14292,16177,664,3
8,46,368,5.75,0.391,0.951,1.85,144,350,78,1
12,25,300,2.083,0.32,0.643,2.59,96,193,37,1
16,417,6672,26.063000000000002,0.381,0.652,5.29,2543,4349,481,1
14,201,2814,14.357000000000001,0.373,0.6409999999999999,4.84,1050,1804,217,1
1,36,36,36.0,0.722,1.0,8.67,26,36,3,2
9,37,333,4.111000000000001,0.598,0.946,3.49,199,315,57,1
12,167,2004,13.917,0.225,0.752,1.93,451,1507,234,1
10,98,980,9.8,0.46299999999999997,0.945,2.72,454,926,167,1
7,15,105,2.1430000000000002,0.43799999999999994,0.895,2.3,46,94,20,1
31,322,9982,10.387,0.6890000000000001,0.753,16.87,6881,7519,408,1
14,340,4760,24.285999999999998,0.38299999999999995,0.521,5.07,1824,2480,360,1
19,12,228,0.632,0.303,0.439,7.67,69,100,9,1
6,18,108,3.0,0.287,0.741,4.43,31,80,7,1
7,11,77,1.571,0.364,0.909,1.75,28,70,16,1
7,9,63,1.286,0.349,0.746,1.83,22,47,12,1
1,95,95,95.0,0.379,1.0,1.03,36,95,35,1
14,5,70,0.35700000000000004,0.44299999999999995,0.514,6.2,31,36,5,1
7,15,105,2.1430000000000002,0.2,0.5710000000000001,1.5,21,60,14,1
6,10,60,1.6669999999999998,0.33299999999999996,0.75,1.54,20,45,13,1
1,17,17,17.0,1.0,1.0,17.0,17,17,1,2
10,212,2120,21.2,0.24,0.61,1.85,508,1293,274,1
24,166,3984,6.917000000000001,0.905,0.98,17.08,3604,3905,211,1
7,61,427,8.714,0.319,0.988,1.77,136,422,77,1
7,11,77,1.571,0.299,0.779,1.64,23,60,14,1
1,11,11,11.0,0.727,1.0,4.0,8,11,2,2
9,181,1629,20.111,0.217,0.6609999999999999,1.66,354,1077,213,1
8,80,640,10.0,0.298,0.883,1.72,191,565,111,1
9,64,576,7.111000000000001,0.465,0.899,2.58,268,518,104,1
9,510,4590,56.667,0.161,0.595,1.31,740,2732,566,1
8,24,192,3.0,0.33899999999999997,0.917,1.81,65,176,36,1
14,433,6062,30.929000000000002,0.355,0.5720000000000001,4.44,2152,3467,485,1
7,18,126,2.571,0.214,0.929,1.13,27,117,24,1
11,101,1111,9.182,0.39799999999999996,0.888,2.76,442,987,160,1
9,116,1044,12.889000000000001,0.33899999999999997,0.88,1.86,354,919,190,1
7,5,35,0.7140000000000001,0.8290000000000001,0.8290000000000001,29.0,29,29,1,1
8,9,72,1.125,0.431,0.958,2.07,31,69,15,1
5,7,35,1.4,0.429,0.8859999999999999,2.5,15,31,6,1
9,194,1746,21.555999999999997,0.16899999999999998,0.597,1.37,295,1043,215,1
8,7,56,0.875,0.48200000000000004,0.946,2.45,27,53,11,1
11,26,286,2.364,0.28300000000000003,0.888,2.19,81,254,37,1
12,13,156,1.083,0.37200000000000005,0.981,2.32,58,153,25,1
1,98,98,98.0,0.9390000000000001,1.0,30.67,92,98,3,2
7,35,245,5.0,0.33899999999999997,0.833,1.93,83,204,43,1
8,12,96,1.5,0.42700000000000005,0.7190000000000001,2.73,41,69,15,1
9,82,738,9.111,0.35200000000000004,0.7979999999999999,2.63,260,589,99,1
13,440,5720,33.846,0.255,0.696,2.18,1459,3983,669,1
7,9,63,1.286,0.381,0.9520000000000001,1.85,24,60,13,1
10,508,5080,50.8,0.1,0.34299999999999997,1.36,506,1742,372,1
6,50,300,8.333,0.397,0.713,2.38,119,214,50,1
7,30,210,4.2860000000000005,0.33799999999999997,0.762,1.54,71,160,46,1
7,38,266,5.428999999999999,0.226,0.639,1.4,60,170,43,1
7,6,42,0.857,0.214,0.28600000000000003,9.0,9,12,1,1
9,80,720,8.889,0.33799999999999997,0.9540000000000001,2.04,243,687,119,1
7,23,161,3.286,0.28,0.7829999999999999,1.29,45,126,35,1
14,183,2562,13.071,0.39,0.6809999999999999,4.87,998,1745,205,1
8,35,280,4.375,0.321,0.775,1.76,90,217,51,1
11,22,242,2.0,0.624,0.88,9.44,151,213,16,1
12,23,276,1.9169999999999998,0.41700000000000004,0.623,8.21,115,172,14,1
17,398,6766,23.412,0.32,0.608,5.3,2162,4117,408,1
6,40,240,6.667000000000001,0.221,0.983,1.26,53,236,42,1
7,519,3633,74.143,0.073,0.39399999999999996,1.23,265,1431,215,1
7,16,112,2.286,0.24100000000000002,0.634,1.93,27,71,14,1
7,39,273,5.571000000000001,0.293,0.733,1.43,80,200,56,1
5,2,10,0.4,0.7,0.7,7.0,7,7,1,4
11,413,4543,37.545,0.35600000000000004,0.8059999999999999,2.44,1619,3662,664,1
8,39,312,4.875,0.22399999999999998,0.8240000000000001,1.21,70,257,58,1
7,30,210,4.2860000000000005,0.3,0.8859999999999999,1.43,63,186,44,1
9,37,333,4.111000000000001,0.213,0.706,1.54,71,235,46,1
8,50,400,6.25,0.528,0.955,3.01,211,382,70,1
5,32,160,6.4,0.35,0.863,1.33,56,138,42,1
5,13,65,2.6,0.292,0.892,1.46,19,58,13,1
8,50,400,6.25,0.428,0.74,2.31,171,296,74,1
11,357,3927,32.455,0.215,0.823,1.55,845,3232,546,1
7,178,1246,25.429000000000002,0.242,0.795,1.41,301,990,213,1
5,15,75,3.0,0.547,0.9470000000000001,2.05,41,71,20,1
11,288,3168,26.182,0.248,0.5,2.04,787,1584,386,1
8,58,464,7.25,0.442,0.903,3.15,205,419,65,1
7,14,98,2.0,0.35700000000000004,0.9390000000000001,1.84,35,92,19,1
7,115,805,16.429000000000002,0.273,0.7040000000000001,1.72,220,567,128,1
9,43,387,4.7780000000000005,0.48100000000000004,0.953,3.15,186,369,59,1
9,12,108,1.3330000000000002,0.40700000000000003,0.88,1.69,44,95,26,1
5,38,190,7.6,0.316,0.695,2.07,60,132,29,1
7,12,84,1.714,0.39299999999999996,0.69,2.36,33,58,14,1
7,27,189,3.8569999999999998,0.259,0.688,1.44,49,130,34,1
7,97,679,13.857000000000001,0.21100000000000002,0.7909999999999999,1.51,143,537,95,1
4,14,56,3.5,0.268,0.732,1.67,15,41,9,1
8,31,248,3.875,0.298,0.871,1.45,74,216,51,1
2,538,1076,269.0,0.518,0.596,29.32,557,641,19,2
12,9,108,0.75,0.509,0.657,9.17,55,71,6,1
10,510,5100,51.0,0.163,0.542,1.36,832,2763,612,1
10,33,330,3.3,0.342,0.927,1.66,113,306,68,1
14,254,3556,18.143,0.377,0.569,4.72,1341,2022,284,1
10,19,190,1.9,0.142,0.326,3.0,27,62,9,1
6,11,66,1.8330000000000002,0.33299999999999996,0.8029999999999999,1.69,22,53,13,1
7,57,399,8.142999999999999,0.414,0.797,2.7,165,318,61,1
7,20,140,2.8569999999999998,0.32899999999999996,1.0,1.48,46,140,31,1
6,13,78,2.167,0.359,0.782,1.33,28,61,21,1
9,59,531,6.556,0.237,0.802,1.56,126,426,81,1
7,10,70,1.429,0.32899999999999996,1.0,1.77,23,70,13,1
15,67,1005,4.467,0.293,0.607,3.59,294,610,82,1
9,81,729,9.0,0.332,0.9740000000000001,2.09,242,710,116,1
9,17,153,1.889,0.392,0.935,2.22,60,143,27,1
3,113,339,37.667,0.41,0.47200000000000003,13.9,139,160,10,2
9,148,1332,16.444000000000003,0.198,0.77,1.33,264,1025,198,1
10,126,1260,12.6,0.456,0.883,2.85,575,1113,202,1
28,281,7868,10.036,0.318,0.551,4.72,2502,4339,530,1
53,48,2544,0.9059999999999999,0.18100000000000002,0.374,4.69,460,951,98,5
7,11,77,1.571,0.28600000000000003,0.909,1.29,22,70,17,1
7,8,56,1.143,0.35700000000000004,0.7859999999999999,1.54,20,44,13,1
6,7,42,1.167,0.33299999999999996,0.9520000000000001,1.4,14,40,10,1
9,341,3069,37.889,0.07200000000000001,0.305,1.35,222,935,165,1
25,491,12275,19.64,0.45399999999999996,0.937,7.21,5572,11502,773,1
12,252,3024,21.0,0.41600000000000004,0.682,4.75,1259,2062,265,1
3,538,1614,179.33,0.37,0.424,22.11,597,685,27,2
6,187,1122,31.166999999999998,0.188,0.591,1.26,211,663,168,1
10,38,380,3.8,0.424,0.9390000000000001,2.78,161,357,58,1
10,23,230,2.3,0.317,0.8909999999999999,2.35,73,205,31,1
9,172,1548,19.111,0.16699999999999998,0.6779999999999999,1.28,258,1050,202,1
9,533,4797,59.222,0.166,0.8029999999999999,1.3,797,3853,612,1
9,34,306,3.778,0.366,0.846,2.38,112,259,47,1
5,20,100,4.0,0.49,0.99,1.58,49,99,31,1
9,40,360,4.444,0.275,0.875,1.6,99,315,62,1
8,19,152,2.375,0.368,1.0,1.75,56,152,32,1
7,213,1491,30.429000000000002,0.19899999999999998,0.733,1.25,296,1093,237,1
17,9,153,0.529,0.209,0.49700000000000005,1.88,32,76,17,5
9,46,414,5.111000000000001,0.242,0.737,1.47,100,305,68,1
8,183,1464,22.875,0.28800000000000003,0.664,2.08,421,972,202,1
7,16,112,2.286,0.304,0.696,1.36,34,78,25,1
9,21,189,2.333,0.354,0.878,2.68,67,166,25,1
9,121,1089,13.444,0.39899999999999997,0.843,2.4,434,918,181,1
10,284,2840,28.4,0.20199999999999999,0.7090000000000001,1.43,575,2013,402,1
7,10,70,1.429,0.28600000000000003,0.8859999999999999,1.82,20,62,11,1
7,16,112,2.286,0.42,0.768,2.14,47,86,22,1
9,49,441,5.444,0.5870000000000001,0.961,3.12,259,424,83,1
7,8,56,1.143,0.161,0.518,1.8,9,29,5,1
10,8,80,0.8,0.675,1.0,9.0,54,80,6,1
9,40,360,4.444,0.344,0.6829999999999999,2.07,124,246,60,1
7,15,105,2.1430000000000002,0.22899999999999998,0.981,1.41,24,103,17,1
1,33,33,33.0,1.0,1.0,33.0,33,33,1,2
10,16,160,1.6,0.425,0.794,7.56,68,127,9,1
5,17,85,3.4,0.376,0.741,2.91,32,63,11,1
12,72,864,6.0,0.615,0.862,6.4,531,745,83,1
5,96,480,19.2,0.32899999999999996,0.7170000000000001,2.14,158,344,74,1
7,33,231,4.7139999999999995,0.342,0.74,1.49,79,171,53,1
8,47,376,5.875,0.221,0.7020000000000001,1.26,83,264,66,1
5,3,15,0.6,0.6,1.0,4.5,9,15,2,1
34,25,850,0.735,0.256,0.534,2.06,218,454,106,5
1,51,51,51.0,0.47100000000000003,1.0,2.4,24,51,10,2
8,14,112,1.75,0.446,1.0,2.17,50,112,23,1
7,46,322,6.571000000000001,0.298,0.9940000000000001,2.18,96,320,44,1
6,135,810,22.5,0.21,0.736,1.37,170,596,124,1
7,13,91,1.857,0.341,0.846,1.82,31,77,17,1
11,70,770,6.364,0.381,0.639,3.53,293,492,83,1
7,19,133,2.714,0.331,0.7290000000000001,1.69,44,97,26,1
10,35,350,3.5,0.326,0.583,2.24,114,204,51,1
10,240,2400,24.0,0.38299999999999995,0.821,2.75,919,1971,334,1
5,75,375,15.0,0.259,0.867,1.18,97,325,82,1
1,40,40,40.0,0.2,1.0,1.14,8,40,7,1
17,11,187,0.647,0.326,0.433,10.17,61,81,6,1
8,52,416,6.5,0.325,0.877,1.75,135,365,77,1
11,261,2871,23.726999999999997,0.24600000000000002,0.638,1.93,707,1833,366,1
7,10,70,1.429,0.32899999999999996,0.8140000000000001,1.28,23,57,18,1
13,136,1768,10.462,0.415,0.778,4.58,733,1375,160,1
9,148,1332,16.444000000000003,0.146,0.5579999999999999,1.17,195,743,167,1
12,117,1404,9.75,0.231,0.7120000000000001,1.68,324,1000,193,1
7,38,266,5.428999999999999,0.248,0.955,1.32,66,254,50,1
5,9,45,1.8,0.33299999999999996,1.0,1.88,15,45,8,1
25,9,225,0.36,0.187,0.436,2.47,42,98,17,5
6,32,192,5.332999999999999,0.365,0.958,1.67,70,184,42,1
11,29,319,2.636,0.298,0.752,2.21,95,240,43,1
9,18,162,2.0,0.321,0.654,2.26,52,106,23,1
19,201,3819,10.579,0.23800000000000002,0.5670000000000001,2.07,909,2164,439,1
24,176,4224,7.332999999999999,0.496,0.9690000000000001,7.85,2096,4094,267,1
5,18,90,3.6,0.322,1.0,1.45,29,90,20,1
11,44,484,4.0,0.308,0.818,2.01,149,396,74,1
8,15,120,1.875,0.475,0.992,2.59,57,119,22,1
11,86,946,7.818,0.297,0.748,1.95,281,708,144,1
12,72,864,6.0,0.281,0.807,2.15,243,697,113,1
16,410,6560,25.625,0.381,0.569,5.55,2497,3731,450,1
34,27,918,0.794,0.21899999999999997,0.5539999999999999,3.09,201,509,65,5
7,4,28,0.5710000000000001,0.28600000000000003,0.9640000000000001,8.0,8,27,1,1
10,19,190,1.9,0.6,0.895,8.14,114,170,14,1
9,20,180,2.222,0.361,0.872,1.86,65,157,35,1
10,45,450,4.5,0.29600000000000004,0.5579999999999999,2.25,133,251,59,1
8,19,152,2.375,0.38799999999999996,0.664,2.19,59,101,27,1
5,50,250,10.0,0.36,0.812,1.58,90,203,57,1
2,21,42,10.5,0.16699999999999998,0.643,1.4,7,27,5,1
1,45,45,45.0,0.7559999999999999,1.0,5.67,34,45,6,2
10,81,810,8.1,0.27899999999999997,0.81,2.11,226,656,107,1
10,29,290,2.9,0.307,0.855,1.85,89,248,48,1
2,16,32,8.0,0.25,0.531,2.67,8,17,3,2
9,111,999,12.333,0.184,0.7709999999999999,1.6,184,770,115,1
9,35,315,3.889,0.33,0.835,2.0,104,263,52,1
7,6,42,0.857,0.381,1.0,2.29,16,42,7,1
13,337,4381,25.923000000000002,0.185,0.7509999999999999,1.58,811,3291,514,1
9,80,720,8.889,0.33299999999999996,0.878,2.02,240,632,119,1
9,45,405,5.0,0.319,0.9229999999999999,2.11,129,374,61,1
11,84,924,7.636,0.251,0.6809999999999999,1.77,232,629,131,1
8,51,408,6.375,0.37,0.743,2.19,151,303,69,1
10,54,540,5.4,0.37799999999999995,0.622,3.14,204,336,65,1
10,474,4740,47.4,0.187,0.578,1.51,886,2740,585,1
1,187,187,187.0,0.963,1.0,25.71,180,187,7,2
9,61,549,6.778,0.213,0.6829999999999999,1.6,117,375,73,1
1,14,14,14.0,1.0,1.0,14.0,14,14,1,2
10,238,2380,23.8,0.353,0.727,2.85,840,1730,295,1
29,32,928,1.103,0.47600000000000003,0.72,7.25,442,668,61,3
5,6,30,1.2,0.233,1.0,1.4,7,30,5,1
9,492,4428,54.667,0.209,0.7809999999999999,1.33,924,3457,697,1
1,17,17,17.0,1.0,1.0,17.0,17,17,1,2
10,262,2620,26.2,0.27399999999999997,0.757,1.8,719,1984,399,1
8,28,224,3.5,0.46,0.79,2.58,103,177,40,1
8,16,128,2.0,0.516,1.0,2.54,66,128,26,1
6,24,144,4.0,0.292,0.764,1.56,42,110,27,1
2,535,1070,267.5,0.648,0.92,11.75,693,984,59,2
5,12,60,2.4,0.6,0.9,3.0,36,54,12,1
7,42,294,6.0,0.33299999999999996,0.8440000000000001,1.46,98,248,67,1
9,16,144,1.778,0.326,0.792,1.74,47,114,27,1
10,37,370,3.7,0.324,0.6920000000000001,1.85,120,256,65,1
7,11,77,1.571,0.312,0.8440000000000001,1.5,24,65,16,1
10,272,2720,27.2,0.27899999999999997,0.789,1.98,758,2147,382,1
11,271,2981,24.636,0.198,0.628,1.52,591,1872,388,1
9,72,648,8.0,0.24100000000000002,0.5479999999999999,1.61,156,355,97,1
22,71,1562,3.227,0.499,0.836,10.99,780,1306,71,1
10,72,720,7.2,0.292,0.667,1.81,210,480,116,1
9,92,828,10.222000000000001,0.292,0.843,2.05,242,698,118,1
11,118,1298,10.727,0.26,0.8170000000000001,2.01,338,1061,168,1
7,110,770,15.714,0.174,0.447,1.25,134,344,107,1
10,8,80,0.8,0.6,1.0,6.0,48,80,8,1
10,34,340,3.4,0.38799999999999996,0.8909999999999999,2.1,132,303,63,1
2,536,1072,268.0,0.5379999999999999,0.737,30.37,577,790,19,2
12,8,96,0.667,0.792,1.0,15.2,76,96,5,1
9,465,4185,51.667,0.157,0.644,1.24,658,2694,532,1
7,57,399,8.142999999999999,0.273,0.659,1.3,109,263,84,1
8,76,608,9.5,0.23199999999999998,0.51,1.88,141,310,75,1
8,8,64,1.0,0.359,0.7659999999999999,1.64,23,49,14,1
9,32,288,3.556,0.302,0.674,2.17,87,194,40,1
12,73,876,6.082999999999999,0.257,0.591,2.14,225,518,105,1
11,205,2255,18.636,0.371,0.7170000000000001,3.01,837,1616,278,1
9,99,891,11.0,0.312,0.826,2.16,278,736,129,1
12,91,1092,7.582999999999999,0.281,0.59,2.46,307,644,125,1
9,157,1413,17.444000000000003,0.222,0.54,1.58,313,763,198,1
9,49,441,5.444,0.58,0.995,2.98,256,439,86,1
9,71,639,7.888999999999999,0.294,0.762,2.16,188,487,87,1
8,33,264,4.125,0.39,0.973,1.72,103,257,60,1
19,130,2470,6.8420000000000005,0.20800000000000002,0.65,1.93,514,1606,267,1
9,47,423,5.222,0.336,0.8909999999999999,1.78,142,377,80,1
67,296,19832,4.418,0.08800000000000001,0.285,1.54,1748,5649,1134,1
10,44,440,4.4,0.39299999999999996,0.852,3.15,173,375,55,1
10,35,350,3.5,0.331,0.6859999999999999,1.93,116,240,60,1
12,37,444,3.083,0.41,0.748,3.87,182,332,47,1
11,71,781,6.455,0.461,0.659,5.54,360,515,65,1
430,5,2150,0.012,0.21600000000000003,0.221,46.5,465,475,10,4
3,11,33,3.667,0.364,0.667,3.0,12,22,4,2
23,198,4554,8.609,0.924,0.9990000000000001,14.93,4210,4548,282,1
7,245,1715,35.0,0.14300000000000002,0.608,1.41,246,1042,175,1
5,12,60,2.4,0.267,0.733,1.78,16,44,9,1
8,56,448,7.0,0.424,0.9420000000000001,2.09,190,422,91,1
9,23,207,2.556,0.24600000000000002,0.57,1.82,51,118,28,1
7,34,238,4.857,0.298,0.937,1.31,71,223,54,1
4,2,8,0.5,0.875,0.875,7.0,7,7,1,4
24,336,8064,14.0,0.898,0.958,15.91,7238,7729,455,1
8,25,200,3.125,0.31,0.67,1.63,62,134,38,1
9,102,918,11.333,0.386,0.895,2.77,354,822,128,1
6,17,102,2.833,0.382,0.951,1.63,39,97,24,1
8,38,304,4.75,0.128,0.444,1.86,39,135,21,1
11,112,1232,10.182,0.217,0.469,1.73,267,578,154,1
15,61,915,4.067,0.247,0.515,1.87,226,471,121,1
7,27,189,3.8569999999999998,0.10099999999999999,0.619,3.8,19,117,5,1
7,20,140,2.8569999999999998,0.25,0.657,1.46,35,92,24,1
3,3,9,1.0,0.778,0.778,7.0,7,7,1,1
132,547,72204,4.144,0.37,0.483,20.66,26693,34874,1292,3
11,132,1452,12.0,0.18899999999999997,0.44,2.04,274,639,134,1
9,135,1215,15.0,0.249,0.626,1.56,302,761,193,1
11,127,1397,11.545,0.266,0.6859999999999999,2.23,371,959,166,1
8,42,336,5.25,0.39,0.94,2.43,131,316,54,1
8,17,136,2.125,0.382,0.86,2.48,52,117,21,1
1,99,99,99.0,0.192,1.0,1.06,19,99,18,1
8,14,112,1.75,0.295,0.857,1.83,33,96,18,1
8,42,336,5.25,0.369,1.0,1.85,124,336,67,1
10,16,160,1.6,0.33799999999999997,0.888,2.08,54,142,26,1
6,20,120,3.333,0.33299999999999996,0.9420000000000001,1.21,40,113,33,1
15,294,4410,19.6,0.395,0.6509999999999999,5.28,1743,2872,330,1
8,39,312,4.875,0.423,0.955,1.83,132,298,72,1
14,187,2618,13.357000000000001,0.265,0.47700000000000004,2.31,693,1248,300,1
9,151,1359,16.778,0.184,0.5,1.4,250,679,178,1
5,23,115,4.6,0.452,0.9129999999999999,1.79,52,105,29,1
1,12,12,12.0,0.583,1.0,1.75,7,12,4,1
9,278,2502,30.889,0.258,0.7979999999999999,1.62,645,1997,398,1
8,12,96,1.5,0.396,0.927,1.65,38,89,23,1
8,127,1016,15.875,0.314,0.825,1.98,319,838,161,1
9,118,1062,13.110999999999999,0.37200000000000005,0.818,2.41,395,869,164,1
8,398,3184,49.75,0.27899999999999997,0.664,1.7,887,2113,521,1
17,171,2907,10.059,0.20800000000000002,0.42200000000000004,2.42,606,1226,250,1
12,116,1392,9.667,0.24600000000000002,0.7070000000000001,1.99,343,984,172,1
8,22,176,2.75,0.295,0.483,2.6,52,85,20,1
9,105,945,11.667,0.23600000000000002,0.579,1.91,223,547,117,1
1,27,27,27.0,0.40700000000000003,1.0,1.83,11,27,6,2
5,92,460,18.4,0.287,0.604,1.38,132,278,96,1
8,12,96,1.5,0.43799999999999994,1.0,2.0,42,96,21,1
10,89,890,8.9,0.252,0.496,3.25,224,441,69,1
9,7,63,0.778,0.302,0.603,1.9,19,38,10,1
27,320,8640,11.852,0.321,0.561,4.53,2774,4845,613,1
9,181,1629,20.111,0.369,0.737,2.99,601,1201,201,1
8,21,168,2.625,0.23199999999999998,0.643,1.3,39,108,30,1
10,21,210,2.1,0.457,0.9329999999999999,2.91,96,196,33,1
5,99,495,19.8,0.303,0.7390000000000001,1.92,150,366,78,1
6,27,162,4.5,0.475,0.809,2.33,77,131,33,1
47,1,47,0.021,1.0,1.0,47.0,47,47,1,4
9,23,207,2.556,0.304,1.0,1.62,63,207,39,1
10,25,250,2.5,0.32799999999999996,0.828,2.05,82,207,40,1
13,188,2444,14.462,0.188,0.71,1.67,460,1736,275,1
9,127,1143,14.110999999999999,0.174,0.718,1.28,199,821,155,1
10,510,5100,51.0,0.162,0.537,1.47,827,2741,564,1
8,272,2176,34.0,0.187,0.568,1.41,407,1236,288,1
6,6,36,1.0,0.361,0.778,1.63,13,28,8,1
25,178,4450,7.12,0.475,0.873,7.95,2115,3885,266,1
12,272,3264,22.666999999999998,0.249,0.602,2.01,812,1965,404,1
3,550,1650,183.33,0.32899999999999996,0.375,27.15,543,619,20,2
26,412,10712,15.845999999999998,0.32,0.664,3.0,3424,7118,1142,1
4,5,20,1.25,0.35,0.8,2.33,7,16,3,5
5,6,30,1.2,0.4,0.867,2.0,12,26,6,1
8,10,80,1.25,0.38799999999999996,0.9129999999999999,2.21,31,73,14,1
5,4,20,0.8,0.4,0.4,8.0,8,8,1,1
8,12,96,1.5,0.375,0.927,1.8,36,89,20,1
9,271,2439,30.111,0.292,0.727,1.9,712,1774,374,1
9,83,747,9.222000000000001,0.376,0.687,2.49,281,513,113,1
8,102,816,12.75,0.40299999999999997,0.929,2.7,329,758,122,1
5,13,65,2.6,0.4,1.0,1.18,26,65,22,1
2,32,64,16.0,0.516,0.531,33.0,33,34,1,2
5,13,65,2.6,0.33799999999999997,0.723,2.2,22,47,10,1
5,7,35,1.4,0.486,0.914,8.5,17,32,2,1
10,272,2720,27.2,0.20600000000000002,0.7859999999999999,1.4,559,2139,399,1
8,5,40,0.625,0.375,0.95,2.14,15,38,7,1
1,33,33,33.0,0.667,1.0,3.67,22,33,6,2
9,76,684,8.443999999999999,0.307,0.882,1.84,210,603,114,1
9,101,909,11.222000000000001,0.196,0.7709999999999999,1.22,178,701,146,1
10,33,330,3.3,0.39399999999999996,0.645,3.25,130,213,40,1
5,7,35,1.4,0.4,0.943,1.75,14,33,8,1
9,161,1449,17.889,0.43200000000000005,0.93,2.87,626,1347,218,1
15,1,15,0.067,1.0,1.0,15.0,15,15,1,4
1,43,43,43.0,0.907,1.0,9.75,39,43,4,2
9,155,1395,17.222,0.376,0.722,2.53,524,1007,207,1
7,56,392,8.0,0.14300000000000002,0.401,1.56,56,157,36,1
24,124,2976,5.167000000000001,0.902,0.961,16.66,2683,2859,161,1
15,138,2070,9.2,0.431,0.75,5.45,893,1552,164,1
1,86,86,86.0,0.93,1.0,40.0,80,86,2,2
13,77,1001,5.922999999999999,0.258,0.564,3.04,258,565,85,1
7,31,217,4.428999999999999,0.276,0.7879999999999999,1.25,60,171,48,1
9,34,306,3.778,0.32,0.8859999999999999,1.56,98,271,63,1
7,10,70,1.429,0.386,0.914,2.08,27,64,13,1
9,534,4806,59.333,0.16899999999999998,0.667,1.34,811,3208,607,1
24,18,432,0.75,0.139,0.377,2.07,60,163,29,5
9,16,144,1.778,0.382,0.743,2.29,55,107,24,1
12,23,276,1.9169999999999998,0.5760000000000001,0.826,7.57,159,228,21,1
7,61,427,8.714,0.321,0.667,1.9,137,285,72,1
7,23,161,3.286,0.32299999999999995,0.8390000000000001,1.68,52,135,31,1
10,66,660,6.6,0.324,0.78,2.25,214,515,95,1
6,104,624,17.333,0.099,0.258,2.0,62,161,31,1
8,42,336,5.25,0.375,0.899,2.07,126,302,61,1
6,32,192,5.332999999999999,0.292,0.698,1.37,56,134,41,1
65,50,3250,0.769,0.45399999999999996,0.48700000000000004,245.83,1475,1582,6,3
6,12,72,2.0,0.278,1.0,2.22,20,72,9,1
10,1,10,0.1,0.9,1.0,9.0,9,10,1,4
1,106,106,106.0,0.858,1.0,15.17,91,106,6,2
13,433,5629,33.308,0.375,0.605,4.82,2109,3404,438,1
7,15,105,2.1430000000000002,0.18100000000000002,0.61,2.71,19,64,7,1
84,1,84,0.012,1.0,1.0,84.0,84,84,1,4
6,95,570,15.833,0.209,0.667,1.63,119,380,73,1
11,179,1969,16.273,0.33,0.733,2.88,650,1444,226,1
5,29,145,5.8,0.4,0.966,1.61,58,140,36,1
11,165,1815,15.0,0.354,0.706,3.38,643,1282,190,1
10,155,1550,15.5,0.332,0.687,2.47,514,1065,208,1
11,85,935,7.727,0.268,0.902,1.73,251,843,145,1
7,42,294,6.0,0.14300000000000002,0.7140000000000001,1.27,42,210,33,1
5,9,45,1.8,0.5329999999999999,0.9109999999999999,2.0,24,41,12,1
9,261,2349,29.0,0.183,0.718,1.42,430,1686,302,1
6,6,36,1.0,0.41700000000000004,0.9440000000000001,1.5,15,34,10,1
6,7,42,1.167,0.5,0.976,2.1,21,41,10,1
9,9,81,1.0,0.38299999999999995,0.802,2.38,31,65,13,1
7,5,35,0.7140000000000001,0.257,1.0,1.13,9,35,8,1
8,53,424,6.625,0.344,0.884,1.83,146,375,80,1
6,12,72,2.0,0.361,0.903,1.44,26,65,18,1
1,10,10,10.0,0.9,1.0,9.0,9,10,1,2
9,52,468,5.778,0.359,0.8270000000000001,2.4,168,387,70,1
6,100,600,16.667,0.385,0.828,1.72,231,497,134,1
12,84,1008,7.0,0.331,0.792,2.35,334,798,142,1
11,9,99,0.818,0.465,0.818,9.2,46,81,5,1
9,24,216,2.667,0.218,0.588,1.38,47,127,34,1
10,15,150,1.5,0.36,0.813,2.08,54,122,26,1
8,27,216,3.375,0.20800000000000002,0.852,1.45,45,184,31,1
13,83,1079,6.385,0.373,0.628,3.5,403,678,115,1
93,104,9672,1.1179999999999999,0.451,0.611,4.25,4366,5908,1028,3
9,363,3267,40.333,0.128,0.532,1.28,417,1738,326,1
10,16,160,1.6,0.3,1.0,1.85,48,160,26,1
12,271,3252,22.583000000000002,0.259,0.6890000000000001,1.99,843,2241,423,1
9,45,405,5.0,0.259,0.805,1.4,105,326,75,1
13,348,4524,26.769000000000002,0.195,0.743,1.64,881,3363,537,1
8,70,560,8.75,0.27899999999999997,0.727,1.68,156,407,93,1
6,50,300,8.333,0.213,0.5770000000000001,1.31,64,173,49,1
8,47,376,5.875,0.36200000000000004,0.88,2.0,136,331,68,1
6,13,78,2.167,0.551,0.9229999999999999,2.53,43,72,17,1
9,33,297,3.667,0.36,0.818,2.02,107,243,53,1
10,10,100,1.0,0.52,0.53,52.0,52,53,1,1
9,36,324,4.0,0.586,0.948,3.45,190,307,55,1
7,59,413,8.429,0.15,0.5760000000000001,1.38,62,238,45,1
8,43,344,5.375,0.445,0.86,2.73,153,296,56,1
9,14,126,1.556,0.23800000000000002,0.897,1.36,30,113,22,1
9,102,918,11.333,0.193,0.768,1.29,177,705,137,1
11,8,88,0.727,0.409,0.47700000000000004,36.0,36,42,1,1
19,462,8778,24.316,0.523,0.688,16.88,4591,6035,272,2
10,83,830,8.3,0.20800000000000002,0.667,1.44,173,554,120,1
7,5,35,0.7140000000000001,0.257,0.5710000000000001,2.25,9,20,4,1
9,37,333,4.111000000000001,0.5379999999999999,0.9009999999999999,2.8,179,300,64,1
9,84,756,9.333,0.25,0.955,1.83,189,722,103,1
11,67,737,6.091,0.26899999999999996,0.6890000000000001,2.96,198,508,67,1
11,104,1144,9.455,0.36700000000000005,0.747,2.56,420,854,164,1
8,62,496,7.75,0.35700000000000004,0.968,1.79,177,480,99,1
12,44,528,3.667,0.294,0.742,2.31,155,392,67,1
9,23,207,2.556,0.386,0.894,2.42,80,185,33,1
23,249,5727,10.825999999999999,0.77,0.958,16.33,4409,5488,270,1
6,14,84,2.333,0.27399999999999997,0.893,1.64,23,75,14,1
9,36,324,4.0,0.556,0.9229999999999999,3.21,180,299,56,1
7,25,175,3.571,0.354,0.606,2.14,62,106,29,1
6,29,174,4.833,0.368,0.9540000000000001,1.73,64,166,37,1
8,42,336,5.25,0.363,0.97,2.18,122,326,56,1
4,17,68,4.25,0.309,0.5589999999999999,3.5,21,38,6,1
7,11,77,1.571,0.299,1.0,1.77,23,77,13,1
1,81,81,81.0,0.9009999999999999,1.0,24.33,73,81,3,2
8,12,96,1.5,0.385,0.688,1.95,37,66,19,1
6,13,78,2.167,0.33299999999999996,0.91,1.37,26,71,19,1
9,29,261,3.222,0.318,0.893,1.73,83,233,48,1
9,97,873,10.777999999999999,0.466,0.973,2.42,407,849,168,1
11,48,528,4.364,0.237,0.39,7.35,125,206,17,5
7,17,119,2.4290000000000003,0.26899999999999996,0.899,1.52,32,107,21,1
11,8,88,0.727,0.693,0.9890000000000001,10.17,61,87,6,1
9,83,747,9.222000000000001,0.292,0.909,2.42,218,679,90,1
1,26,26,26.0,1.0,1.0,26.0,26,26,1,2
10,251,2510,25.1,0.141,0.621,1.23,354,1559,287,1
10,508,5080,50.8,0.131,0.51,1.27,667,2593,527,1
7,92,644,13.142999999999999,0.292,0.907,1.54,188,584,122,1
9,250,2250,27.778000000000002,0.34700000000000003,0.737,2.44,781,1659,320,1
9,78,702,8.667,0.349,0.863,2.17,245,606,113,1
14,44,616,3.1430000000000002,0.39799999999999996,0.7659999999999999,2.5,245,472,98,1
8,27,216,3.375,0.435,0.963,2.14,94,208,44,1
16,29,464,1.8130000000000002,0.14400000000000002,0.496,2.58,67,230,26,5
6,44,264,7.332999999999999,0.265,0.8109999999999999,1.23,70,214,57,1
8,25,200,3.125,0.355,0.78,1.73,71,156,41,1
6,62,372,10.333,0.23399999999999999,0.852,1.36,87,317,64,1
8,26,208,3.25,0.293,0.596,2.03,61,124,30,1
8,47,376,5.875,0.266,0.604,1.56,100,227,64,1
9,18,162,2.0,0.327,0.914,1.89,53,148,28,1
5,33,165,6.6,0.315,0.909,1.27,52,150,41,1
9,464,4176,51.556000000000004,0.158,0.55,1.3,658,2297,505,1
38,410,15580,10.789000000000001,0.254,0.604,2.4,3957,9403,1651,1
14,372,5208,26.570999999999998,0.37799999999999995,0.586,4.99,1971,3050,395,1
6,9,54,1.5,0.37,0.722,2.0,20,39,10,1
9,333,2997,37.0,0.237,0.6709999999999999,1.57,711,2011,452,1
10,61,610,6.1,0.305,0.9520000000000001,1.98,186,581,94,1
10,33,330,3.3,0.282,0.8390000000000001,1.82,93,277,51,1
17,110,1870,6.471,0.175,0.603,1.46,328,1128,224,1
9,84,756,9.333,0.28800000000000003,0.7909999999999999,1.83,218,598,119,1
6,129,774,21.5,0.195,0.565,1.35,151,437,112,1
13,38,494,2.923,0.33399999999999996,0.937,3.93,165,463,42,1
10,20,200,2.0,0.61,0.845,8.13,122,169,15,1
10,155,1550,15.5,0.32899999999999996,0.601,2.88,510,931,177,1
9,45,405,5.0,0.27899999999999997,0.785,2.17,113,318,52,1
17,23,391,1.3530000000000002,0.373,0.621,10.43,146,243,14,1
8,41,328,5.125,0.37799999999999995,0.945,1.61,124,310,77,1
9,40,360,4.444,0.506,0.9640000000000001,3.08,182,347,59,1
39,353,13767,9.051,0.557,0.608,16.89,7667,8370,454,1
2,535,1070,267.5,0.564,0.614,40.2,603,657,15,2
9,272,2448,30.221999999999998,0.13699999999999998,0.532,1.33,336,1303,252,1
10,23,230,2.3,0.27,0.648,2.0,62,149,31,1
17,342,5814,20.118,0.9159999999999999,0.996,30.27,5328,5790,176,2
10,19,190,1.9,0.611,0.9,8.29,116,171,14,1
28,31,868,1.107,0.508,0.767,7.47,441,666,59,3
8,215,1720,26.875,0.40399999999999997,0.789,2.91,695,1357,239,1
8,25,200,3.125,0.355,0.88,1.73,71,176,41,1
12,117,1404,9.75,0.251,0.635,1.86,353,891,190,1
1,123,123,123.0,0.163,1.0,1.05,20,123,19,1
1,34,34,34.0,0.353,1.0,1.71,12,34,7,2
8,12,96,1.5,0.45799999999999996,0.927,2.2,44,89,20,1
7,37,259,5.2860000000000005,0.301,0.691,1.81,78,179,43,1
7,23,161,3.286,0.28600000000000003,0.677,1.59,46,109,29,1
6,4,24,0.667,0.5,0.75,6.0,12,18,2,1
118,105,12390,0.89,0.052000000000000005,0.105,3.33,642,1296,193,5
8,69,552,8.625,0.159,0.772,1.29,88,426,68,1
9,42,378,4.667,0.381,0.9309999999999999,2.48,144,352,58,1
5,115,575,23.0,0.41700000000000004,0.92,2.03,240,529,118,1
6,29,174,4.833,0.35600000000000004,0.684,1.88,62,119,33,1
6,96,576,16.0,0.309,0.644,2.44,178,371,73,1
13,228,2964,17.538,0.24,0.9329999999999999,3.02,710,2765,235,1
8,101,808,12.625,0.222,0.8340000000000001,1.29,179,674,139,1
6,7,42,1.167,0.262,0.7859999999999999,1.83,11,33,6,1
5,30,150,6.0,0.36,0.9470000000000001,1.26,54,142,43,1
7,153,1071,21.857,0.467,0.97,2.75,500,1039,182,1
8,72,576,9.0,0.198,0.736,1.25,114,424,91,1
9,82,738,9.111,0.428,0.9359999999999999,2.38,316,691,133,1
10,186,1860,18.6,0.34700000000000003,0.7709999999999999,2.42,645,1434,267,1
12,71,852,5.917000000000001,0.608,0.863,6.4,518,735,81,1
10,41,410,4.1,0.302,0.69,2.07,124,283,60,1
9,19,171,2.1109999999999998,0.251,0.977,1.34,43,167,32,1
10,38,380,3.8,0.187,0.46299999999999997,1.37,71,176,52,1
7,31,217,4.428999999999999,0.28600000000000003,0.6729999999999999,1.55,62,146,40,1
7,9,63,1.286,0.429,0.667,3.0,27,42,9,1
6,51,306,8.5,0.294,0.775,1.48,90,237,61,1
27,4,108,0.14800000000000002,0.38,0.75,2.56,41,81,16,4
11,98,1078,8.908999999999999,0.397,0.778,2.61,428,839,164,1
8,9,72,1.125,0.278,0.5,2.86,20,36,7,1
6,11,66,1.8330000000000002,0.33299999999999996,0.7879999999999999,1.47,22,52,15,1
9,1,9,0.111,1.0,1.0,9.0,9,9,1,4
1,277,277,277.0,0.993,1.0,137.5,275,277,2,2
2,50,100,25.0,0.46,0.51,15.33,46,51,3,2
8,106,848,13.25,0.358,0.698,2.29,304,592,133,1
8,129,1032,16.125,0.23199999999999998,0.823,1.46,239,849,164,1
8,21,168,2.625,0.33899999999999997,0.6729999999999999,1.97,57,113,29,1
19,2,38,0.105,0.816,0.816,31.0,31,31,1,4
12,71,852,5.917000000000001,0.628,0.872,6.77,535,743,79,1
6,68,408,11.333,0.257,0.672,1.15,105,274,91,1
7,86,602,12.286,0.294,0.701,1.69,177,422,105,1
7,43,301,6.143,0.21899999999999997,0.983,1.27,66,296,52,1
9,488,4392,54.222,0.07400000000000001,0.34299999999999997,1.28,326,1508,254,1
9,150,1350,16.667,0.284,0.7559999999999999,1.76,384,1020,218,1
8,274,2192,34.25,0.15,0.583,1.35,329,1277,244,1
8,7,56,0.875,0.429,1.0,2.18,24,56,11,1
16,356,5696,22.25,0.377,0.5760000000000001,5.8,2150,3279,371,1
7,35,245,5.0,0.302,0.9390000000000001,1.48,74,230,50,1
6,82,492,13.667,0.10400000000000001,0.303,1.31,51,149,39,1
6,27,162,4.5,0.24100000000000002,0.988,1.11,39,160,35,1
55,48,2640,0.873,0.142,0.364,4.26,375,960,88,5
10,79,790,7.9,0.306,0.818,1.89,242,646,128,1
7,2,14,0.28600000000000003,0.643,0.7140000000000001,9.0,9,10,1,4
9,36,324,4.0,0.5770000000000001,0.948,3.02,187,307,62,1
11,12,132,1.091,0.5,0.841,4.13,66,111,16,1
10,22,220,2.2,0.491,0.932,3.72,108,205,29,1
10,268,2680,26.8,0.494,0.754,6.02,1325,2022,220,1
11,8,88,0.727,0.727,0.9890000000000001,10.67,64,87,6,1
8,11,88,1.375,0.25,0.83,1.29,22,73,17,1
8,70,560,8.75,0.371,0.9109999999999999,1.7,208,510,122,1
8,242,1936,30.25,0.128,0.574,1.27,247,1111,195,1
10,28,280,2.8,0.293,0.8,2.0,82,224,41,1
10,330,3300,33.0,0.207,0.6709999999999999,1.61,684,2215,425,1
10,506,5060,50.6,0.15,0.589,1.34,758,2980,564,1
10,173,1730,17.3,0.09,0.375,1.52,155,649,102,1
9,238,2142,26.444000000000003,0.168,0.614,1.26,359,1316,285,1
8,7,56,0.875,0.5,0.7859999999999999,3.11,28,44,9,1
7,34,238,4.857,0.265,0.748,1.4,63,178,45,1
12,7,84,0.583,0.56,1.0,5.22,47,84,9,1
9,535,4815,59.443999999999996,0.136,0.498,1.39,655,2399,470,1
10,249,2490,24.9,0.462,0.8420000000000001,3.53,1151,2097,326,1
8,62,496,7.75,0.29600000000000004,0.8690000000000001,1.81,147,431,81,1
8,33,264,4.125,0.371,0.6779999999999999,1.88,98,179,52,1
27,106,2862,3.926,0.261,0.478,5.45,747,1368,137,1
11,25,275,2.273,0.327,0.84,1.96,90,231,46,1
31,105,3255,3.387,0.242,0.456,4.89,787,1485,161,5
10,31,310,3.1,0.19699999999999998,0.652,1.3,61,202,47,1
7,207,1449,29.570999999999998,0.249,0.7709999999999999,1.29,361,1117,279,1
10,4,40,0.4,0.375,0.4,15.0,15,16,1,1
9,133,1197,14.777999999999999,0.23600000000000002,0.718,1.89,283,859,150,1
10,51,510,5.1,0.306,0.855,2.29,156,436,68,1
10,272,2720,27.2,0.23199999999999998,0.65,1.98,631,1767,319,1
10,40,400,4.0,0.33299999999999996,0.7829999999999999,1.82,133,313,73,1
8,113,904,14.125,0.21,0.759,1.41,190,686,135,1
9,36,324,4.0,0.491,0.84,3.31,159,272,48,1
1,52,52,52.0,0.9620000000000001,1.0,25.0,50,52,2,2
10,119,1190,11.9,0.20199999999999999,0.8420000000000001,1.59,240,1002,151,1
83,326,27058,3.928,0.28600000000000003,0.6709999999999999,7.55,7741,18149,1025,5
28,31,868,1.107,0.49200000000000005,0.745,7.49,427,647,57,3
7,11,77,1.571,0.364,0.948,1.47,28,73,19,1
4,6,24,1.5,0.41700000000000004,0.5,10.0,10,12,1,1
5,12,60,2.4,0.2,0.583,2.0,12,35,6,1
5,5,25,1.0,0.4,0.52,10.0,10,13,1,1
9,535,4815,59.443999999999996,0.17300000000000001,0.667,1.36,832,3214,613,1
17,77,1309,4.529,0.314,0.76,2.94,411,995,140,1
5,30,150,6.0,0.16,0.66,1.71,24,99,14,1
9,17,153,1.889,0.536,0.915,6.31,82,140,13,1
9,168,1512,18.667,0.268,0.6609999999999999,1.89,405,1000,214,1
12,410,4920,34.167,0.33299999999999996,0.6609999999999999,2.69,1636,3254,608,1
12,175,2100,14.583,0.40299999999999997,0.774,4.28,847,1625,198,1
10,120,1200,12.0,0.27899999999999997,0.765,1.7,335,918,197,1
5,31,155,6.2,0.419,0.948,1.91,65,147,34,1
24,157,3768,6.542000000000001,0.905,0.958,18.34,3411,3609,186,1
7,190,1330,27.143,0.293,0.847,1.79,390,1126,218,1
168,135,22680,0.804,0.82,0.904,62.81,18591,20513,296,3
11,9,99,0.818,0.384,0.727,3.8,38,72,10,1
6,8,48,1.3330000000000002,0.563,0.958,3.38,27,46,8,1
5,18,90,3.6,0.4,0.8109999999999999,1.64,36,73,22,1
186,469,87234,2.522,0.37799999999999995,0.529,22.29,33017,46133,1481,3
15,419,6285,27.933000000000003,0.345,0.526,4.5,2170,3309,482,1
7,17,119,2.4290000000000003,0.32799999999999996,0.731,1.44,39,87,27,1
7,96,672,13.714,0.314,0.988,1.77,211,664,119,1
8,33,264,4.125,0.326,0.848,2.0,86,224,43,1
8,14,112,1.75,0.446,0.973,2.27,50,109,22,1
7,35,245,5.0,0.31,1.0,1.55,76,245,49,1
11,189,2079,17.182000000000002,0.174,0.613,1.41,361,1275,256,1
8,31,248,3.875,0.42700000000000005,0.992,2.16,106,246,49,1
9,332,2988,36.889,0.159,0.7120000000000001,1.21,476,2128,393,1
8,48,384,6.0,0.354,0.865,1.89,136,332,72,1
28,330,9240,11.786,0.057,0.066,31.0,527,614,17,2
10,252,2520,25.2,0.377,0.775,2.88,950,1953,330,1
10,18,180,1.8,0.306,0.617,2.5,55,111,22,1
9,132,1188,14.667,0.168,0.693,1.34,199,823,149,1
10,53,530,5.3,0.34299999999999997,0.8109999999999999,2.0,182,430,91,1
9,26,234,2.889,0.175,0.517,1.37,41,121,30,1
8,24,192,3.0,0.406,0.818,2.23,78,157,35,1
9,42,378,4.667,0.198,0.563,1.15,75,213,65,1
14,348,4872,24.857,0.16899999999999998,0.6759999999999999,1.56,822,3293,526,1
9,109,981,12.110999999999999,0.21899999999999997,0.779,1.67,215,764,129,1
7,23,161,3.286,0.342,0.7829999999999999,1.45,55,126,38,1
8,4,32,0.5,0.43799999999999994,0.594,7.0,14,19,2,5
14,284,3976,20.285999999999998,0.365,0.54,5.1,1453,2147,285,1
7,13,91,1.857,0.374,0.9009999999999999,1.7,34,82,20,1
25,153,3825,6.12,0.255,0.611,2.08,977,2338,470,1
17,24,408,1.412,0.4,0.838,4.79,163,342,34,1
10,116,1160,11.6,0.273,0.797,1.7,317,925,186,1
9,99,891,11.0,0.46399999999999997,0.9420000000000001,2.52,413,839,164,1
8,78,624,9.75,0.244,0.745,1.35,152,465,113,1
8,192,1536,24.0,0.316,0.746,1.74,485,1146,279,1
9,64,576,7.111000000000001,0.307,0.8420000000000001,1.99,177,485,89,1
7,30,210,4.2860000000000005,0.271,0.871,1.33,57,183,43,1
9,82,738,9.111,0.385,0.935,2.29,284,690,124,1
7,74,518,10.571,0.276,0.6829999999999999,1.57,143,354,91,1
9,41,369,4.556,0.425,0.9620000000000001,2.71,157,355,58,1
6,97,582,16.167,0.282,0.794,1.84,164,462,89,1
10,19,190,1.9,0.584,0.8420000000000001,6.94,111,160,16,1
18,185,3330,10.277999999999999,0.163,0.358,2.39,544,1193,228,1
7,17,119,2.4290000000000003,0.353,0.79,1.56,42,94,27,1
9,520,4680,57.778,0.081,0.308,1.37,378,1441,276,1
8,29,232,3.625,0.341,0.78,1.93,79,181,41,1
1,14,14,14.0,0.929,1.0,13.0,13,14,1,2
7,12,84,1.714,0.405,0.988,1.62,34,83,21,1
14,17,238,1.214,0.113,0.387,1.8,27,92,15,5
8,122,976,15.25,0.22699999999999998,0.65,1.44,222,634,154,1
3,259,777,86.333,0.41100000000000003,0.48100000000000004,13.29,319,374,24,2
9,34,306,3.778,0.363,0.863,1.76,111,264,63,1
12,43,516,3.583,0.31,0.7929999999999999,2.32,160,409,69,1
8,16,128,2.0,0.43,1.0,2.04,55,128,27,1
25,178,4450,7.12,0.49,0.8959999999999999,7.9,2181,3988,276,1
7,33,231,4.7139999999999995,0.299,0.848,1.44,69,196,48,1
7,30,210,4.2860000000000005,0.32899999999999996,1.0,1.38,69,210,50,1
9,82,738,9.111,0.374,0.866,2.3,276,639,120,1
8,29,232,3.625,0.384,0.884,2.07,89,205,43,1
9,12,108,1.3330000000000002,0.444,1.0,1.78,48,108,27,1
6,93,558,15.5,0.23800000000000002,0.711,1.71,133,397,78,1
9,9,81,1.0,0.272,0.753,1.38,22,61,16,1
8,13,104,1.625,0.40399999999999997,0.99,2.1,42,103,20,1
10,19,190,1.9,0.611,0.8740000000000001,8.92,116,166,13,1
4,19,76,4.75,0.276,0.382,5.25,21,29,4,2
7,315,2205,45.0,0.055999999999999994,0.248,1.13,124,546,110,1
6,17,102,2.833,0.314,0.6859999999999999,2.29,32,70,14,1
6,99,594,16.5,0.301,0.8029999999999999,1.46,179,477,123,1
8,343,2744,42.875,0.129,0.605,1.2,354,1661,294,1
13,130,1690,10.0,0.392,0.6970000000000001,4.77,663,1178,139,1
9,24,216,2.667,0.35200000000000004,0.722,2.17,76,156,35,1
9,137,1233,15.222000000000001,0.235,0.693,1.7,290,854,171,1
9,24,216,2.667,0.35600000000000004,0.907,2.2,77,196,35,1
7,14,98,2.0,0.184,0.612,18.0,18,60,1,1
9,34,306,3.778,0.41200000000000003,0.902,1.91,126,276,66,1
7,75,525,10.714,0.263,0.71,1.52,138,373,91,1
11,337,3707,30.636,0.175,0.637,2.2,650,2361,296,1
8,93,744,11.625,0.185,0.5379999999999999,1.24,138,400,111,1
3,537,1611,179.0,0.353,0.364,71.13,569,587,8,2
5,3,15,0.6,0.6,0.6,9.0,9,9,1,1
1,104,104,104.0,0.192,1.0,1.05,20,104,19,1
5,38,190,7.6,0.426,0.9890000000000001,1.42,81,188,57,1
7,26,182,3.714,0.192,0.626,1.52,35,114,23,1
11,147,1617,13.364,0.257,0.7609999999999999,1.58,416,1230,264,1
25,494,12350,19.76,0.462,0.93,7.35,5707,11482,776,1
8,31,248,3.875,0.327,0.79,1.84,81,196,44,1
8,275,2200,34.375,0.209,0.737,1.31,460,1621,351,1
7,23,161,3.286,0.09300000000000001,0.54,1.36,15,87,11,1
8,148,1184,18.5,0.20800000000000002,0.725,1.24,246,858,198,1
9,20,180,2.222,0.33899999999999997,0.772,1.74,61,139,35,1
16,376,6016,23.5,0.371,0.58,5.57,2232,3490,401,1
28,333,9324,11.892999999999999,0.35100000000000003,0.65,4.55,3270,6057,718,1
16,1,16,0.063,1.0,1.0,16.0,16,16,1,4
9,82,738,9.111,0.38299999999999995,0.6409999999999999,2.62,283,473,108,1
1,36,36,36.0,0.222,1.0,1.14,8,36,7,1
12,103,1236,8.583,0.353,0.7240000000000001,2.55,436,895,171,1
10,62,620,6.2,0.265,0.6559999999999999,2.19,164,407,75,1
1,16,16,16.0,0.938,1.0,15.0,15,16,1,2
7,16,112,2.286,0.295,0.92,1.18,33,103,28,1
4,31,124,7.75,0.419,0.9440000000000001,1.58,52,117,33,1
12,61,732,5.083,0.251,0.746,1.77,184,546,104,1
7,14,98,2.0,0.316,0.9079999999999999,1.94,31,89,16,1
8,69,552,8.625,0.312,0.8420000000000001,1.91,172,465,90,1
8,8,64,1.0,0.406,0.953,2.17,26,61,12,1
9,283,2547,31.444000000000003,0.18600000000000003,0.727,1.22,474,1852,389,1
5,26,130,5.2,0.49200000000000005,0.785,2.37,64,102,27,1
804,11,8844,0.013999999999999999,0.191,0.233,15.64,1689,2058,108,4
12,58,696,4.833,0.34299999999999997,0.8029999999999999,3.85,239,559,62,1
6,76,456,12.667,0.353,0.961,1.49,161,438,108,1
10,511,5110,51.1,0.158,0.625,1.35,805,3194,596,1
9,37,333,4.111000000000001,0.396,0.85,2.03,132,283,65,1
10,19,190,1.9,0.568,0.774,9.82,108,147,11,1
6,72,432,12.0,0.604,0.991,4.08,261,428,64,1
12,10,120,0.833,0.442,0.792,5.3,53,95,10,1
1,35,35,35.0,0.8290000000000001,1.0,9.67,29,35,3,2
25,115,2875,4.6,0.29600000000000004,0.65,2.56,851,1868,333,1
3,31,93,10.333,0.226,0.774,2.1,21,72,10,1
9,40,360,4.444,0.494,0.925,2.92,178,333,61,1
9,91,819,10.111,0.302,0.956,1.98,247,783,125,1
9,41,369,4.556,0.444,0.976,2.88,164,360,57,1
17,24,408,1.412,0.426,0.792,4.46,174,323,39,1
14,18,252,1.286,0.159,0.607,3.33,40,153,12,1
7,54,378,7.7139999999999995,0.267,0.619,1.42,101,234,71,1
9,32,288,3.556,0.365,0.7809999999999999,2.23,105,225,47,1
8,231,1848,28.875,0.21,0.5429999999999999,1.65,389,1003,236,1
10,130,1300,13.0,0.425,0.773,2.79,552,1005,198,1
6,94,564,15.667,0.188,0.8740000000000001,1.63,106,493,65,1
9,29,261,3.222,0.287,0.747,1.53,75,195,49,1
12,8,96,0.667,0.44799999999999995,0.6559999999999999,4.3,43,63,10,1
1,85,85,85.0,0.882,1.0,12.5,75,85,6,2
17,23,391,1.3530000000000002,0.419,0.8079999999999999,6.56,164,316,25,1
10,18,180,1.8,0.389,0.8170000000000001,1.89,70,147,37,1
10,33,330,3.3,0.36700000000000005,0.8640000000000001,1.95,121,285,62,1
8,32,256,4.0,0.402,0.898,1.81,103,230,57,1
7,18,126,2.571,0.254,0.841,1.39,32,106,23,1
14,155,2170,11.071,0.303,0.639,2.76,658,1386,238,1
8,43,344,5.375,0.326,0.75,1.81,112,258,62,1
5,10,50,2.0,0.36,1.0,1.29,18,50,14,1
11,97,1067,8.818,0.266,0.635,2.04,284,678,139,1
9,12,108,1.3330000000000002,0.444,0.981,1.71,48,106,28,1
8,64,512,8.0,0.301,0.857,1.93,154,439,80,1
8,62,496,7.75,0.308,0.948,1.91,153,470,80,1
9,12,108,1.3330000000000002,0.38,1.0,1.46,41,108,28,1
7,24,168,3.429,0.10099999999999999,0.298,1.89,17,50,9,5
9,18,162,2.0,0.414,0.877,2.31,67,142,29,1
3,132,396,44.0,0.505,0.5579999999999999,20.0,200,221,10,2
10,49,490,4.9,0.59,0.982,3.11,289,481,93,1
12,28,336,2.333,0.265,0.5920000000000001,3.07,89,199,29,1
12,207,2484,17.25,0.2,0.6990000000000001,1.7,496,1736,292,1
9,23,207,2.556,0.324,0.986,1.63,67,204,41,1
3,116,348,38.667,0.35600000000000004,0.371,62.0,124,129,2,2
8,21,168,2.625,0.41100000000000003,0.7859999999999999,2.23,69,132,31,1
2,22,44,11.0,0.47700000000000004,1.0,21.0,21,44,1,2
10,262,2620,26.2,0.179,0.606,1.36,469,1587,344,1
10,47,470,4.7,0.48100000000000004,0.991,2.97,226,466,76,1
7,11,77,1.571,0.377,0.948,1.38,29,73,21,1
8,30,240,3.75,0.38299999999999995,0.983,1.88,92,236,49,1
9,120,1080,13.333,0.331,0.8590000000000001,1.98,358,928,181,1
14,410,5740,29.285999999999998,0.24100000000000002,0.5920000000000001,2.4,1382,3400,576,1
11,86,946,7.818,0.28300000000000003,0.764,1.91,268,723,140,1
7,123,861,17.570999999999998,0.265,0.626,1.66,228,539,137,1
8,8,64,1.0,0.516,1.0,2.54,33,64,13,1
10,22,220,2.2,0.318,0.777,1.79,70,171,39,1
12,118,1416,9.833,0.255,0.7,2.06,361,991,175,1
8,126,1008,15.75,0.188,0.685,1.27,189,690,149,1
10,20,200,2.0,0.32,0.61,2.13,64,122,30,1
11,22,242,2.0,0.603,0.888,8.59,146,215,17,1
10,137,1370,13.7,0.191,0.693,1.4,261,949,187,1
7,128,896,18.285999999999998,0.203,0.6629999999999999,1.33,182,594,137,1
7,14,98,2.0,0.245,0.867,1.85,24,85,13,1
7,40,280,5.7139999999999995,0.25,0.8320000000000001,1.59,70,233,44,1
6,11,66,1.8330000000000002,0.379,0.818,1.67,25,54,15,1
10,94,940,9.4,0.28600000000000003,1.0,1.78,269,940,151,1
8,126,1008,15.75,0.209,0.573,1.45,211,578,146,1
9,92,828,10.222000000000001,0.365,0.9540000000000001,2.2,302,790,137,1
8,102,816,12.75,0.212,0.884,1.25,173,721,138,1
8,59,472,7.375,0.20600000000000002,0.691,3.13,97,326,31,1
8,14,112,1.75,0.268,0.5539999999999999,3.0,30,62,10,1
7,12,84,1.714,0.41700000000000004,0.738,1.84,35,62,19,1
9,33,297,3.667,0.377,0.8420000000000001,2.24,112,250,50,1
10,44,440,4.4,0.35,0.9570000000000001,1.9,154,421,81,1
7,23,161,3.286,0.373,0.851,1.71,60,137,35,1
8,46,368,5.75,0.285,0.7909999999999999,1.42,105,291,74,1
24,99,2376,4.125,0.912,0.96,20.07,2168,2282,108,1
6,11,66,1.8330000000000002,0.348,1.0,1.53,23,66,15,1
9,84,756,9.333,0.40700000000000003,0.878,2.75,308,664,112,1
9,180,1620,20.0,0.34299999999999997,0.738,2.47,555,1196,225,1
10,261,2610,26.1,0.259,0.767,1.74,676,2001,388,1
10,251,2510,25.1,0.179,0.515,1.37,449,1293,327,1
9,34,306,3.778,0.225,0.755,1.57,69,231,44,1
9,53,477,5.888999999999999,0.335,0.602,2.42,160,287,66,1
8,107,856,13.375,0.381,0.77,2.4,326,659,136,1
6,24,144,4.0,0.292,0.778,1.35,42,112,31,1
16,393,6288,24.563000000000002,0.341,0.653,5.13,2145,4103,418,1
9,314,2826,34.889,0.156,0.5870000000000001,1.25,440,1659,352,1
8,53,424,6.625,0.38,0.915,1.87,161,388,86,1
7,11,77,1.571,0.35100000000000003,0.922,1.59,27,71,17,1
12,245,2940,20.417,0.204,0.797,1.7,599,2342,353,1
6,2,12,0.33299999999999996,0.583,1.0,7.0,7,12,1,1
52,461,23972,8.865,0.192,0.248,11.52,4607,5938,400,5
9,24,216,2.667,0.287,0.912,1.72,62,197,36,1
6,27,162,4.5,0.136,0.6729999999999999,2.0,22,109,11,1
10,18,180,1.8,0.289,0.7440000000000001,2.6,52,134,20,1
12,8,96,0.667,0.615,0.9690000000000001,5.9,59,93,10,1
7,36,252,5.143,0.278,0.937,1.25,70,236,56,1
1,9,9,9.0,1.0,1.0,9.0,9,9,1,2
6,17,102,2.833,0.324,1.0,1.32,33,102,25,1
8,33,264,4.125,0.375,0.83,1.9,99,219,52,1
1,39,39,39.0,0.897,1.0,8.75,35,39,4,2
5,14,70,2.8,0.257,0.8140000000000001,3.6,18,57,5,1
9,47,423,5.222,0.28600000000000003,0.738,1.95,121,312,62,1
8,510,4080,63.75,0.14400000000000002,0.531,1.32,586,2166,444,1
10,23,230,2.3,0.37,0.83,2.3,85,191,37,1
2,14,28,7.0,0.46399999999999997,0.536,13.0,13,15,1,2
9,59,531,6.556,0.335,0.821,1.96,178,436,91,1
11,22,242,2.0,0.579,0.8059999999999999,7.78,140,195,18,1
7,128,896,18.285999999999998,0.265,0.72,1.69,237,645,140,1
7,34,238,4.857,0.223,0.9159999999999999,1.33,53,218,40,1
11,94,1034,8.545,0.257,0.604,2.18,266,625,122,1
4,9,36,2.25,0.41700000000000004,1.0,1.67,15,36,9,1
2,18,36,9.0,0.667,0.6940000000000001,24.0,24,25,1,2
8,16,128,2.0,0.43,0.8590000000000001,2.2,55,110,25,1
17,11,187,0.647,0.41700000000000004,0.647,9.75,78,121,8,1
6,4,24,0.667,0.667,1.0,4.0,16,24,4,1
5,5,25,1.0,0.36,1.0,1.29,9,25,7,1
9,4,36,0.444,0.25,0.75,9.0,9,27,1,5
8,299,2392,37.375,0.18600000000000003,0.687,1.32,446,1643,338,1
8,28,224,3.5,0.442,0.795,2.48,99,178,40,1
8,81,648,10.125,0.221,0.591,1.29,143,383,111,1
6,48,288,8.0,0.316,0.965,1.57,91,278,58,1
9,37,333,4.111000000000001,0.228,0.586,1.27,76,195,60,1
10,76,760,7.6,0.322,0.6890000000000001,1.99,245,524,123,1
10,126,1260,12.6,0.425,0.862,2.68,536,1086,200,1
10,98,980,9.8,0.391,0.835,2.41,383,818,159,1
9,166,1494,18.444000000000003,0.27399999999999997,0.606,1.88,409,905,217,1
3,116,348,38.667,0.385,0.494,33.5,134,172,4,2
6,41,246,6.832999999999999,0.22399999999999998,0.85,1.2,55,209,46,1
8,11,88,1.375,0.44299999999999995,1.0,1.63,39,88,24,1
5,3,15,0.6,0.5329999999999999,1.0,2.67,8,15,3,1
6,13,78,2.167,0.359,0.885,1.65,28,69,17,1
7,14,98,2.0,0.316,0.7759999999999999,2.21,31,76,14,1
8,5,40,0.625,0.525,1.0,3.0,21,40,7,1
9,166,1494,18.444000000000003,0.336,0.723,2.38,502,1080,211,1
9,153,1377,17.0,0.304,0.848,2.06,419,1168,203,1
10,242,2420,24.2,0.26,0.579,2.08,630,1401,303,1
6,103,618,17.167,0.248,0.909,1.23,153,562,124,1
7,14,98,2.0,0.28600000000000003,0.755,1.56,28,74,18,1
1,74,74,74.0,0.18899999999999997,1.0,1.08,14,74,13,1
10,26,260,2.6,0.273,0.815,1.87,71,212,38,1
5,13,65,2.6,0.415,0.938,1.69,27,61,16,1
8,148,1184,18.5,0.196,0.718,1.28,232,850,181,1
8,35,280,4.375,0.35700000000000004,0.9209999999999999,1.64,100,258,61,1
9,275,2475,30.555999999999997,0.20199999999999999,0.7170000000000001,1.39,500,1775,359,1
10,34,340,3.4,0.321,0.853,2.02,109,290,54,1
25,495,12375,19.8,0.46399999999999997,0.9520000000000001,7.33,5748,11777,784,1
9,84,756,9.333,0.222,0.937,1.81,168,708,93,1
6,7,42,1.167,0.28600000000000003,0.857,1.5,12,36,8,1
9,30,270,3.333,0.285,0.6,1.51,77,162,51,1
25,1,25,0.04,1.0,1.0,25.0,25,25,1,4
10,40,400,4.0,0.295,0.6829999999999999,2.07,118,273,57,1
7,29,203,4.143,0.281,0.7829999999999999,1.33,57,159,43,1
12,22,264,1.8330000000000002,0.5529999999999999,0.841,7.68,146,222,19,1
7,23,161,3.286,0.28,0.826,1.45,45,133,31,1
10,100,1000,10.0,0.41,0.846,2.81,410,846,146,1
9,46,414,5.111000000000001,0.242,0.575,1.43,100,238,70,1
10,80,800,8.0,0.5529999999999999,0.7190000000000001,5.08,442,575,87,1
1,19,19,19.0,0.579,1.0,3.67,11,19,3,2
8,132,1056,16.5,0.311,0.873,2.01,328,922,163,1
7,8,56,1.143,0.268,0.768,1.07,15,43,14,1
8,69,552,8.625,0.23399999999999999,0.6829999999999999,1.54,129,377,84,1
12,13,156,1.083,0.391,0.981,2.35,61,153,26,1
9,43,387,4.7780000000000005,0.344,0.982,1.82,133,380,73,1
8,37,296,4.625,0.375,0.922,1.61,111,273,69,1
8,77,616,9.625,0.23199999999999998,0.731,1.47,143,450,97,1
5,24,120,4.8,0.342,0.8079999999999999,1.32,41,97,31,1
9,18,162,2.0,0.623,0.8640000000000001,7.77,101,140,13,1
13,38,494,2.923,0.285,0.907,3.62,141,448,39,1
8,49,392,6.125,0.413,0.76,1.93,162,298,84,1
7,18,126,2.571,0.397,0.9840000000000001,1.79,50,124,28,1
24,84,2016,3.5,0.474,0.872,8.69,956,1758,110,1
10,86,860,8.6,0.423,0.914,2.44,364,786,149,1
4,11,44,2.75,0.159,0.932,1.75,7,41,4,5
8,7,56,0.875,0.321,0.429,6.0,18,24,3,1
10,50,500,5.0,0.268,0.764,1.94,134,382,69,1
3,4,12,1.3330000000000002,0.667,0.667,8.0,8,8,1,1
8,28,224,3.5,0.308,0.835,3.14,69,187,22,1
8,50,400,6.25,0.405,0.993,1.93,162,397,84,1
11,64,704,5.818,0.395,0.5579999999999999,3.35,278,393,83,1
24,117,2808,4.875,0.34700000000000003,0.7290000000000001,2.88,975,2048,338,1
7,22,154,3.1430000000000002,0.325,0.805,1.32,50,124,38,1
23,120,2760,5.2170000000000005,0.9420000000000001,1.0,17.44,2599,2760,149,1
9,219,1971,24.333000000000002,0.109,0.5379999999999999,1.43,215,1060,150,1
25,292,7300,11.68,0.47200000000000003,0.915,7.51,3448,6676,459,1
7,24,168,3.429,0.27399999999999997,0.6609999999999999,1.48,46,111,31,1
9,49,441,5.444,0.306,0.773,1.82,135,341,74,1
1,57,57,57.0,0.456,1.0,3.71,26,57,7,2
10,35,350,3.5,0.38,0.8290000000000001,2.02,133,290,66,1
9,32,288,3.556,0.33,0.889,1.79,95,256,53,1
3,424,1272,141.33,0.537,0.557,136.6,683,709,5,1
8,26,208,3.25,0.39399999999999996,1.0,2.16,82,208,38,1
9,40,360,4.444,0.386,0.889,2.44,139,320,57,1
9,16,144,1.778,0.20800000000000002,0.715,1.5,30,103,20,1
10,6,60,0.6,0.33299999999999996,0.8170000000000001,2.5,20,49,8,1
8,14,112,1.75,0.27699999999999997,0.643,2.82,31,72,11,1
12,8,96,0.667,0.51,0.927,7.0,49,89,7,1
6,3,18,0.5,0.5,0.9440000000000001,2.25,9,17,4,1
11,183,2013,16.636,0.48100000000000004,0.747,4.66,969,1503,208,1
25,410,10250,16.4,0.272,0.67,2.29,2792,6872,1218,1
11,36,396,3.273,0.28300000000000003,0.79,2.07,112,313,54,1
1,47,47,47.0,1.0,1.0,47.0,47,47,1,2
8,80,640,10.0,0.19699999999999998,0.769,1.48,126,492,85,1
10,100,1000,10.0,0.267,0.7240000000000001,1.82,267,724,147,1
5,23,115,4.6,0.322,1.0,1.32,37,115,28,1
8,36,288,4.5,0.42700000000000005,1.0,2.05,123,288,60,1
9,122,1098,13.556,0.37799999999999995,0.961,2.73,415,1055,152,1
8,214,1712,26.75,0.42100000000000004,0.807,2.9,720,1382,248,1
9,82,738,9.111,0.32,0.9470000000000001,2.13,236,699,111,1
7,158,1106,22.570999999999998,0.239,0.9520000000000001,1.33,264,1053,198,1
7,11,77,1.571,0.364,0.922,2.0,28,71,14,1
6,40,240,6.667000000000001,0.313,0.996,1.27,75,239,59,1
9,93,837,10.333,0.259,0.895,1.74,217,749,125,1
7,17,119,2.4290000000000003,0.336,0.8740000000000001,1.74,40,104,23,1
15,356,5340,23.733,0.406,0.626,5.29,2167,3342,410,1
8,18,144,2.25,0.174,0.45799999999999996,2.5,25,66,10,1
10,12,120,1.2,0.142,0.317,2.83,17,38,6,1
4,47,188,11.75,0.298,0.7390000000000001,2.33,56,139,24,1
7,173,1211,24.714000000000002,0.207,0.86,1.34,251,1042,187,1
8,44,352,5.5,0.486,0.9520000000000001,2.95,171,335,58,1
9,181,1629,20.111,0.35,0.773,2.64,570,1260,216,1
9,97,873,10.777999999999999,0.32799999999999996,0.9209999999999999,1.77,286,804,162,1
11,20,220,1.818,0.223,0.373,2.58,49,82,19,1
6,181,1086,30.166999999999998,0.298,0.684,1.69,324,743,192,1
8,12,96,1.5,0.41700000000000004,0.938,2.0,40,90,20,1
7,36,252,5.143,0.409,0.861,1.84,103,217,56,1
6,11,66,1.8330000000000002,0.364,0.833,1.6,24,55,15,1
9,9,81,1.0,0.519,0.531,42.0,42,43,1,1
9,37,333,4.111000000000001,0.45299999999999996,0.9640000000000001,2.7,151,321,56,1
9,12,108,1.3330000000000002,0.426,1.0,1.59,46,108,29,1
10,9,90,0.9,0.222,1.0,1.25,20,90,16,1
9,128,1152,14.222000000000001,0.21899999999999997,0.745,1.44,252,858,175,1
9,12,108,1.3330000000000002,0.40700000000000003,1.0,1.57,44,108,28,1
8,157,1256,19.625,0.446,0.987,2.55,560,1240,220,1
11,21,231,1.909,0.41100000000000003,0.68,3.96,95,157,24,1
12,62,744,5.167000000000001,0.23399999999999999,0.66,1.58,174,491,110,1
8,130,1040,16.25,0.36,0.8759999999999999,2.21,374,911,169,1
7,27,189,3.8569999999999998,0.402,0.746,1.81,76,141,42,1
11,251,2761,22.818,0.355,0.743,2.93,979,2052,334,1
12,40,480,3.333,0.46,0.5920000000000001,7.62,221,284,29,1
7,346,2422,49.428999999999995,0.17300000000000001,0.716,1.23,418,1733,341,1
11,11,121,1.0,0.43,0.802,4.73,52,97,11,1
6,54,324,9.0,0.5489999999999999,0.96,3.36,178,311,53,1
10,309,3090,30.9,0.2,0.73,1.4,618,2257,441,1
11,83,913,7.545,0.27399999999999997,0.9,1.71,250,822,146,1
5,16,80,3.2,0.25,0.938,2.0,20,75,10,1
10,60,600,6.0,0.365,0.7879999999999999,2.35,219,473,93,1
11,12,132,1.091,0.49200000000000005,0.75,4.33,65,99,15,1
22,208,4576,9.455,0.203,0.555,1.59,928,2539,585,1
6,4,24,0.667,0.41700000000000004,0.583,5.0,10,14,2,1
36,172,6192,4.7780000000000005,0.128,0.337,4.84,793,2086,164,5
10,119,1190,11.9,0.275,0.665,1.84,327,791,178,1
38,96,3648,2.526,0.431,0.836,3.29,1574,3051,478,1
9,122,1098,13.556,0.33299999999999996,0.8290000000000001,2.54,366,910,144,1
5,107,535,21.4,0.247,0.91,1.43,132,487,92,1
7,41,287,5.857,0.22,0.7559999999999999,1.47,63,217,43,1
9,46,414,5.111000000000001,0.297,0.833,1.66,123,345,74,1
1,109,109,109.0,0.183,1.0,1.05,20,109,19,1
10,9,90,0.9,0.667,0.6890000000000001,30.0,60,62,2,1
13,65,845,5.0,0.302,0.677,2.58,255,572,99,1
10,51,510,5.1,0.308,0.841,1.89,157,429,83,1
12,168,2016,14.0,0.255,0.7190000000000001,2.1,515,1449,245,1
8,59,472,7.375,0.292,0.888,1.82,138,419,76,1
8,45,360,5.625,0.297,0.564,1.88,107,203,57,1
23,20,460,0.87,0.507,0.672,21.18,233,309,11,1
7,521,3647,74.429,0.091,0.386,1.28,333,1409,260,1
8,86,688,10.75,0.494,0.945,2.64,340,650,129,1
7,103,721,14.714,0.295,0.691,1.76,213,498,121,1
8,35,280,4.375,0.379,0.8859999999999999,1.66,106,248,64,1
79,159,12561,2.013,0.319,0.368,51.4,4009,4623,78,1
1,28,28,28.0,0.536,1.0,3.0,15,28,5,2
9,26,234,2.889,0.29100000000000004,0.795,1.74,68,186,39,1
7,21,147,3.0,0.28600000000000003,0.857,1.35,42,126,31,1
8,59,472,7.375,0.18600000000000003,0.672,1.49,88,317,59,1
9,151,1359,16.778,0.139,0.5489999999999999,1.17,189,746,162,1
9,29,261,3.222,0.188,0.502,1.48,49,131,33,1
5,12,60,2.4,0.55,0.983,2.2,33,59,15,1
28,82,2296,2.929,0.271,0.39,8.9,623,895,70,1
7,49,343,7.0,0.297,0.6409999999999999,2.08,102,220,49,1
7,117,819,16.714000000000002,0.18600000000000003,0.847,1.26,152,694,121,1
10,88,880,8.8,0.257,0.6679999999999999,1.82,226,588,124,1
12,102,1224,8.5,0.292,0.764,2.09,357,935,171,1
17,96,1632,5.647,0.366,0.675,5.15,597,1101,116,1
