fixed acidity,volatile acidity,citric acid,residual sugar,chlorides,free sulfur dioxide,total sulfur dioxide,density,pH,sulphates,alcohol,quality
6.8,0.43,0.26,5.2,0.043,40.0,176.0,0.99116,3.17,0.41,12.3,6
7.2,0.2,0.28,1.6,0.027999999999999997,13.0,168.0,0.99203,3.17,1.06,11.5,6
6.6,0.26,0.52,8.2,0.047,52.0,191.0,0.99541,3.16,0.47,9.5,6
8.9,0.34,0.34,1.6,0.055999999999999994,13.0,176.0,0.9946,3.14,0.47,9.7,5
6.2,0.22,0.27,1.5,0.064,20.0,132.0,0.9938,3.22,0.46,9.2,6
6.9,0.18,0.38,8.1,0.049,44.0,176.0,0.9958,3.3,0.54,9.8,6
7.2,0.31,0.24,1.4,0.057,17.0,117.0,0.9928,3.16,0.35,10.5,5
6.9,0.19,0.35,1.7,0.036000000000000004,33.0,101.0,0.99315,3.21,0.54,10.8,7
6.7,0.42,0.46,9.7,0.054000000000000006,67.0,234.0,0.9984799999999999,3.23,0.5,9.0,5
5.1,0.23,0.18,1.0,0.053,13.0,99.0,0.98956,3.22,0.39,11.5,5
6.5,0.27,0.26,8.2,0.042,21.0,133.0,0.9961200000000001,3.43,0.64,9.8,6
6.8,0.32,0.37,3.4,0.023,19.0,87.0,0.9902,3.14,0.53,12.7,6
7.0,0.36,0.35,2.5,0.048,67.0,161.0,0.99146,3.05,0.56,11.1,6
7.1,0.13,0.29,15.5,0.064,56.0,115.5,0.9973700000000001,3.16,0.41,9.7,7
7.5,0.22,0.32,2.4,0.045,29.0,100.0,0.99135,3.08,0.6,11.3,7
6.4,0.475,0.06,1.0,0.03,9.0,131.0,0.9904,2.97,0.29,10.8,5
6.3,0.23,0.3,1.8,0.033,16.0,91.0,0.9906,3.28,0.4,11.8,6
7.1,0.17,0.4,14.55,0.047,47.0,156.0,0.99945,3.34,0.78,9.1,6
6.2,0.35,0.29,7.3,0.044000000000000004,56.0,244.0,0.9956,3.36,0.55,10.0,6
6.8,0.19,0.32,7.6,0.049,37.0,107.0,0.9933200000000001,3.12,0.44,10.7,7
8.0,0.22,0.32,10.4,0.043,63.0,201.0,0.997,3.11,0.53,9.5,6
7.1,0.16,0.25,1.3,0.034,28.0,123.0,0.9915,3.27,0.55,11.4,6
6.8,0.39,0.31,14.35,0.043,28.0,162.0,0.9988,3.17,0.54,9.1,5
8.1,0.22,0.28,7.7,0.043,57.0,176.0,0.9954,3.12,0.55,10.0,5
4.9,0.335,0.14,1.3,0.036000000000000004,69.0,168.0,0.9921200000000001,3.47,0.46,10.4666666666667,5
5.8,0.35,0.29,3.2,0.034,41.0,151.0,0.9912,3.35,0.58,11.6333333333333,7
7.6,0.14,0.74,1.6,0.04,27.0,103.0,0.9916,3.07,0.4,10.8,7
6.8,0.23,0.29,12.2,0.035,38.0,236.0,0.9976,3.35,0.52,9.8,6
6.7,0.41,0.27,2.6,0.033,25.0,85.0,0.9908600000000001,3.05,0.34,11.7,6
6.8,0.15,0.41,12.9,0.044000000000000004,79.5,183.0,0.9974200000000001,3.24,0.78,10.2,6
7.8,0.25,0.37,1.0,0.043,10.0,80.0,0.9912799999999999,3.08,0.38,11.4,5
6.9,0.2,0.37,6.2,0.027000000000000003,24.0,97.0,0.992,3.38,0.49,12.2,7
7.0,0.22,0.26,2.8,0.036000000000000004,44.0,132.0,0.9907799999999999,3.34,0.41,12.0,7
5.6,0.25,0.19,2.4,0.049,42.0,166.0,0.992,3.25,0.43,10.4,6
6.7,0.24,0.26,12.6,0.053,44.0,182.0,0.99802,3.42,0.42,9.7,5
7.1,0.31,0.25,11.2,0.048,32.0,136.0,0.9966299999999999,3.14,0.4,9.5,5
5.9,0.2,0.4,1.3,0.047,23.0,92.0,0.9923200000000001,3.2,0.45,10.0,6
6.9,0.19,0.35,13.5,0.038,49.0,118.0,0.99546,3.0,0.63,10.7,6
8.2,0.2,0.38,3.5,0.053,41.0,174.0,0.99306,3.22,0.41,11.6,5
5.5,0.31,0.29,3.0,0.027000000000000003,16.0,102.0,0.99067,3.23,0.56,11.2,6
6.7,0.34,0.54,16.3,0.047,44.0,181.0,0.9987,3.04,0.56,8.8,5
7.0,0.22,0.26,1.1,0.037000000000000005,20.0,71.0,0.9902,3.1,0.38,11.7,6
6.3,0.32,0.26,12.0,0.049,63.0,170.0,0.9961,3.14,0.55,9.9,6
6.3,0.28,0.22,11.5,0.036000000000000004,27.0,150.0,0.99445,3.0,0.33,10.6,6
7.0,0.28,0.33,14.6,0.043,47.0,168.0,0.9994,3.34,0.67,8.8,6
8.0,0.32,0.26,1.2,0.05,11.5,88.0,0.9946,3.24,0.37,9.5,4
6.6,0.64,0.28,4.4,0.032,19.0,78.0,0.99036,3.11,0.62,12.9,6
7.1,0.27,0.24,12.6,0.044000000000000004,48.0,118.0,0.99726,3.04,0.56,10.0,7
7.3,0.22,0.31,2.3,0.018000000000000002,45.0,80.0,0.98936,3.06,0.34,12.9,7
6.9,0.19,0.31,19.25,0.043,38.0,167.0,0.99954,2.93,0.52,9.1,7
6.8,0.21,0.26,11.7,0.038,61.0,152.0,0.99523,3.02,0.56,10.5,7
5.6,0.235,0.29,1.2,0.047,33.0,127.0,0.991,3.34,0.5,11.0,7
6.3,0.27,0.51,7.6,0.049,35.0,200.0,0.9954799999999999,3.16,0.54,9.4,4
7.4,0.27,0.52,15.7,0.054000000000000006,36.0,139.0,0.9978799999999999,3.04,0.62,10.0333333333333,6
6.6,0.3,0.74,4.6,0.040999999999999995,36.0,159.0,0.9946,3.21,0.45,9.9,5
6.7,0.24,0.26,5.4,0.03,15.0,94.0,0.99045,3.15,0.38,12.7,6
6.4,0.26,0.21,8.2,0.05,51.0,182.0,0.9954200000000001,3.23,0.48,9.5,5
7.2,0.16,0.26,7.1,0.054000000000000006,41.0,224.0,0.9966,3.38,0.55,10.1,5
6.1,0.27,0.25,1.8,0.040999999999999995,9.0,109.0,0.9929,3.08,0.54,9.0,5
6.9,0.31,0.34,7.4,0.059000000000000004,36.0,174.0,0.9963,3.46,0.62,11.1,7
6.4,0.31,0.26,13.2,0.046,57.0,205.0,0.9975,3.17,0.41,9.6,5
8.4,0.27,0.3,2.2,0.037000000000000005,36.0,129.0,0.99085,2.89,0.3,11.466666666666699,6
5.7,0.22,0.22,16.65,0.044000000000000004,39.0,110.0,0.99855,3.24,0.48,9.0,6
6.5,0.38,0.26,5.2,0.042,33.0,112.0,0.99067,3.06,0.5,12.3,7
7.1,0.2,0.37,1.5,0.049,28.0,129.0,0.99226,3.15,0.52,10.8,5
6.0,0.27,0.28,4.8,0.063,31.0,201.0,0.9964,3.69,0.71,10.0,5
7.3,0.28,0.37,1.2,0.039,26.0,99.0,0.99198,3.01,0.62,10.8,5
6.4,0.3,0.45,3.5,0.19699999999999998,76.0,180.0,0.9942,3.02,0.39,9.1,6
8.4,0.31,0.31,0.95,0.021,52.0,148.0,0.9903799999999999,2.93,0.32,11.5,5
7.5,0.19,0.34,2.6,0.037000000000000005,33.0,125.0,0.9923,3.1,0.49,11.1,7
6.9,0.25,0.24,1.8,0.053,6.0,121.0,0.993,3.23,0.7,11.4,5
8.2,0.27,0.39,7.8,0.039,49.0,208.0,0.9976,3.31,0.51,9.5,6
7.5,0.2,0.49,1.3,0.031,8.0,97.0,0.9918,3.06,0.62,11.1,5
6.6,0.39,0.39,11.9,0.057,51.0,221.0,0.99851,3.26,0.51,8.9,6
6.7,0.21,0.49,1.4,0.047,30.0,114.0,0.9914,2.92,0.42,10.8,7
5.6,0.12,0.33,2.9,0.044000000000000004,21.0,73.0,0.9889600000000001,3.17,0.32,12.9,8
6.9,0.19,0.31,19.25,0.043,38.0,167.0,0.99954,2.93,0.52,9.1,7
7.6,0.19,0.32,18.75,0.047,32.0,193.0,1.00014,3.1,0.5,9.3,7
7.1,0.24,0.41,17.8,0.046,39.0,145.0,0.9998,3.32,0.39,8.7,5
7.5,0.32,0.37,1.2,0.048,22.0,184.0,0.9938,3.09,0.43,9.3,5
6.7,0.16,0.32,12.5,0.035,18.0,156.0,0.99666,2.88,0.36,9.0,6
8.2,0.37,0.64,13.9,0.043,22.0,171.0,0.9987299999999999,2.99,0.8,9.3,5
6.8,0.32,0.28,4.8,0.034,25.0,100.0,0.99026,3.08,0.47,12.4,7
6.8,0.37,0.51,11.8,0.044000000000000004,62.0,163.0,0.9976,3.19,0.44,8.8,5
7.6,0.29,0.58,17.5,0.040999999999999995,51.0,225.0,0.9997,3.16,0.66,9.5,6
6.5,0.23,0.2,7.5,0.05,44.0,179.0,0.9950399999999999,3.18,0.48,9.53333333333333,5
5.9,0.27,0.27,9.0,0.051,43.0,136.0,0.9941,3.25,0.53,10.7,6
7.4,0.22,0.26,8.8,0.027000000000000003,23.0,112.0,0.9931,2.98,0.41,11.4,6
7.0,0.23,0.36,7.1,0.027999999999999997,31.0,104.0,0.9922,3.35,0.47,12.1,8
5.8,0.27,0.2,14.95,0.044000000000000004,22.0,179.0,0.9962,3.37,0.37,10.2,5
6.5,0.34,0.36,11.0,0.052000000000000005,53.0,247.0,0.9984,3.44,0.55,9.3,6
6.9,0.31,0.34,1.6,0.032,23.0,128.0,0.9917,3.37,0.47,11.7,6
7.8,0.39,0.26,9.9,0.059000000000000004,33.0,181.0,0.9955,3.04,0.42,10.9,6
5.6,0.18,0.31,1.5,0.038,16.0,84.0,0.9924,3.34,0.58,10.1,6
6.3,0.27,0.49,1.2,0.063,35.0,92.0,0.9911,3.38,0.42,12.2,6
6.8,0.28,0.44,11.5,0.04,58.0,223.0,0.9969,3.22,0.56,9.5,5
6.1,0.6,0.0,1.3,0.042,24.0,79.0,0.9937,3.31,0.38,9.4,4
8.4,0.4,0.7,13.1,0.042,29.0,197.0,0.998,3.06,0.64,9.7,5
5.5,0.42,0.09,1.6,0.019,18.0,68.0,0.9906,3.33,0.51,11.4,7
5.6,0.28,0.28,4.2,0.044000000000000004,52.0,158.0,0.992,3.35,0.44,10.7,7
5.9,0.18,0.28,5.1,0.039,50.0,139.0,0.99165,3.16,0.44,11.3,6
5.1,0.35,0.26,6.8,0.034,36.0,120.0,0.9918799999999999,3.38,0.4,11.5,6
6.1,0.21,0.3,6.3,0.039,47.0,136.0,0.9906799999999999,3.27,0.31,12.7,6
7.4,0.2,0.37,16.95,0.048,43.0,190.0,0.9995,3.03,0.42,9.2,6
9.4,0.29,0.55,2.2,0.05,17.0,119.0,0.9962,3.12,0.69,10.3,4
6.9,0.3,0.3,1.3,0.053,24.0,186.0,0.99361,3.29,0.54,9.9,4
7.2,0.18,0.31,1.1,0.045,20.0,73.0,0.9925,3.32,0.4,10.8,7
6.9,0.25,0.35,1.3,0.039,29.0,191.0,0.9908,3.13,0.52,11.0,6
5.8,0.17,0.34,1.8,0.045,96.0,170.0,0.99035,3.38,0.9,11.8,8
6.6,0.18,0.28,3.3,0.044000000000000004,18.0,91.0,0.993,3.42,0.64,10.8,6
6.3,0.41,0.22,7.3,0.035,23.0,117.0,0.99172,3.2,0.39,11.94,7
6.9,0.19,0.33,1.6,0.039,27.0,98.0,0.9898,3.09,0.46,12.3,7
6.6,0.16,0.57,1.1,0.13,58.0,140.0,0.9927,3.12,0.39,9.3,7
7.7,0.25,0.3,7.8,0.038,67.0,196.0,0.99555,3.1,0.5,10.1,5
6.9,0.44,0.27,5.0,0.038,33.0,166.0,0.99124,3.2,0.42,12.2,6
7.3,0.26,0.53,12.7,0.047,60.5,156.0,0.9984,3.06,0.45,9.1,6
7.3,0.43,0.37,4.6,0.027999999999999997,17.0,114.0,0.991,3.23,0.43,13.2,6
6.3,0.33,0.27,1.2,0.046,34.0,175.0,0.9934,3.37,0.54,9.4,6
6.9,0.4,0.3,10.6,0.033,24.0,87.0,0.99265,3.15,0.45,12.8,6
7.3,0.205,0.31,1.7,0.06,34.0,110.0,0.9963,3.72,0.69,10.5,6
6.3,0.33,0.42,17.2,0.037000000000000005,57.0,170.0,0.99884,3.26,0.57,9.4,6
4.4,0.54,0.09,5.1,0.038,52.0,97.0,0.9902200000000001,3.41,0.4,12.2,7
8.3,0.21,0.49,19.8,0.054000000000000006,50.0,231.0,1.0012,2.99,0.54,9.2,5
6.7,0.16,0.32,12.5,0.035,18.0,156.0,0.99666,2.88,0.36,9.0,6
6.8,0.32,0.37,3.4,0.023,19.0,87.0,0.9902,3.14,0.53,12.7,6
6.0,0.2,0.26,6.8,0.049,22.0,93.0,0.9928,3.15,0.42,11.0,6
7.0,0.23,0.35,1.4,0.036000000000000004,31.0,113.0,0.9912,3.16,0.48,10.8,7
8.1,0.28,0.4,6.9,0.05,30.0,97.0,0.9951,3.26,0.44,10.1,6
5.8,0.315,0.27,1.55,0.026000000000000002,15.0,70.0,0.9899399999999999,3.37,0.4,11.9,8
7.1,0.39,0.79,1.4,0.19399999999999998,23.0,90.0,0.9921200000000001,3.17,0.46,10.5,6
7.4,0.35,0.24,6.0,0.042,28.0,123.0,0.9930399999999999,3.14,0.44,11.3,5
6.3,0.23,0.22,17.45,0.054000000000000006,42.0,151.0,0.9985299999999999,3.12,0.6,9.3,6
6.8,0.17,0.35,1.8,0.04,29.0,84.0,0.98961,2.91,0.57,12.0,7
5.9,0.29,0.25,12.0,0.057,48.0,224.0,0.9981,3.23,0.41,9.0,6
6.1,0.28,0.16,1.3,0.06,36.0,126.0,0.9935299999999999,3.13,0.46,8.7,6
5.4,0.255,0.33,1.2,0.051,29.0,122.0,0.9904799999999999,3.37,0.66,11.3,6
8.0,0.22,0.28,14.0,0.053,83.0,197.0,0.9981,3.14,0.45,9.8,6
5.3,0.23,0.56,0.9,0.040999999999999995,46.0,141.0,0.99119,3.16,0.62,9.7,5
7.6,0.3,0.37,1.6,0.087,27.0,177.0,0.9943799999999999,3.09,0.5,9.8,5
6.4,0.37,0.2,5.6,0.11699999999999999,61.0,183.0,0.99459,3.24,0.43,9.5,5
6.1,0.41,0.14,10.4,0.037000000000000005,18.0,119.0,0.996,3.38,0.45,10.0,5
7.1,0.42,0.2,2.8,0.038,28.0,109.0,0.9896799999999999,3.23,0.47,13.4,6
9.8,0.36,0.45,1.6,0.042,11.0,124.0,0.9944,2.93,0.46,10.8,5
6.8,0.27,0.3,13.0,0.047,69.0,160.0,0.99705,3.16,0.5,9.6,6
7.6,0.23,0.26,15.3,0.067,32.0,166.0,0.9986,3.03,0.44,9.2,4
5.1,0.165,0.22,5.7,0.047,42.0,146.0,0.9934,3.18,0.55,9.9,6
7.0,0.29,0.54,10.7,0.046,59.0,234.0,0.9966,3.05,0.61,9.5,5
8.4,0.22,0.3,8.9,0.024,17.0,118.0,0.99456,2.99,0.34,10.5,6
8.2,0.2,0.49,3.5,0.057,14.0,108.0,0.9928,3.19,0.35,11.5,6
9.6,0.21,0.28,1.2,0.038,12.0,53.0,0.9926,2.8,0.46,10.6,5
7.9,0.26,0.41,15.15,0.04,38.0,216.0,0.9976,2.96,0.6,10.0,6
6.7,0.3,0.35,1.4,0.18,36.0,160.0,0.9937,3.11,0.54,9.4,6
6.1,0.32,0.25,1.7,0.034,37.0,136.0,0.992,3.47,0.5,10.8,7
6.8,0.3,0.35,2.8,0.038,10.0,164.0,0.9912,3.09,0.53,12.0,6
7.2,0.23,0.33,12.7,0.049,50.0,183.0,0.9987,3.41,0.4,9.8,5
8.6,0.17,0.28,2.7,0.047,38.0,150.0,0.99365,3.1,0.56,10.8,6
8.4,0.2,0.38,11.8,0.055,51.0,170.0,1.0004,3.34,0.82,8.9,6
5.2,0.405,0.15,1.45,0.038,10.0,44.0,0.99125,3.52,0.4,11.6,4
9.6,0.25,0.54,1.3,0.04,16.0,160.0,0.9938,2.94,0.43,10.5,5
6.4,0.17,0.34,13.4,0.044000000000000004,45.0,139.0,0.9975200000000001,3.06,0.43,9.1,6
6.6,0.34,0.4,8.1,0.046,68.0,170.0,0.9949399999999999,3.15,0.5,9.53333333333333,6
6.6,0.33,0.31,1.3,0.02,29.0,89.0,0.99035,3.26,0.44,12.4,8
6.7,0.26,0.49,8.1,0.052000000000000005,48.0,197.0,0.9955799999999999,3.19,0.48,9.5,5
6.6,0.22,0.34,11.6,0.05,59.0,140.0,0.99526,3.22,0.4,10.8,5
6.4,0.145,0.49,5.4,0.048,54.0,164.0,0.9946,3.56,0.44,10.8,6
7.3,0.22,0.4,14.75,0.042,44.5,129.5,0.9998,3.36,0.41,9.1,7
5.8,0.34,0.16,7.0,0.037000000000000005,26.0,116.0,0.9949,3.46,0.45,10.0,7
7.1,0.21,0.31,3.8,0.021,40.0,142.0,0.99215,3.17,0.39,10.8,7
6.8,0.34,0.27,5.2,0.06,14.0,169.0,0.9925200000000001,3.27,0.57,11.6,6
6.6,0.29,0.39,6.75,0.031,22.0,98.0,0.9913,3.15,0.8,12.9,7
6.6,0.21,0.29,1.8,0.026000000000000002,35.0,128.0,0.9918299999999999,3.37,0.48,11.2,6
5.0,0.29,0.54,5.7,0.035,54.0,155.0,0.9897600000000001,3.27,0.34,12.9,8
5.9,0.29,0.28,3.2,0.035,16.0,117.0,0.98959,3.26,0.42,12.6,6
9.3,0.31,0.49,1.3,0.042,34.0,147.0,0.9948,3.11,0.46,9.8,5
9.1,0.28,0.49,2.0,0.059000000000000004,10.0,112.0,0.9958,3.15,0.46,10.1,5
5.8,0.17,0.36,1.3,0.036000000000000004,11.0,70.0,0.9920200000000001,3.43,0.68,10.4,7
6.2,0.22,0.3,12.4,0.054000000000000006,108.0,152.0,0.9972799999999999,3.1,0.47,9.5,6
7.0,0.17,0.33,4.0,0.034,17.0,127.0,0.9934,3.19,0.39,10.6,7
6.5,0.13,0.37,1.0,0.036000000000000004,48.0,114.0,0.9911,3.41,0.51,11.5,8
6.8,0.28,0.29,11.9,0.052000000000000005,51.0,149.0,0.99544,3.02,0.58,10.4,6
7.1,0.12,0.32,9.6,0.054000000000000006,64.0,162.0,0.9962,3.4,0.41,9.4,5
7.0,0.35,0.3,6.5,0.027999999999999997,27.0,87.0,0.9936,3.4,0.42,11.4,7
7.3,0.23,0.24,0.9,0.031,29.0,86.0,0.98926,2.9,0.38,12.2,6
6.3,0.28,0.47,11.2,0.04,61.0,183.0,0.99592,3.12,0.51,9.5,6
6.4,0.24,0.31,2.8,0.038,41.0,114.0,0.99155,3.37,0.66,11.7,7
7.6,0.18,0.36,2.4,0.049,38.0,123.0,0.996,3.6,0.46,10.3,5
6.8,0.3,0.33,12.8,0.040999999999999995,60.0,168.0,0.99659,3.1,0.56,9.8,5
6.6,0.23,0.32,0.9,0.040999999999999995,25.0,79.0,0.9926,3.39,0.54,10.2,7
6.8,0.27,0.37,8.2,0.055,52.0,192.0,0.9958600000000001,3.11,0.52,9.5,6
5.9,0.32,0.19,14.5,0.042,37.0,115.0,0.99684,3.16,0.43,10.3,5
6.5,0.36,0.16,1.3,0.054000000000000006,11.0,107.0,0.99398,3.19,0.39,8.5,5
6.0,0.13,0.28,5.7,0.038,56.0,189.5,0.9948,3.59,0.43,10.6,7
6.6,0.56,0.16,3.1,0.045,28.0,92.0,0.9940000000000001,3.12,0.35,9.1,6
6.0,0.22,0.25,11.1,0.055999999999999994,112.0,177.0,0.9961,3.08,0.36,9.4,6
7.4,0.18,0.36,13.1,0.055999999999999994,72.0,163.0,1.0,3.42,0.35,9.1,6
5.4,0.46,0.15,2.1,0.026000000000000002,29.0,130.0,0.9895299999999999,3.39,0.77,13.4,8
6.9,0.33,0.31,4.2,0.04,21.0,93.0,0.9896,3.18,0.48,13.4,7
7.4,0.41,0.66,10.8,0.051,77.0,194.0,0.9976,3.05,0.46,8.7,5
6.6,0.23,0.18,8.5,0.044000000000000004,59.0,188.0,0.9955799999999999,3.16,0.49,9.5,5
5.9,0.24,0.3,2.0,0.033,28.0,92.0,0.99225,3.39,0.69,10.9,7
6.5,0.46,0.41,16.8,0.084,59.0,222.0,0.9993,3.18,0.58,9.0,5
7.7,0.43,1.0,19.95,0.032,42.0,164.0,0.9974200000000001,3.29,0.5,12.0,6
5.2,0.44,0.04,1.4,0.036000000000000004,43.0,119.0,0.9894,3.36,0.33,12.1,8
9.9,1.005,0.46,1.4,0.046,34.0,185.0,0.9966,3.02,0.49,10.2,4
5.8,0.3,0.38,4.9,0.039,22.0,86.0,0.9896299999999999,3.23,0.58,13.1,7
6.9,0.2,0.4,7.7,0.032,51.0,176.0,0.9939,3.22,0.27,11.4,5
8.6,0.31,0.3,0.9,0.045,16.0,109.0,0.99249,2.95,0.39,10.1,5
7.5,0.38,0.29,4.9,0.021,38.0,113.0,0.99026,3.08,0.48,13.0,7
6.5,0.35,0.28,12.4,0.051,86.0,213.0,0.9962,3.16,0.51,9.9,6
8.1,0.2,0.49,11.8,0.048,46.0,212.0,0.9968,3.09,0.46,10.0,7
7.3,0.28,0.35,1.6,0.054000000000000006,31.0,148.0,0.9917799999999999,3.18,0.47,10.7,5
7.2,0.16,0.49,1.3,0.037000000000000005,27.0,104.0,0.9924,3.23,0.57,10.6,6
7.2,0.31,0.35,7.2,0.046,45.0,178.0,0.9955,3.14,0.53,9.7,5
7.7,0.49,1.0,19.6,0.03,28.0,135.0,0.9973,3.24,0.4,12.0,6
5.9,0.25,0.27,1.5,0.028999999999999998,37.0,81.0,0.9892,3.2,0.46,12.2,6
6.1,0.34,0.29,2.2,0.036000000000000004,25.0,100.0,0.9893799999999999,3.06,0.44,11.8,6
6.9,0.26,0.27,4.2,0.031,20.0,80.0,0.9908899999999999,3.12,0.39,11.5,6
5.8,0.19,0.49,4.9,0.04,44.0,118.0,0.9935,3.34,0.38,9.5,7
7.2,0.34,0.23,8.9,0.105,22.0,155.0,0.99692,3.01,0.58,9.5,5
6.5,0.18,0.29,1.7,0.035,39.0,144.0,0.9927,3.49,0.5,10.5,6
5.7,0.45,0.42,1.1,0.051,61.0,197.0,0.9932,3.02,0.4,9.0,5
6.5,0.23,0.36,16.3,0.038,43.0,133.0,0.99924,3.26,0.41,8.8,5
5.0,0.3,0.33,3.7,0.03,54.0,173.0,0.9887,3.36,0.3,13.0,7
7.3,0.19,0.24,6.3,0.054000000000000006,34.0,231.0,0.9964,3.36,0.54,10.0,6
7.1,0.28,0.28,8.5,0.03,25.0,191.0,0.9933799999999999,3.16,0.46,12.2,7
7.4,0.26,0.37,9.4,0.047,42.0,147.0,0.9982,3.46,0.72,10.0,5
7.9,0.16,0.64,17.0,0.05,69.0,210.0,1.0004,3.15,0.51,9.3,7
7.0,0.27,0.32,6.8,0.047,47.0,193.0,0.9938,3.23,0.39,11.4,6
6.5,0.13,0.27,2.6,0.035,32.0,76.0,0.9914,3.21,0.76,11.333333333333302,6
6.4,0.3,0.38,7.8,0.046,35.0,192.0,0.9955,3.1,0.37,9.0,5
6.5,0.2,0.35,3.9,0.04,27.0,140.0,0.9910200000000001,2.98,0.53,11.8,6
6.0,0.24,0.32,6.3,0.03,34.0,129.0,0.9946,3.52,0.41,10.4,5
5.3,0.16,0.39,1.0,0.027999999999999997,40.0,101.0,0.99156,3.57,0.59,10.6,6
6.4,0.29,0.18,15.0,0.04,21.0,116.0,0.99736,3.14,0.5,9.2,5
6.4,0.4,0.19,3.2,0.033,28.0,124.0,0.9904,3.22,0.54,12.7,7
7.5,0.24,0.29,1.1,0.046,34.0,84.0,0.9902,3.04,0.39,11.45,6
6.6,0.34,0.24,3.3,0.034,29.0,99.0,0.99031,3.1,0.4,12.3,7
6.3,0.34,0.52,6.3,0.047,63.0,186.0,0.9948100000000001,3.18,0.44,9.6,5
6.8,0.14,0.35,1.5,0.047,40.0,117.0,0.99111,3.07,0.72,11.1,6
6.9,0.15,0.28,4.4,0.028999999999999998,14.0,107.0,0.9934700000000001,3.24,0.46,10.4,8
6.6,0.23,0.24,3.9,0.045,36.0,138.0,0.9922,3.15,0.64,11.3,7
8.2,0.29,0.33,9.1,0.036000000000000004,28.0,118.0,0.9953,2.96,0.4,10.9,7
6.5,0.32,0.12,11.5,0.033,35.0,165.0,0.9974,3.22,0.32,9.0,5
6.4,0.28,0.41,6.8,0.045,61.0,216.0,0.9952,3.09,0.46,9.4,5
6.7,0.19,0.36,1.1,0.026000000000000002,63.0,143.0,0.9912,3.27,0.48,11.0,6
8.1,0.31,0.24,1.6,0.032,10.0,67.0,0.9924,3.08,0.47,10.5,5
7.6,0.23,0.4,5.2,0.066,14.0,91.0,0.9948799999999999,3.17,0.8,9.7,5
6.8,0.26,0.44,8.2,0.046,52.0,183.0,0.99584,3.2,0.51,9.4,5
6.6,0.28,0.36,1.7,0.038,22.0,101.0,0.9912,3.29,0.57,11.6,6
6.3,0.25,0.44,11.6,0.040999999999999995,48.0,195.0,0.9968,3.18,0.52,9.5,5
6.1,0.255,0.44,12.3,0.045,53.0,197.0,0.9967,3.24,0.54,9.5,6
7.4,0.2,0.35,2.1,0.038,30.0,116.0,0.9949,3.49,0.77,10.3,7
8.5,0.23,0.28,11.1,0.033,30.0,97.0,0.9950700000000001,3.03,0.39,10.5,7
6.4,0.26,0.4,1.7,0.179,5.0,60.0,0.9925,3.09,0.54,10.1,5
6.5,0.28,0.34,3.6,0.04,29.0,121.0,0.99111,3.28,0.48,12.1,7
6.4,0.5,0.2,2.4,0.059000000000000004,19.0,112.0,0.9931399999999999,3.18,0.4,9.2,6
7.2,0.23,0.32,8.5,0.057999999999999996,47.0,186.0,0.9956,3.19,0.4,9.9,6
6.7,0.34,0.3,8.5,0.059000000000000004,24.0,152.0,0.99615,3.46,0.64,11.0,7
7.9,0.41,0.37,4.5,0.03,40.0,114.0,0.992,3.17,0.54,12.4,7
6.7,0.13,0.45,4.2,0.043,52.0,131.0,0.9916200000000001,3.06,0.54,11.3,6
9.4,0.24,0.29,8.5,0.037000000000000005,124.0,208.0,0.99395,2.9,0.38,11.0,3
5.5,0.24,0.45,1.7,0.046,22.0,113.0,0.99224,3.22,0.48,10.0,5
6.2,0.27,0.18,1.5,0.027999999999999997,20.0,111.0,0.9922799999999999,3.41,0.5,10.0,5
6.7,0.13,0.57,6.6,0.055999999999999994,60.0,150.0,0.9954799999999999,2.96,0.43,9.4,6
7.9,0.19,0.26,2.1,0.039,8.0,143.0,0.9942,3.05,0.74,9.8,5
6.0,0.17,0.29,5.0,0.027999999999999997,25.0,108.0,0.9907600000000001,3.14,0.34,12.3,6
8.3,0.17,0.31,1.5,0.049,48.0,153.0,0.9942,3.12,0.58,9.4,6
6.8,0.22,0.35,17.5,0.039,38.0,153.0,0.9994,3.24,0.42,9.0,6
7.3,0.21,0.49,1.8,0.038,44.0,152.0,0.9912,3.32,0.44,12.6,7
5.7,0.16,0.26,6.3,0.043,28.0,113.0,0.9936,3.06,0.58,9.9,6
5.8,0.3,0.27,1.7,0.013999999999999999,45.0,104.0,0.9891399999999999,3.4,0.56,12.6,7
7.6,0.4,0.27,1.2,0.053,23.0,193.0,0.99164,3.22,0.38,11.6,5
6.1,0.22,0.4,1.85,0.031,25.0,111.0,0.98966,3.03,0.3,11.8,7
8.4,0.31,0.31,0.95,0.021,52.0,148.0,0.9903799999999999,2.93,0.32,11.5,5
6.5,0.25,0.45,7.8,0.048,52.0,188.0,0.9957600000000001,3.2,0.53,9.1,5
6.3,0.23,0.49,7.1,0.05,67.0,210.0,0.9951,3.23,0.34,9.5,5
7.6,0.23,0.49,10.0,0.036000000000000004,45.0,182.0,0.9967,3.08,0.58,9.6,6
8.8,0.23,0.35,10.7,0.04,26.0,183.0,0.9984,2.93,0.49,9.1,6
7.2,0.23,0.38,14.3,0.057999999999999996,55.0,194.0,0.9979,3.09,0.44,9.0,6
6.8,0.18,0.21,5.4,0.053,34.0,104.0,0.99445,3.3,0.43,9.4,5
7.1,0.44,0.23,5.8,0.035,24.0,100.0,0.9906200000000001,3.15,0.57,13.2,7
5.7,0.26,0.3,1.8,0.039,30.0,105.0,0.98995,3.48,0.52,12.5,7
6.2,0.16,0.32,1.1,0.036000000000000004,74.0,184.0,0.9909600000000001,3.22,0.41,11.0,6
7.6,0.2,0.3,14.2,0.055999999999999994,53.0,212.5,0.9990000000000001,3.14,0.46,8.9,8
5.5,0.24,0.32,8.7,0.06,19.0,102.0,0.9940000000000001,3.27,0.31,10.4,5
6.6,0.32,0.33,2.5,0.052000000000000005,40.0,210.0,0.99316,3.15,0.6,10.0,5
6.9,0.29,0.4,19.45,0.043,36.0,156.0,0.9996,2.93,0.47,8.9,5
8.0,0.55,0.17,8.2,0.04,13.0,60.0,0.9956,3.09,0.3,9.5,4
6.3,0.21,0.31,1.2,0.043,30.0,117.0,0.9915799999999999,3.49,0.68,11.0,6
8.0,0.2,0.36,1.2,0.032,21.0,78.0,0.9921,3.08,0.37,10.4,6
7.0,0.36,0.32,10.05,0.045,37.0,131.0,0.9935200000000001,3.09,0.33,11.7,8
8.3,0.36,0.57,15.0,0.052000000000000005,35.0,256.0,1.0001,2.93,0.64,8.6,5
6.9,0.37,0.23,9.5,0.057,54.0,166.0,0.9956799999999999,3.23,0.42,10.0,5
6.4,0.38,0.19,4.5,0.038,36.0,119.0,0.99151,3.07,0.42,11.2,6
6.5,0.32,0.23,8.5,0.051,20.0,138.0,0.9943,3.03,0.42,10.7,5
7.4,0.27,0.48,1.1,0.047,17.0,132.0,0.9914,3.19,0.49,11.6,6
5.9,0.26,0.29,5.4,0.046,34.0,116.0,0.99224,3.24,0.41,11.4,6
5.7,0.14,0.3,5.4,0.045,26.0,105.0,0.99469,3.32,0.45,9.3,5
6.1,0.22,0.4,1.85,0.031,25.0,111.0,0.98966,3.03,0.3,11.8,7
8.5,0.25,0.31,2.8,0.032,11.0,61.0,0.9918899999999999,3.06,0.44,11.5,6
5.5,0.15,0.32,14.0,0.031,16.0,99.0,0.9943700000000001,3.26,0.38,11.5,8
6.2,0.29,0.29,5.6,0.046,35.0,178.0,0.99313,3.25,0.51,10.5333333333333,5
7.7,0.34,0.28,11.0,0.04,31.0,117.0,0.99815,3.27,0.29,9.2,6
6.9,0.32,0.16,1.4,0.051,15.0,96.0,0.9940000000000001,3.22,0.38,9.5,4
7.5,0.29,0.67,8.1,0.037000000000000005,53.0,166.0,0.9966,2.9,0.41,8.9,6
6.0,0.16,0.3,6.7,0.043,43.0,153.0,0.9951,3.63,0.46,10.6,5
6.7,0.35,0.48,8.8,0.055999999999999994,35.0,167.0,0.9962799999999999,3.04,0.47,9.4,5
6.3,0.34,0.27,2.5,0.024,40.0,152.0,0.99095,3.35,0.6,11.9,7
6.3,0.35,0.3,5.7,0.035,8.0,97.0,0.9927,3.27,0.41,11.0,7
6.2,0.33,0.19,5.6,0.042,22.0,143.0,0.99425,3.15,0.63,9.9,5
6.6,0.22,0.23,17.3,0.047,37.0,118.0,0.9990600000000001,3.08,0.46,8.8,6
6.7,0.66,0.0,13.0,0.033,32.0,75.0,0.99551,3.15,0.5,10.7,6
6.5,0.15,0.55,5.9,0.045,75.0,162.0,0.99482,2.97,0.4,9.3,5
5.6,0.2,0.36,2.5,0.048,16.0,125.0,0.99282,3.49,0.49,10.0,6
8.2,0.22,0.36,6.8,0.034,12.0,90.0,0.9944,3.01,0.38,10.5,8
6.8,0.21,0.55,14.6,0.053,34.0,159.0,0.99805,2.93,0.44,9.2,5
6.9,0.2,0.36,1.5,0.031,38.0,147.0,0.9931,3.35,0.56,11.0,6
7.1,0.26,0.31,2.2,0.044000000000000004,29.0,128.0,0.9937,3.34,0.64,10.9,8
6.7,0.37,0.25,2.5,0.027999999999999997,24.0,84.0,0.9909,3.14,0.36,11.7,6
5.8,0.3,0.09,6.3,0.042,36.0,138.0,0.99382,3.15,0.48,9.7,5
5.7,0.27,0.32,1.2,0.046,20.0,155.0,0.9934,3.8,0.41,10.2,6
6.0,0.14,0.17,5.6,0.036000000000000004,37.0,127.0,0.9937299999999999,3.05,0.57,9.8,6
7.6,0.26,0.36,1.6,0.032,6.0,106.0,0.993,3.15,0.4,10.4,4
5.8,0.32,0.28,4.3,0.032,46.0,115.0,0.98946,3.16,0.57,13.0,8
7.9,0.27,0.27,1.7,0.034,25.0,122.0,0.9908799999999999,2.97,0.51,11.9,6
8.7,0.31,0.73,14.35,0.044000000000000004,27.0,191.0,1.00013,2.96,0.88,8.7,5
6.2,0.36,0.22,5.25,0.038,44.0,145.0,0.9918399999999999,3.22,0.4,11.2,6
6.5,0.24,0.32,7.6,0.038,48.0,203.0,0.9958,3.45,0.54,9.7,7
6.0,0.1,0.24,1.1,0.040999999999999995,15.0,65.0,0.9927,3.61,0.61,10.3,7
7.1,0.36,0.37,4.8,0.019,39.0,114.0,0.99036,3.08,0.49,12.7,7
6.7,0.31,0.32,14.5,0.038,6.0,79.0,0.9941200000000001,3.14,0.34,12.5,5
6.2,0.32,0.5,6.5,0.048,61.0,186.0,0.9948,3.19,0.45,9.6,5
8.5,0.17,0.74,3.6,0.05,29.0,128.0,0.9928,3.28,0.4,12.4,6
6.4,0.29,0.2,15.6,0.04,20.0,142.0,0.9962,3.1,0.54,10.6,5
6.7,0.2,0.41,9.1,0.044000000000000004,50.0,166.0,0.9954,3.14,0.58,9.8,6
6.4,0.21,0.34,16.05,0.04,56.0,142.0,0.9967799999999999,3.11,0.38,10.6,5
6.4,0.1,0.35,4.9,0.048,31.0,103.0,0.9947,3.43,0.79,9.7,6
6.0,0.32,0.3,1.9,0.033,41.0,142.0,0.9891200000000001,3.29,0.42,12.8,7
5.7,0.335,0.34,1.0,0.04,13.0,174.0,0.992,3.27,0.66,10.0,5
8.5,0.24,0.39,10.4,0.044000000000000004,20.0,142.0,0.9974,3.2,0.53,10.0,6
6.6,0.27,0.32,1.3,0.044000000000000004,18.0,93.0,0.99044,3.11,0.56,12.25,5
6.4,0.18,0.48,18.0,0.054000000000000006,56.0,183.0,1.0003799999999998,2.98,0.61,8.5,6
6.0,0.25,0.28,2.2,0.026000000000000002,54.0,126.0,0.9898,3.43,0.65,12.9,8
7.6,0.16,0.44,1.4,0.043,25.0,109.0,0.9932,3.11,0.75,10.3,6
7.1,0.35,0.24,15.4,0.055,46.0,198.0,0.9988,3.12,0.49,8.8,5
6.4,0.32,0.5,10.7,0.047,57.0,206.0,0.9968,3.08,0.6,9.4,5
7.2,0.24,0.29,3.0,0.036000000000000004,17.0,117.0,0.99411,3.36,0.68,10.1,6
6.9,0.3,0.45,1.4,0.039,36.0,122.0,0.99059,3.07,0.47,11.1,7
6.7,0.18,0.3,6.4,0.048,40.0,251.0,0.9956,3.29,0.52,10.0,5
7.0,0.39,0.24,1.0,0.048,8.0,119.0,0.9923,3.0,0.31,10.1,4
7.0,0.14,0.32,9.0,0.039,54.0,141.0,0.9956,3.22,0.43,9.4,6
6.8,0.19,0.71,17.5,0.042,21.0,114.0,0.99784,2.85,0.5,9.5,6
5.5,0.485,0.0,1.5,0.065,8.0,103.0,0.9940000000000001,3.63,0.4,9.7,4
5.6,0.35,0.4,6.3,0.022000000000000002,23.0,174.0,0.9922,3.54,0.5,11.6,7
7.1,0.49,0.22,2.0,0.047,146.5,307.5,0.9924,3.24,0.37,11.0,3
6.5,0.33,0.32,1.0,0.040999999999999995,39.0,120.0,0.9900399999999999,3.06,0.37,12.2,6
7.3,0.2,0.44,1.4,0.045,21.0,98.0,0.9924,3.15,0.46,10.0,7
7.0,0.39,0.31,5.3,0.16899999999999998,32.0,162.0,0.9965,3.2,0.48,9.4,5
6.7,0.16,0.32,12.5,0.035,18.0,156.0,0.99666,2.88,0.36,9.0,6
6.1,0.28,0.24,19.95,0.07400000000000001,32.0,174.0,0.9992200000000001,3.19,0.44,9.3,6
6.9,0.14,0.29,9.9,0.055999999999999994,30.0,91.0,0.9951200000000001,3.19,0.33,9.9,6
5.7,0.24,0.47,6.3,0.069,35.0,182.0,0.9939100000000001,3.11,0.46,9.75,5
6.0,0.32,0.3,7.3,0.174,46.0,159.0,0.99519,3.18,0.49,9.4,5
6.6,0.22,0.29,14.4,0.046,39.0,118.0,0.99834,3.05,0.5,9.1,6
7.0,0.22,0.33,2.1,0.052000000000000005,15.0,76.0,0.993,3.2,0.41,10.6,6
5.7,0.44,0.13,7.0,0.025,28.0,173.0,0.9913,3.33,0.48,12.5,6
6.3,0.22,0.34,5.0,0.032,36.0,93.0,0.9901200000000001,3.27,0.36,13.5,7
5.8,0.3,0.33,3.5,0.033,25.0,116.0,0.9905700000000001,3.2,0.44,11.7,6
6.4,0.24,0.23,2.0,0.046,30.0,133.0,0.9908,3.12,0.54,11.4,7
8.2,0.34,0.29,5.2,0.076,19.0,92.0,0.9913799999999999,2.95,0.39,12.5,6
7.3,0.19,0.27,13.9,0.057,45.0,155.0,0.9980700000000001,2.94,0.41,8.8,8
7.8,0.32,0.33,10.4,0.031,47.0,194.0,0.99692,3.07,0.58,9.6,6
6.7,0.25,0.36,8.6,0.037000000000000005,63.0,206.0,0.9955299999999999,3.18,0.5,9.6,5
6.5,0.25,0.32,9.9,0.045,41.0,128.0,0.99636,3.18,0.52,9.6,6
9.0,0.3,0.49,7.2,0.039,32.0,84.0,0.9938,2.94,0.32,11.5,6
6.9,0.4,0.43,6.2,0.065,42.0,178.0,0.9955200000000001,3.11,0.53,9.4,5
6.0,0.27,0.3,14.7,0.044000000000000004,15.0,144.0,0.99666,3.12,0.53,10.3,6
7.8,0.3,0.4,1.8,0.027999999999999997,23.0,122.0,0.9914,3.14,0.39,10.9,7
6.9,0.22,0.49,7.0,0.063,50.0,168.0,0.9957,3.54,0.5,10.3,6
7.6,0.67,0.14,1.5,0.07400000000000001,25.0,168.0,0.9937,3.05,0.51,9.3,5
6.9,0.33,0.26,5.0,0.027000000000000003,46.0,143.0,0.9924,3.25,0.43,11.2,7
6.3,0.36,0.28,2.5,0.035,18.0,73.0,0.9886799999999999,3.1,0.47,12.8,7
5.9,0.12,0.27,4.8,0.03,40.0,110.0,0.99226,3.55,0.68,12.1,6
7.4,0.32,0.55,16.6,0.055999999999999994,53.0,238.0,1.0017,2.96,0.58,8.7,6
6.7,0.15,0.32,7.9,0.034,17.0,81.0,0.9951200000000001,3.29,0.31,10.0,6
7.2,0.2,0.61,16.2,0.043,14.0,103.0,0.9987,3.06,0.36,9.2,6
6.7,0.31,0.09,1.4,0.039,53.0,141.0,0.99206,3.12,0.44,10.1,5
6.8,0.18,0.28,1.1,0.027000000000000003,32.0,112.0,0.9908899999999999,3.15,0.45,11.0,7
6.9,0.33,0.31,7.7,0.04,29.0,135.0,0.99226,3.11,0.57,12.3,5
6.4,0.23,0.33,1.15,0.044000000000000004,15.5,217.5,0.992,3.33,0.44,11.0,6
5.8,0.28,0.35,2.3,0.053,36.0,114.0,0.9924,3.28,0.5,10.2,4
5.8,0.26,0.29,1.0,0.042,35.0,101.0,0.99044,3.36,0.48,11.4,7
6.8,0.27,0.12,1.3,0.04,87.0,168.0,0.992,3.18,0.41,10.0,5
6.8,0.28,0.35,2.3,0.042,16.0,85.0,0.9906,3.19,0.56,12.4,6
8.8,0.35,0.49,1.0,0.036000000000000004,14.0,56.0,0.992,2.96,0.33,10.5,4
6.0,0.22,0.28,1.1,0.034,47.0,90.0,0.98862,3.22,0.38,12.6,6
6.8,0.25,0.27,10.7,0.076,47.0,154.0,0.9967,3.05,0.38,9.0,5
6.5,0.23,0.36,16.3,0.038,43.0,133.0,0.99924,3.26,0.41,8.8,5
7.2,0.37,0.15,2.0,0.028999999999999998,27.0,87.0,0.9903,3.3,0.59,12.6,7
6.7,0.22,0.22,1.2,0.038,5.0,124.0,0.99098,3.1,0.37,11.2,4
7.7,0.26,0.51,2.6,0.045,26.0,159.0,0.99126,3.0,0.5,11.2,6
7.0,0.18,0.37,1.5,0.043,16.0,104.0,0.99216,3.18,0.5,10.8,5
6.6,0.22,0.23,17.3,0.047,37.0,118.0,0.9990600000000001,3.08,0.46,8.8,6
6.0,0.17,0.33,6.0,0.036000000000000004,30.0,111.0,0.9936200000000001,3.32,0.58,10.15,7
7.1,0.18,0.32,12.2,0.048,36.0,125.0,0.9967,2.92,0.54,9.4,6
7.0,0.27,0.74,1.5,0.036000000000000004,27.0,122.0,0.9926,3.35,0.48,11.2,6
8.2,0.21,0.32,10.65,0.053,53.0,145.0,0.9972,3.17,0.48,10.2,6
5.2,0.28,0.29,1.1,0.027999999999999997,18.0,69.0,0.9916799999999999,3.24,0.54,10.0,6
6.8,0.18,0.28,9.8,0.039,29.0,113.0,0.99406,3.11,0.45,10.9,7
6.8,0.2,0.59,0.9,0.147,38.0,132.0,0.993,3.05,0.38,9.1,6
7.2,0.2,0.25,4.5,0.044000000000000004,31.0,109.0,0.9949,3.23,0.36,9.4,5
7.8,0.32,0.31,1.7,0.036000000000000004,46.0,195.0,0.993,3.03,0.48,10.5,5
8.4,0.2,0.27,6.3,0.048,30.0,143.0,0.9966,3.25,0.5,9.1,6
7.3,0.24,0.34,15.4,0.05,38.0,174.0,0.9983,3.03,0.42,9.0,6
5.2,0.5,0.18,2.0,0.036000000000000004,23.0,129.0,0.98949,3.36,0.77,13.4,7
6.8,0.28,0.36,7.0,0.043,60.0,207.0,0.99556,3.16,0.49,9.6,6
9.1,0.27,0.45,10.6,0.035,28.0,124.0,0.997,3.2,0.46,10.4,9
7.0,0.12,0.29,10.3,0.039,41.0,98.0,0.99564,3.19,0.38,9.8,8
5.8,0.24,0.26,10.05,0.039,63.0,162.0,0.99375,3.33,0.5,11.2,6
6.8,0.31,0.3,8.0,0.027999999999999997,33.0,122.0,0.99164,3.13,0.63,12.6,7
7.3,0.22,0.37,14.3,0.063,48.0,191.0,0.9978,2.89,0.38,9.0,6
6.9,0.3,0.25,3.3,0.040999999999999995,26.0,124.0,0.9942799999999999,3.18,0.5,9.3,6
9.2,0.25,0.34,1.2,0.026000000000000002,31.0,93.0,0.9916,2.93,0.37,11.3,7
7.1,0.32,0.24,13.1,0.05,52.0,204.0,0.998,3.1,0.49,8.8,5
5.7,0.33,0.15,1.9,0.05,20.0,93.0,0.9934,3.38,0.62,9.9,5
6.8,0.23,0.39,16.1,0.053,71.0,194.0,0.9988,3.18,0.64,10.2,6
8.6,0.18,0.36,1.8,0.04,24.0,187.0,0.9956,3.25,0.55,9.5,6
7.1,0.15,0.34,1.0,0.033,27.0,73.0,0.98974,3.24,0.41,12.2,6
6.6,0.37,0.24,2.0,0.064,23.0,120.0,0.9946,3.32,0.54,9.4,5
5.2,0.25,0.23,1.4,0.047,20.0,77.0,0.9900100000000001,3.32,0.62,11.4,5
7.1,0.32,0.32,11.0,0.038,16.0,66.0,0.9937,3.24,0.4,11.5,3
7.2,0.21,0.33,3.0,0.036000000000000004,35.0,132.0,0.9928,3.25,0.4,11.0,6
7.8,0.965,0.6,65.8,0.07400000000000001,8.0,160.0,1.03898,3.39,0.69,11.7,6
6.3,0.3,0.34,1.6,0.049,14.0,132.0,0.9940000000000001,3.3,0.49,9.5,6
6.2,0.28,0.27,10.3,0.03,26.0,108.0,0.9938799999999999,3.2,0.36,10.7,6
6.0,0.31,0.27,2.3,0.042,19.0,120.0,0.9895200000000001,3.32,0.41,12.7,7
7.7,0.32,0.61,11.8,0.040999999999999995,66.0,188.0,0.9979399999999999,3.0,0.54,9.3,5
7.6,0.26,0.47,1.6,0.068,5.0,55.0,0.9944,3.1,0.45,9.6,5
5.8,0.25,0.28,11.1,0.055999999999999994,45.0,175.0,0.99755,3.42,0.43,9.5,5
6.5,0.28,0.38,7.8,0.031,54.0,216.0,0.99154,3.03,0.42,13.1,6
6.3,0.2,0.4,1.5,0.037000000000000005,35.0,107.0,0.9917,3.46,0.5,11.4,6
6.5,0.23,0.38,1.3,0.032,29.0,112.0,0.99298,3.29,0.54,9.7,5
7.4,0.18,0.31,1.4,0.057999999999999996,38.0,167.0,0.9931,3.16,0.53,10.0,7
6.7,0.15,0.38,1.7,0.037000000000000005,20.0,84.0,0.99046,3.09,0.53,11.4,6
7.4,0.28,0.36,1.1,0.027999999999999997,42.0,105.0,0.9893,2.99,0.39,12.4,7
6.4,0.26,0.25,10.7,0.046,66.0,179.0,0.9960600000000001,3.17,0.55,9.9,6
6.2,0.16,0.32,1.1,0.036000000000000004,74.0,184.0,0.9909600000000001,3.22,0.41,11.0,6
6.7,0.24,0.39,2.9,0.17300000000000001,63.0,157.0,0.9937,3.1,0.34,9.4,6
7.1,0.21,0.28,2.7,0.034,23.0,111.0,0.99405,3.35,0.64,10.2,4
7.8,0.18,0.31,12.2,0.053,46.0,140.0,0.998,3.06,0.53,8.9,6
6.2,0.23,0.35,0.7,0.051,24.0,111.0,0.9916,3.37,0.43,11.0,3
6.5,0.19,0.26,5.2,0.04,31.0,140.0,0.995,3.26,0.68,9.5,6
7.9,0.2,0.34,1.2,0.04,29.0,118.0,0.9932,3.14,0.41,10.6,6
6.0,0.2,0.24,5.3,0.075,49.0,201.0,0.99466,3.21,0.43,9.5,5
6.0,0.28,0.27,2.3,0.051,23.0,147.0,0.9940000000000001,3.23,0.67,10.3,6
6.7,0.28,0.42,3.5,0.035,43.0,105.0,0.99021,3.18,0.38,12.2,6
6.7,0.27,0.33,3.6,0.034,9.0,45.0,0.99144,3.08,0.4,10.5,6
7.0,0.35,0.17,1.1,0.049,7.0,119.0,0.99297,3.13,0.36,9.7,6
5.5,0.17,0.23,2.9,0.039,10.0,108.0,0.9924299999999999,3.28,0.5,10.0,5
6.9,0.36,0.34,4.2,0.018000000000000002,57.0,119.0,0.9898,3.28,0.36,12.7,9
7.1,0.31,0.17,1.0,0.042,21.0,144.0,0.9930399999999999,3.13,0.4,9.6,5
6.2,0.24,0.27,2.9,0.039,30.0,123.0,0.98959,3.12,0.37,12.8,6
8.8,0.39,0.35,1.8,0.096,22.0,80.0,0.99016,2.95,0.54,12.6,6
7.2,0.31,0.5,13.3,0.055999999999999994,68.0,195.0,0.9982,3.01,0.47,9.2,5
6.7,0.33,0.42,6.4,0.057999999999999996,27.0,151.0,0.9954,3.16,0.44,9.6,5
6.8,0.26,0.26,2.0,0.019,23.5,72.0,0.99041,3.16,0.47,11.8,6
7.6,0.27,0.33,2.0,0.059000000000000004,19.0,175.0,0.9944,3.22,0.56,9.9,5
6.1,0.25,0.49,7.6,0.052000000000000005,67.0,226.0,0.9956,3.16,0.47,8.9,5
8.0,0.45,0.36,8.8,0.026000000000000002,50.0,151.0,0.9927,3.07,0.25,12.7,8
6.8,0.19,0.34,1.9,0.04,41.0,108.0,0.99,3.25,0.45,12.9,6
7.1,0.365,0.14,1.2,0.055,24.0,84.0,0.9941,3.15,0.43,8.9,5
7.1,0.17,0.38,7.4,0.052000000000000005,49.0,182.0,0.9958,3.35,0.52,9.6,6
7.0,0.23,0.26,7.2,0.040999999999999995,21.0,90.0,0.9950899999999999,3.22,0.55,9.5,6
6.4,0.29,0.28,11.1,0.063,66.0,169.0,0.9973,2.89,0.57,9.0,5
6.6,0.24,0.22,12.3,0.051,35.0,146.0,0.9967600000000001,3.1,0.67,9.4,5
6.4,0.34,0.23,6.3,0.039,37.0,143.0,0.9944,3.19,0.65,10.0,6
6.2,0.35,0.25,18.4,0.051,28.0,182.0,0.99946,3.13,0.62,9.3,6
6.0,0.24,0.34,1.0,0.036000000000000004,52.0,184.0,0.99097,3.44,0.44,11.45,6
6.4,0.12,0.3,1.1,0.031,37.0,94.0,0.9898600000000001,3.01,0.56,11.7,6
6.8,0.27,0.32,1.5,0.044000000000000004,19.0,142.0,0.9921,3.1,0.43,9.9,6
7.0,0.23,0.42,18.05,0.05,35.0,144.0,0.9999,3.22,0.42,8.8,5
6.5,0.19,0.34,1.6,0.028999999999999998,39.0,116.0,0.98954,3.21,0.68,12.5,6
6.2,0.25,0.54,7.0,0.046,58.0,176.0,0.99454,3.19,0.7,10.4,5
7.2,0.19,0.46,3.8,0.040999999999999995,82.0,187.0,0.9932,3.19,0.6,11.2,7
7.3,0.51,0.26,3.3,0.09,7.0,135.0,0.9944,3.01,0.52,8.8,5
7.8,0.25,0.34,13.7,0.044000000000000004,66.0,184.0,0.99976,3.22,0.75,8.9,5
7.9,0.36,0.53,12.9,0.049,63.0,139.0,0.99792,2.94,0.45,9.1,5
8.3,0.18,0.3,1.1,0.033,20.0,57.0,0.9910899999999999,3.02,0.51,11.0,6
5.9,0.32,0.28,4.7,0.039,34.0,94.0,0.98964,3.22,0.57,13.1,7
6.9,0.19,0.35,6.9,0.045,51.0,125.0,0.9933,3.1,0.44,10.7,7
6.9,0.22,0.32,9.3,0.04,22.0,110.0,0.9958,3.34,0.54,10.7,7
6.5,0.18,0.33,8.0,0.051,16.0,131.0,0.9965,3.28,0.44,8.7,7
6.3,0.39,0.24,6.9,0.069,9.0,117.0,0.9942,3.15,0.35,10.2,4
6.6,0.26,0.21,2.9,0.026000000000000002,48.0,126.0,0.9908899999999999,3.22,0.38,11.3,7
8.5,0.19,0.48,1.1,0.026000000000000002,23.0,58.0,0.9918399999999999,2.9,0.5,10.5,6
5.0,0.255,0.22,2.7,0.043,46.0,153.0,0.9923799999999999,3.75,0.76,11.3,6
7.2,0.25,0.28,14.4,0.055,55.0,205.0,0.9986,3.12,0.38,9.0,7
7.0,0.32,0.29,7.6,0.025,35.0,124.0,0.9916200000000001,3.15,0.65,12.8,7
7.1,0.23,0.3,2.6,0.034,62.0,148.0,0.99121,3.03,0.56,11.3,7
6.2,0.25,0.38,7.9,0.045,54.0,208.0,0.99572,3.17,0.46,9.1,5
7.2,0.25,0.32,1.5,0.047,27.0,132.0,0.9933,3.26,0.44,10.5,5
7.2,0.29,0.18,8.2,0.042,41.0,180.0,0.99644,3.16,0.49,9.1,5
6.9,0.32,0.26,8.3,0.053,32.0,180.0,0.9965,3.25,0.51,9.2,6
5.4,0.415,0.19,1.6,0.039,27.0,88.0,0.99265,3.54,0.41,10.0,7
6.9,0.21,0.33,1.8,0.034,48.0,136.0,0.9899,3.25,0.41,12.6,7
6.8,0.19,0.71,17.5,0.042,21.0,114.0,0.99784,2.85,0.5,9.5,6
7.7,0.18,0.53,1.2,0.040999999999999995,42.0,167.0,0.9908,3.11,0.44,11.9,5
8.0,0.28,0.3,8.4,0.03,35.0,115.0,0.99192,2.93,0.42,12.3,6
6.7,0.5,0.36,11.5,0.096,18.0,92.0,0.9964200000000001,3.11,0.49,9.6,5
7.2,0.21,0.36,15.7,0.045,68.0,183.0,0.9992200000000001,3.25,0.76,9.4,5
5.4,0.22,0.29,1.2,0.045,69.0,152.0,0.9917799999999999,3.76,0.63,11.0,7
5.5,0.12,0.33,1.0,0.038,23.0,131.0,0.99164,3.25,0.45,9.8,5
6.6,0.16,0.25,9.8,0.049,59.5,137.0,0.995,3.16,0.38,10.0,6
7.3,0.19,0.68,1.5,0.05,31.0,156.0,0.9946,3.32,0.64,9.4,6
7.1,0.13,0.4,1.2,0.047,54.0,134.0,0.9932,3.3,0.97,9.8,7
6.8,0.28,0.4,22.0,0.048,48.0,167.0,1.001,2.93,0.5,8.7,5
7.8,0.24,0.18,6.7,0.046,33.0,160.0,0.9963,3.2,0.56,9.8,6
7.3,0.25,0.36,13.1,0.05,35.0,200.0,0.9986,3.04,0.46,8.9,7
7.0,0.24,0.36,2.8,0.034,22.0,112.0,0.99,3.19,0.38,12.6,8
7.3,0.26,0.32,1.2,0.040999999999999995,29.0,94.0,0.9897799999999999,3.07,0.45,12.0,6
7.4,0.25,0.37,13.5,0.06,52.0,192.0,0.9975,3.0,0.44,9.1,5
7.0,0.36,0.3,5.0,0.04,40.0,143.0,0.9917299999999999,3.33,0.42,12.2,7
6.2,0.24,0.27,16.8,0.04,48.0,129.0,0.9969100000000001,3.23,0.38,10.5,6
6.9,0.33,0.62,7.5,0.038,46.0,132.0,0.9914299999999999,3.23,0.43,13.4,7
7.2,0.2,0.3,2.0,0.039,43.0,188.0,0.9911,3.3,0.41,12.0,6
6.7,0.23,0.31,2.1,0.046,30.0,96.0,0.9926,3.33,0.64,10.7,8
6.9,0.16,0.3,9.6,0.057,50.0,185.0,0.9978,3.39,0.38,9.6,6
6.9,0.32,0.26,2.3,0.03,11.0,103.0,0.99106,3.06,0.42,11.1,6
7.1,0.21,0.28,2.7,0.034,23.0,111.0,0.99405,3.35,0.64,10.2,4
6.2,0.3,0.21,1.1,0.032,31.0,111.0,0.9889,2.97,0.42,12.2,6
7.1,0.2,0.31,6.85,0.053,32.0,211.0,0.99587,3.31,0.59,10.4,6
7.9,0.28,0.49,7.7,0.045,48.0,195.0,0.9954,3.04,0.55,11.0,6
7.5,0.38,0.5,12.8,0.042,57.0,184.0,0.9984,3.09,0.46,9.0,6
6.2,0.3,0.32,1.3,0.054000000000000006,27.0,183.0,0.99266,3.3,0.43,10.1,5
7.6,0.27,0.3,9.2,0.018000000000000002,23.0,96.0,0.9938,3.08,0.29,11.0,6
7.6,0.17,0.36,4.5,0.042,26.0,102.0,0.9942700000000001,3.09,0.47,9.5,5
7.8,0.3,0.74,1.8,0.033,33.0,156.0,0.991,3.29,0.52,12.8,6
5.5,0.19,0.27,0.9,0.04,52.0,103.0,0.99026,3.5,0.39,11.2,5
5.0,0.35,0.25,7.8,0.031,24.0,116.0,0.99241,3.39,0.4,11.3,6
6.6,0.34,0.4,8.1,0.046,68.0,170.0,0.9949399999999999,3.15,0.5,9.53333333333333,6
7.4,0.26,0.32,3.7,0.032,29.0,193.0,0.99134,3.1,0.67,12.5,6
6.3,0.32,0.32,1.5,0.03,24.0,101.0,0.9892299999999999,3.21,0.42,13.0,5
6.5,0.28,0.34,4.6,0.054000000000000006,22.0,130.0,0.99193,3.2,0.46,12.0,7
8.1,0.25,0.38,3.8,0.051,18.0,129.0,0.9928,3.21,0.38,11.5,6
7.1,0.21,0.32,2.2,0.037000000000000005,28.0,141.0,0.993,3.2,0.57,10.0,7
7.8,0.24,0.32,12.2,0.054000000000000006,42.0,138.0,0.9984,3.01,0.54,8.8,5
6.7,0.47,0.34,8.9,0.043,31.0,172.0,0.9964,3.22,0.6,9.2,5
7.0,0.27,0.36,20.7,0.045,45.0,170.0,1.001,3.0,0.45,8.8,6
8.0,0.27,0.33,1.2,0.05,41.0,103.0,0.9900200000000001,3.0,0.45,12.4,6
6.0,0.21,0.34,2.0,0.042,63.0,123.0,0.9905200000000001,3.44,0.42,11.4,6
8.2,0.18,0.31,11.8,0.039,96.0,249.0,0.9976,3.07,0.52,9.5,6
7.1,0.32,0.24,13.1,0.05,52.0,204.0,0.998,3.1,0.49,8.8,5
7.7,0.16,0.49,2.0,0.055999999999999994,20.0,124.0,0.9948,3.32,0.49,10.7,6
6.9,0.33,0.26,5.0,0.027000000000000003,46.0,143.0,0.9924,3.25,0.43,11.2,7
6.9,0.4,0.17,12.9,0.033,59.0,186.0,0.99754,3.08,0.49,9.4,5
7.3,0.28,0.54,12.9,0.049,62.0,152.0,0.9984,3.06,0.45,9.1,6
6.9,0.28,0.4,8.2,0.036000000000000004,15.0,95.0,0.9944,3.17,0.33,10.2,5
7.1,0.2,0.27,9.6,0.037000000000000005,19.0,105.0,0.99444,3.04,0.37,10.5,7
6.7,0.14,0.46,1.6,0.036000000000000004,15.0,92.0,0.99264,3.37,0.49,10.9,5
7.0,0.17,0.74,12.8,0.045,24.0,126.0,0.9942,3.26,0.38,12.2,8
6.0,0.2,0.26,1.1,0.033,38.0,67.0,0.98954,3.14,0.38,11.5,6
6.9,0.38,0.32,8.5,0.044000000000000004,36.0,152.0,0.9932,3.38,0.35,12.0,7
6.6,0.41,0.27,10.7,0.11,20.0,103.0,0.99672,3.08,0.41,9.0,6
5.7,0.255,0.65,1.2,0.079,17.0,137.0,0.9930700000000001,3.2,0.42,9.4,5
8.0,0.14,0.49,1.5,0.035,42.0,120.0,0.9928,3.26,0.4,10.6,7
6.6,0.16,0.34,1.1,0.037000000000000005,41.0,115.0,0.9899,3.01,0.68,12.0,6
7.5,0.23,0.36,7.0,0.036000000000000004,43.0,161.0,0.9938,3.04,0.32,11.0,5
6.0,0.26,0.15,1.2,0.053,35.0,124.0,0.9934700000000001,3.08,0.46,8.8,5
6.9,0.33,0.21,1.0,0.053,39.0,148.0,0.9927,3.12,0.45,9.4,6
6.8,0.19,0.33,1.3,0.031,22.0,87.0,0.98987,3.08,0.62,12.3,7
6.4,0.17,0.32,2.4,0.048,41.0,200.0,0.9938,3.5,0.5,9.7,6
8.4,0.35,0.56,13.8,0.048,55.0,190.0,0.9993,3.07,0.58,9.4,6
7.4,0.25,0.37,13.5,0.06,52.0,192.0,0.9975,3.0,0.44,9.1,5
6.3,0.26,0.29,2.2,0.043,35.0,175.0,0.9918,3.38,0.43,11.6,6
7.5,0.305,0.4,18.9,0.059000000000000004,44.0,170.0,1.0,2.99,0.46,9.0,5
7.2,0.2,0.22,1.6,0.044000000000000004,17.0,101.0,0.99471,3.37,0.53,10.0,5
7.3,0.25,0.36,13.1,0.05,35.0,200.0,0.9986,3.04,0.46,8.9,7
6.8,0.34,0.36,8.9,0.028999999999999998,44.0,128.0,0.99318,3.28,0.35,11.95,7
6.2,0.25,0.25,1.4,0.03,35.0,105.0,0.9912,3.3,0.44,11.1,7
6.2,0.18,0.3,1.0,0.031,23.0,73.0,0.9903200000000001,3.23,0.52,11.3,6
7.3,0.34,0.21,3.2,0.05,14.0,136.0,0.9936,3.25,0.44,10.2,5
6.1,1.1,0.16,4.4,0.033,8.0,109.0,0.9905799999999999,3.35,0.47,12.4,4
6.6,0.32,0.41,7.2,0.048,55.0,178.0,0.9953700000000001,3.2,0.46,9.4,5
7.2,0.21,0.41,1.3,0.036000000000000004,33.0,85.0,0.992,3.17,0.51,10.4,5
7.6,0.22,0.34,9.7,0.035,26.0,143.0,0.9965,3.08,0.49,9.8,6
6.4,0.14,0.28,7.9,0.057,21.0,82.0,0.99425,3.26,0.36,10.0,6
9.4,0.28,0.3,1.6,0.045,36.0,139.0,0.99534,3.11,0.49,9.3,5
6.2,0.12,0.34,1.5,0.045,43.0,117.0,0.9939,3.42,0.51,9.0,6
5.9,0.17,0.28,0.7,0.027000000000000003,5.0,28.0,0.98985,3.13,0.32,10.6,5
7.4,0.19,0.49,9.3,0.03,26.0,132.0,0.9940000000000001,2.99,0.32,11.0,7
6.9,0.18,0.36,1.3,0.036000000000000004,40.0,117.0,0.9934,3.27,0.95,9.5,7
6.7,0.13,0.28,1.2,0.046,35.0,140.0,0.9927,3.33,0.33,10.1,7
6.1,0.26,0.28,1.7,0.043,24.0,98.0,0.98918,3.14,0.44,12.5,6
7.1,0.33,0.64,13.2,0.055999999999999994,12.0,105.0,0.9972,3.05,0.39,9.2,5
7.3,0.15,0.4,2.0,0.05,24.0,92.0,0.9932,3.14,0.45,10.5,5
7.3,0.19,0.24,6.3,0.054000000000000006,34.0,231.0,0.9964,3.36,0.54,10.0,6
6.4,0.37,0.37,4.85,0.040999999999999995,39.5,216.5,0.9943200000000001,3.1,0.5,9.8,6
7.3,0.28,0.54,12.9,0.049,62.0,162.5,0.9984,3.06,0.45,9.1,6
6.1,0.41,0.2,12.6,0.032,54.0,136.0,0.99516,2.91,0.43,10.6,6
6.5,0.22,0.25,17.1,0.05,44.0,138.0,1.0001,3.3,0.37,8.8,5
6.8,0.22,0.24,4.9,0.092,30.0,123.0,0.9951,3.03,0.46,8.6,6
6.4,0.41,0.01,6.1,0.048,20.0,70.0,0.9936200000000001,3.19,0.42,10.0,5
5.5,0.18,0.22,5.5,0.037000000000000005,10.0,86.0,0.99156,3.46,0.44,12.2,5
5.5,0.335,0.3,2.5,0.071,27.0,128.0,0.9924,3.14,0.51,9.6,6
6.8,0.21,0.62,6.4,0.040999999999999995,7.0,113.0,0.9935799999999999,2.96,0.59,10.2,5
6.2,0.37,0.24,6.1,0.032,19.0,86.0,0.98934,3.04,0.26,13.4,8
6.6,0.34,0.18,6.4,0.08199999999999999,47.0,240.0,0.9971,3.42,0.48,9.2,5
6.2,0.19,0.38,5.1,0.019,22.0,82.0,0.98961,3.05,0.36,12.5,6
7.4,0.16,0.3,13.7,0.055999999999999994,33.0,168.0,0.99825,2.9,0.44,8.7,7
6.5,0.35,0.36,0.8,0.034,32.0,111.0,0.9894200000000001,3.11,0.5,12.1,8
7.7,0.34,0.3,8.0,0.048,25.0,192.0,0.9951,2.97,0.47,10.9,5
6.4,0.68,0.26,3.4,0.069,25.0,146.0,0.9934700000000001,3.18,0.4,9.3,5
7.7,0.18,0.3,1.2,0.046,49.0,199.0,0.99413,3.03,0.38,9.3,5
6.7,0.62,0.24,1.1,0.039,6.0,62.0,0.9934,3.41,0.32,10.4,5
6.5,0.46,0.31,5.0,0.027000000000000003,15.0,72.0,0.99165,3.26,0.6,11.5,7
5.7,0.21,0.24,2.3,0.047,60.0,189.0,0.995,3.65,0.72,10.1,6
6.8,0.24,0.29,9.5,0.042,56.0,157.0,0.9958600000000001,3.11,0.51,10.1,6
6.8,0.29,0.22,3.4,0.035,40.0,122.0,0.99024,3.09,0.47,12.3,6
6.7,0.41,0.27,2.6,0.033,25.0,85.0,0.9908600000000001,3.05,0.34,11.7,6
6.8,0.475,0.33,3.95,0.047,16.0,81.0,0.98988,3.23,0.53,13.4,7
6.1,0.37,0.36,4.7,0.035,36.0,116.0,0.991,3.31,0.62,12.6,6
6.3,0.22,0.27,4.5,0.036000000000000004,81.0,157.0,0.9928,3.05,0.76,10.7,7
6.4,0.5,0.16,12.9,0.042,26.0,138.0,0.9974,3.28,0.33,9.0,5
5.9,0.48,0.3,1.5,0.037000000000000005,19.0,78.0,0.9905700000000001,3.47,0.42,11.9,7
7.4,0.56,0.09,1.5,0.071,19.0,117.0,0.9949600000000001,3.22,0.53,9.8,5
6.4,0.22,0.32,12.0,0.066,57.0,158.0,0.9992,3.6,0.43,9.0,6
6.9,0.24,0.36,20.8,0.031,40.0,139.0,0.9975,3.2,0.33,11.0,6
7.6,0.31,0.29,10.5,0.04,21.0,145.0,0.9966,3.04,0.35,9.4,5
6.6,0.16,0.32,1.4,0.035,49.0,186.0,0.9906,3.35,0.64,12.4,8
6.1,0.36,0.16,6.4,0.037000000000000005,36.0,198.0,0.9944,3.17,0.62,9.9,6
5.5,0.21,0.25,1.2,0.04,18.0,75.0,0.99006,3.31,0.56,11.3,6
7.0,0.21,0.28,8.6,0.045,37.0,221.0,0.9954,3.25,0.54,10.4,6
7.3,0.28,0.36,12.7,0.04,38.0,140.0,0.998,3.3,0.79,9.6,6
6.4,0.29,0.44,3.6,0.2,75.0,181.0,0.9942,3.02,0.41,9.1,5
6.1,0.19,0.37,2.6,0.040999999999999995,24.0,99.0,0.9915299999999999,3.18,0.5,10.9,6
6.5,0.26,0.31,1.3,0.034,59.0,145.0,0.98944,3.16,0.54,12.4,6
7.1,0.2,0.31,6.85,0.053,32.0,211.0,0.99587,3.31,0.59,10.4,6
6.1,0.28,0.23,4.2,0.038,13.0,95.0,0.98898,2.97,0.7,13.1,6
7.7,0.28,0.29,6.9,0.040999999999999995,29.0,163.0,0.9952,3.44,0.6,10.5,6
7.0,0.36,0.35,2.5,0.048,67.0,161.0,0.99146,3.05,0.56,11.1,6
6.7,0.36,0.28,8.3,0.034,29.0,81.0,0.99151,2.96,0.39,12.5,6
6.4,0.27,0.32,4.5,0.24,61.0,174.0,0.9948,3.12,0.48,9.4,5
7.3,0.37,0.16,14.9,0.048,59.0,240.0,0.99902,3.13,0.45,8.9,5
7.7,0.34,0.27,8.8,0.063,39.0,184.0,0.9969,3.09,0.63,9.2,6
5.4,0.5,0.13,5.0,0.027999999999999997,12.0,107.0,0.99079,3.48,0.88,13.5,7
8.3,0.2,0.49,1.7,0.04,34.0,169.0,0.9938,3.05,0.37,10.1,5
7.0,0.28,0.26,1.7,0.042,34.0,130.0,0.9925,3.43,0.5,10.7,8
7.8,0.29,0.36,7.0,0.042,38.0,161.0,0.9941,3.26,0.37,11.2,8
7.1,0.22,0.33,2.8,0.033,48.0,153.0,0.9899,3.15,0.38,12.7,7
6.6,0.2,0.14,4.4,0.184,35.0,168.0,0.9939600000000001,2.93,0.45,9.4,6
7.7,0.27,0.49,1.8,0.040999999999999995,23.0,86.0,0.9914,3.16,0.42,12.5,6
7.5,0.42,0.2,1.4,0.06,15.0,168.0,0.9944,3.06,0.4,9.4,6
7.9,0.18,0.36,5.9,0.057999999999999996,31.0,132.0,0.995,3.25,0.52,10.9,6
6.4,0.33,0.31,5.5,0.048,42.0,173.0,0.9951,3.19,0.66,9.3,6
6.8,0.26,0.34,13.9,0.034,39.0,134.0,0.9949,3.33,0.53,12.0,6
5.8,0.345,0.15,10.8,0.033,26.0,120.0,0.9949399999999999,3.25,0.49,10.0,6
8.3,0.28,0.45,7.8,0.059000000000000004,32.0,139.0,0.9972,3.33,0.77,11.2,6
6.8,0.33,0.44,7.0,0.05,29.0,155.0,0.9955,3.14,0.42,9.5,5
6.7,0.23,0.17,1.3,0.061,14.0,100.0,0.9925,3.07,0.55,9.5,5
7.7,0.34,0.28,11.0,0.04,31.0,117.0,0.99815,3.27,0.29,9.2,6
6.8,0.34,0.44,6.6,0.052000000000000005,28.0,156.0,0.9955,3.14,0.41,9.6,5
7.2,0.28,0.26,12.5,0.046,48.0,179.0,0.9975,3.1,0.52,9.0,6
6.0,0.2,0.33,1.1,0.039,45.0,126.0,0.99051,3.31,0.45,11.6,7
6.9,0.22,0.43,6.4,0.042,34.0,115.0,0.99293,3.05,0.51,10.8,6
6.0,0.29,0.21,1.3,0.055,42.0,168.0,0.9914,3.32,0.43,11.1,6
5.3,0.31,0.38,10.5,0.031,53.0,140.0,0.99321,3.34,0.46,11.7,6
7.6,0.19,0.41,1.1,0.04,38.0,143.0,0.9907,2.92,0.42,11.4,5
6.8,0.36,0.32,1.6,0.039,10.0,124.0,0.9948,3.3,0.67,9.6,5
4.7,0.335,0.14,1.3,0.036000000000000004,69.0,168.0,0.9921200000000001,3.47,0.46,10.5,5
7.4,0.34,0.3,14.9,0.037000000000000005,70.0,169.0,0.99698,3.25,0.37,10.4,6
7.3,0.22,0.4,14.75,0.042,44.5,129.5,0.9998,3.36,0.41,9.1,7
6.6,0.26,0.38,6.5,0.17,68.0,201.0,0.9956,3.19,0.38,9.4,6
9.0,0.24,0.5,1.2,0.048,26.0,107.0,0.9918,3.21,0.34,12.4,6
6.8,0.27,0.3,13.0,0.047,69.0,160.0,0.99705,3.16,0.5,9.6,6
5.4,0.17,0.27,2.7,0.049,28.0,104.0,0.99224,3.46,0.55,10.3,6
6.8,0.39,0.35,11.6,0.044000000000000004,57.0,220.0,0.99775,3.07,0.53,9.3,5
5.6,0.13,0.27,4.8,0.027999999999999997,22.0,104.0,0.9948,3.34,0.45,9.2,6
6.1,0.27,0.44,6.7,0.040999999999999995,61.0,230.0,0.99505,3.12,0.4,8.9,5
6.9,0.615,0.42,12.0,0.067,24.0,131.0,0.9972700000000001,3.19,0.34,9.3,5
6.9,0.41,0.33,10.1,0.043,28.0,152.0,0.9968,3.2,0.52,9.4,5
6.2,0.25,0.31,3.2,0.03,32.0,150.0,0.9901399999999999,3.18,0.31,12.0,6
6.2,0.36,0.27,3.2,0.032,13.0,73.0,0.9894200000000001,2.9,0.69,12.6,7
6.2,0.34,0.29,7.6,0.047,45.0,232.0,0.9955,3.35,0.62,10.0,6
5.8,0.28,0.66,9.1,0.039,26.0,159.0,0.9965,3.66,0.55,10.8,5
6.4,0.31,0.28,2.5,0.039,34.0,137.0,0.98946,3.22,0.38,12.7,6
6.5,0.25,0.2,1.4,0.024,29.0,101.0,0.9916,3.24,0.54,10.8,6
6.3,0.2,0.58,1.4,0.204,15.0,97.0,0.9931,3.16,0.43,10.0,6
7.9,0.22,0.45,14.2,0.038,53.0,141.0,0.9992,3.03,0.46,9.2,6
6.3,0.255,0.37,1.1,0.04,37.0,114.0,0.9905,3.0,0.39,10.9,6
8.1,0.25,0.34,10.1,0.05,30.0,121.0,0.99724,3.17,0.49,10.1,6
7.5,0.24,0.31,13.1,0.05,26.0,180.0,0.99884,3.05,0.53,9.1,6
6.6,0.35,0.19,10.5,0.06,15.0,82.0,0.9958799999999999,3.13,0.38,9.9,4
6.2,0.2,0.25,15.0,0.055,8.0,120.0,0.9976700000000001,3.19,0.53,9.6,6
6.3,0.3,0.48,7.4,0.053,34.0,149.0,0.99472,3.18,0.53,9.8,5
6.6,0.295,0.24,1.6,0.039,29.0,140.0,0.9930399999999999,3.35,0.61,10.4,7
6.8,0.27,0.28,13.3,0.076,50.0,163.0,0.9979,3.03,0.38,8.6,6
6.1,0.4,0.18,9.0,0.051,28.5,259.0,0.9964,3.19,0.5,8.8,5
8.3,0.25,0.49,16.8,0.048,50.0,228.0,1.0001,3.03,0.52,9.2,6
5.9,0.3,0.47,7.85,0.03,19.0,133.0,0.9933,3.52,0.43,11.5,7
6.9,0.4,0.37,8.9,0.053,36.0,148.0,0.996,3.16,0.5,9.3,5
7.5,0.28,0.33,7.7,0.048,42.0,180.0,0.9974,3.37,0.59,10.1,6
7.5,0.24,0.31,13.1,0.05,26.0,180.0,0.99884,3.05,0.53,9.1,6
7.4,0.39,0.23,7.0,0.033,29.0,126.0,0.9940000000000001,3.14,0.42,10.5,5
7.1,0.2,0.37,1.5,0.049,28.0,129.0,0.99226,3.15,0.52,10.8,5
7.1,0.3,0.49,1.6,0.045,31.0,100.0,0.9942,3.4,0.59,10.2,5
6.6,0.22,0.28,12.05,0.057999999999999996,25.0,125.0,0.99856,3.45,0.45,9.4,5
7.5,0.28,0.39,10.2,0.045,59.0,209.0,0.9972,3.16,0.63,9.6,6
7.9,0.19,0.26,2.1,0.039,8.0,143.0,0.9942,3.05,0.74,9.8,5
6.8,0.22,0.49,0.9,0.052000000000000005,26.0,128.0,0.991,3.25,0.35,11.4,6
5.9,0.32,0.33,2.1,0.027000000000000003,35.0,138.0,0.98945,3.37,0.42,12.7,6
5.9,0.14,0.25,4.5,0.027000000000000003,34.0,140.0,0.9934,3.49,0.51,10.8,6
6.0,0.29,0.25,1.4,0.033,30.0,114.0,0.9879399999999999,3.08,0.43,13.2,6
8.5,0.28,0.34,13.8,0.040999999999999995,32.0,161.0,0.9981,3.13,0.4,9.9,6
6.7,0.34,0.43,1.6,0.040999999999999995,29.0,114.0,0.9901399999999999,3.23,0.44,12.6,6
8.1,0.4,0.32,7.9,0.031,23.0,118.0,0.9917600000000001,3.05,0.46,13.3,7
6.6,0.23,0.3,14.9,0.051,33.0,118.0,0.99835,3.04,0.54,9.0,6
7.9,0.19,0.45,1.5,0.045,17.0,96.0,0.9917,3.13,0.39,11.0,6
5.9,0.19,0.37,0.8,0.027000000000000003,3.0,21.0,0.9897,3.09,0.31,10.8,5
6.7,0.27,0.26,2.3,0.043,61.0,181.0,0.9939399999999999,3.45,0.63,10.6,6
5.0,0.455,0.18,1.9,0.036000000000000004,33.0,106.0,0.98746,3.21,0.83,14.0,7
6.6,0.27,0.25,3.1,0.052000000000000005,41.0,188.0,0.9915,3.24,0.4,11.3,5
7.0,0.2,0.34,5.7,0.035,32.0,83.0,0.9928,3.19,0.46,11.5,6
7.9,0.25,0.35,6.7,0.039,22.0,64.0,0.9936200000000001,2.93,0.49,10.7,5
8.8,0.39,0.34,5.9,0.055,33.0,128.0,0.9927,2.95,0.51,11.8,6
6.8,0.23,0.4,1.6,0.047,5.0,133.0,0.993,3.23,0.7,11.4,6
5.2,0.155,0.33,1.6,0.027999999999999997,13.0,59.0,0.98975,3.3,0.84,11.9,8
6.4,0.28,0.44,7.1,0.048,49.0,179.0,0.9952799999999999,3.15,0.48,9.2,5
6.5,0.2,0.5,18.1,0.054000000000000006,50.0,221.0,0.99941,2.94,0.64,8.8,6
6.6,0.22,0.3,14.7,0.045,50.0,136.0,0.9970399999999999,3.14,0.37,10.6,6
5.7,0.25,0.26,12.5,0.049,52.5,120.0,0.9969100000000001,3.08,0.45,9.4,6
8.3,0.39,0.7,10.6,0.045,33.0,169.0,0.9976,3.09,0.57,9.4,5
6.8,0.32,0.18,7.5,0.040999999999999995,71.0,223.0,0.9959,3.14,0.41,8.9,5
6.7,0.24,0.33,12.3,0.046,31.0,145.0,0.9983,3.36,0.4,9.5,5
7.4,0.16,0.3,13.7,0.055999999999999994,33.0,168.0,0.99825,2.9,0.44,8.7,7
7.2,0.25,0.32,1.5,0.054000000000000006,24.0,105.0,0.99154,3.17,0.48,11.1,6
5.6,0.255,0.57,10.7,0.055999999999999994,66.0,171.0,0.99464,3.25,0.61,10.4,7
7.2,0.2,0.31,10.0,0.054000000000000006,49.0,165.0,0.997,3.4,0.42,9.9,6
6.2,0.25,0.39,1.3,0.051,42.0,135.0,0.9906,3.23,0.4,11.1,6
8.1,0.3,0.49,8.1,0.037000000000000005,26.0,174.0,0.9943,3.1,0.3,11.2,7
7.0,0.29,0.49,3.8,0.047,37.0,136.0,0.9938,2.95,0.4,9.4,6
7.0,0.23,0.36,13.0,0.051,72.0,177.0,0.9972,3.16,0.49,9.8,5
8.3,0.22,0.34,1.1,0.043,20.0,116.0,0.9927,3.0,0.47,10.2,6
6.4,0.27,0.49,7.3,0.046,53.0,206.0,0.9956,3.24,0.43,9.2,6
6.2,0.26,0.32,15.3,0.031,64.0,185.0,0.99835,3.31,0.61,9.4,5
5.6,0.32,0.32,8.3,0.043,32.0,105.0,0.99266,3.24,0.47,11.2,6
6.7,0.17,0.37,2.0,0.039,34.0,125.0,0.9922,3.26,0.6,10.8,7
6.7,0.18,0.37,1.3,0.027000000000000003,42.0,125.0,0.98939,3.24,0.37,12.8,7
6.5,0.13,0.27,2.6,0.035,32.0,76.0,0.9914,3.21,0.76,11.333333333333302,6
6.6,0.16,0.4,1.5,0.044000000000000004,48.0,143.0,0.9912,3.54,0.52,12.4,7
5.9,0.62,0.28,3.5,0.039,55.0,152.0,0.9907,3.44,0.44,12.0,6
5.7,0.265,0.28,6.9,0.036000000000000004,46.0,150.0,0.9929899999999999,3.36,0.44,10.8,7
7.2,0.23,0.39,14.2,0.057999999999999996,49.0,192.0,0.9979,2.98,0.48,9.0,7
7.2,0.26,0.4,6.3,0.047,52.0,172.0,0.9957299999999999,3.18,0.53,9.5,6
6.5,0.21,0.37,2.5,0.048,70.0,138.0,0.9917,3.33,0.75,11.4,7
6.5,0.24,0.28,1.1,0.034,26.0,83.0,0.9892799999999999,3.25,0.33,12.3,6
7.2,0.23,0.25,18.8,0.085,19.0,111.0,1.00044,3.1,0.51,8.7,5
5.3,0.24,0.33,1.3,0.033,25.0,97.0,0.9906,3.59,0.38,11.0,8
6.5,0.28,0.27,5.2,0.04,44.0,179.0,0.9948,3.19,0.69,9.4,6
6.3,0.28,0.24,8.45,0.031,32.0,172.0,0.9958,3.39,0.57,9.7,7
6.4,0.32,0.27,4.9,0.034,18.0,122.0,0.9916,3.36,0.71,12.5,6
7.0,0.24,0.18,1.3,0.046,9.0,62.0,0.9940000000000001,3.38,0.47,10.1,4
6.4,0.23,0.32,1.9,0.038,40.0,118.0,0.99074,3.32,0.53,11.8,7
6.2,0.3,0.32,1.2,0.052000000000000005,32.0,185.0,0.99266,3.28,0.44,10.1,5
6.6,0.38,0.29,2.9,0.035,15.0,101.0,0.98916,3.04,0.37,12.5,6
8.1,0.22,0.43,1.5,0.044000000000000004,28.0,129.0,0.9938,3.22,0.45,11.0,6
7.5,0.27,0.31,5.8,0.057,131.0,313.0,0.9946,3.18,0.59,10.5,5
8.6,0.36,0.26,11.1,0.03,43.5,171.0,0.9948,3.03,0.49,12.0,5
6.6,0.39,0.38,9.7,0.053,49.0,226.0,0.99787,3.3,0.57,9.4,6
6.3,0.28,0.3,3.1,0.039,24.0,115.0,0.9942,3.05,0.43,8.6,5
6.9,0.32,0.15,8.1,0.046,51.0,180.0,0.9958,3.13,0.45,8.9,5
6.7,0.18,0.28,10.2,0.039,29.0,115.0,0.99469,3.11,0.45,10.9,7
7.8,0.17,0.23,1.7,0.028999999999999998,39.0,128.0,0.99272,3.37,0.41,10.7,7
6.4,0.55,0.26,9.6,0.027000000000000003,20.0,104.0,0.9924,3.22,0.73,13.1,6
6.8,0.22,0.37,15.2,0.051,68.0,178.0,0.99935,3.4,0.85,9.3,6
5.9,0.37,0.3,1.5,0.033,35.0,95.0,0.9898600000000001,3.36,0.56,12.0,7
7.0,0.29,0.33,0.9,0.040999999999999995,20.0,117.0,0.9904799999999999,3.21,0.5,11.4,5
6.3,0.3,0.19,7.7,0.049,47.0,184.0,0.9951399999999999,3.22,0.48,9.5,5
6.4,0.69,0.09,7.6,0.044000000000000004,34.0,144.0,0.9948,3.26,0.38,10.1,6
7.0,0.35,0.31,1.8,0.069,15.0,162.0,0.9944,3.18,0.47,9.4,5
7.1,0.26,0.34,14.4,0.067,35.0,189.0,0.9986,3.07,0.53,9.1,7
7.0,0.28,0.33,14.6,0.043,47.0,168.0,0.9994,3.34,0.67,8.8,6
9.2,0.32,0.42,1.3,0.046,14.0,186.0,0.9949,3.08,0.48,9.6,5
8.2,0.31,0.43,7.0,0.047,18.0,87.0,0.9962799999999999,3.23,0.64,10.6,5
7.3,0.22,0.41,15.4,0.05,55.0,191.0,1.0,3.32,0.59,8.9,6
7.0,0.16,0.73,1.0,0.138,58.0,150.0,0.9936,3.08,0.3,9.2,5
7.0,0.24,0.34,3.0,0.035,36.0,102.0,0.9905,3.18,0.43,12.2,6
5.7,0.22,0.22,16.65,0.044000000000000004,39.0,110.0,0.99855,3.24,0.48,9.0,6
5.9,0.37,0.14,6.3,0.036000000000000004,34.0,185.0,0.9944,3.17,0.63,9.8,5
7.7,0.2,0.44,13.9,0.05,44.0,130.0,0.99855,3.11,0.48,10.0,6
6.7,0.21,0.34,1.4,0.049,36.0,112.0,0.9909100000000001,3.02,0.5,11.0,6
5.6,0.295,0.26,1.1,0.035,40.0,102.0,0.99154,3.47,0.56,10.6,6
7.0,0.23,0.33,5.8,0.04,25.0,136.0,0.995,3.19,0.58,9.5,6
7.6,0.2,0.3,14.2,0.055999999999999994,53.0,212.5,0.9990000000000001,3.14,0.46,8.9,8
7.1,0.38,0.4,2.2,0.042,54.0,201.0,0.99177,3.03,0.5,11.4,5
6.8,0.36,0.32,1.6,0.039,10.0,124.0,0.9948,3.3,0.67,9.6,5
6.5,0.23,0.45,2.1,0.027000000000000003,43.0,104.0,0.99054,3.02,0.52,11.3,6
6.4,0.43,0.32,1.4,0.048,10.0,67.0,0.992,3.08,0.41,11.4,5
4.8,0.17,0.28,2.9,0.03,22.0,111.0,0.9902,3.38,0.34,11.3,7
6.5,0.26,0.39,1.4,0.02,12.0,66.0,0.9908899999999999,3.25,0.75,11.3,7
7.3,0.26,0.36,5.2,0.04,31.0,141.0,0.9931,3.16,0.59,11.0,6
6.9,0.4,0.37,8.9,0.053,36.0,148.0,0.996,3.16,0.5,9.3,5
7.4,0.16,0.3,13.7,0.055999999999999994,33.0,168.0,0.99825,2.9,0.44,8.7,7
7.5,0.26,0.52,13.2,0.047,64.0,179.0,0.9982,3.1,0.46,9.0,5
7.5,0.33,0.28,4.9,0.042,21.0,155.0,0.99385,3.36,0.57,10.9,6
6.6,0.25,0.33,8.5,0.042,29.0,141.0,0.99546,3.28,0.6,10.4,5
6.3,0.13,0.42,1.1,0.043,63.0,146.0,0.99066,3.13,0.72,11.2,7
6.8,0.19,0.36,1.9,0.035,30.0,96.0,0.9917,3.15,0.54,10.8,7
6.4,0.16,0.37,1.5,0.037000000000000005,27.0,109.0,0.99345,3.38,0.5,9.8,6
6.6,0.21,0.5,8.7,0.036000000000000004,41.0,191.0,0.9929399999999999,2.96,0.56,11.0,6
6.8,0.22,0.37,1.7,0.036000000000000004,38.0,195.0,0.9908,3.35,0.72,12.5,6
6.0,0.4,0.3,1.6,0.047,30.0,117.0,0.9931,3.17,0.48,10.1,6
8.6,0.16,0.38,3.4,0.04,41.0,143.0,0.9932,2.95,0.39,10.2,6
6.4,0.22,0.32,7.9,0.028999999999999998,34.0,124.0,0.9948,3.4,0.39,10.2,5
7.3,0.19,0.27,13.9,0.057,45.0,155.0,0.9980700000000001,2.94,0.41,8.8,8
7.6,0.38,0.2,3.4,0.046,9.0,116.0,0.9944,3.15,0.41,9.4,5
6.5,0.29,0.52,1.7,0.034,41.0,193.0,0.99223,3.25,0.59,10.4,6
6.2,0.17,0.28,4.7,0.037000000000000005,39.0,133.0,0.9931,3.41,0.46,10.8,7
6.6,0.21,0.49,18.15,0.042,41.0,158.0,0.9997,3.28,0.39,8.7,6
6.2,0.28,0.45,7.5,0.045,46.0,203.0,0.9957299999999999,3.26,0.46,9.2,6
6.0,0.33,0.2,1.8,0.031,49.0,159.0,0.9919,3.41,0.53,11.0,6
6.9,0.29,0.23,8.6,0.055999999999999994,56.0,215.0,0.9967,3.17,0.44,8.8,5
7.9,0.14,0.74,1.2,0.027999999999999997,30.0,165.0,0.991,3.08,0.82,12.3,6
6.1,0.31,0.26,2.2,0.051,28.0,167.0,0.9926,3.37,0.47,10.4,6
8.2,0.23,0.4,7.5,0.049,12.0,76.0,0.9966,3.06,0.84,9.7,6
8.4,0.23,0.32,1.3,0.048,59.0,113.0,0.9917799999999999,3.1,0.55,11.0,6
6.7,0.64,0.3,1.2,0.03,18.0,76.0,0.9892,3.16,0.6,12.9,4
7.6,0.2,0.36,1.9,0.043,24.0,111.0,0.9923700000000001,3.29,0.54,11.3,6
5.8,0.42,0.3,2.2,0.035,26.0,129.0,0.9890000000000001,3.32,0.47,12.9,6
7.5,0.14,0.34,1.3,0.055,50.0,153.0,0.9945,3.29,0.8,9.6,6
7.8,0.21,0.49,1.35,0.052000000000000005,6.0,48.0,0.9911,3.15,0.28,11.4,5
9.9,0.49,0.23,2.4,0.087,19.0,115.0,0.9948,2.77,0.44,9.4,6
7.1,0.16,0.36,10.7,0.044000000000000004,20.0,90.0,0.9959,3.16,0.44,10.9,7
6.7,0.31,0.31,4.9,0.031,20.0,151.0,0.9926,3.36,0.82,12.0,7
7.5,0.26,0.26,18.35,0.084,33.0,139.0,1.0011,3.17,0.39,8.8,5
7.8,0.34,0.35,1.8,0.042,8.0,167.0,0.9908,3.11,0.41,12.1,6
6.2,0.66,0.48,1.2,0.028999999999999998,29.0,75.0,0.9892,3.33,0.39,12.8,8
7.2,0.23,0.19,13.7,0.052000000000000005,47.0,197.0,0.99865,3.12,0.53,9.0,5
6.9,0.34,0.74,11.2,0.069,44.0,150.0,0.9968,3.0,0.81,9.2,5
6.8,0.44,0.37,5.1,0.047,46.0,201.0,0.9938,3.08,0.65,10.5,4
7.0,0.3,0.32,6.4,0.034,28.0,97.0,0.9924,3.23,0.44,11.8,6
6.4,0.25,0.41,8.6,0.042,57.0,173.0,0.9965,3.0,0.44,9.1,5
7.3,0.4,0.26,5.45,0.016,26.0,90.0,0.98951,2.84,0.54,13.2,7
6.4,0.21,0.28,5.9,0.047,29.0,101.0,0.9927799999999999,3.15,0.4,11.0,6
6.2,0.3,0.17,2.8,0.04,24.0,125.0,0.9939,3.01,0.46,9.0,5
7.0,0.27,0.74,1.3,0.17300000000000001,34.0,121.0,0.99334,3.04,0.46,9.2,6
6.1,0.16,0.34,6.1,0.034,31.0,114.0,0.99365,3.32,0.58,10.1333333333333,7
6.4,0.29,0.44,3.6,0.19699999999999998,75.0,183.0,0.9942,3.01,0.38,9.1,5
6.5,0.33,0.28,6.1,0.018000000000000002,41.0,103.0,0.9912200000000001,3.24,0.32,12.2,6
6.8,0.27,0.24,4.6,0.098,36.0,127.0,0.9941200000000001,3.15,0.49,9.6,6
6.4,0.15,0.36,1.8,0.034,43.0,150.0,0.9922,3.42,0.69,11.0,8
6.8,0.27,0.35,7.8,0.048,76.0,197.0,0.9959,3.24,0.43,9.5,6
6.3,0.29,0.29,3.3,0.037000000000000005,32.0,140.0,0.9895,3.17,0.36,12.8,7
6.8,0.28,0.4,22.0,0.048,48.0,167.0,1.001,2.93,0.5,8.7,5
6.2,0.35,0.04,1.2,0.06,23.0,108.0,0.9934,3.26,0.54,9.2,5
6.8,0.26,0.22,7.7,0.047,57.0,210.0,0.9959,3.1,0.47,9.0,5
6.6,0.36,0.24,0.9,0.038,15.0,72.0,0.99066,3.23,0.39,11.0,5
5.2,0.6,0.07,7.0,0.044000000000000004,33.0,147.0,0.9944,3.33,0.58,9.7,5
7.4,0.3,0.49,8.2,0.055,49.0,188.0,0.9974,3.52,0.58,9.7,6
8.5,0.16,0.35,1.6,0.039,24.0,147.0,0.9935,2.96,0.36,10.0,5
6.3,0.23,0.3,1.8,0.033,16.0,91.0,0.9906,3.28,0.4,11.8,6
8.6,0.26,0.41,2.2,0.049,29.0,111.0,0.9941,2.96,0.44,10.0,5
6.2,0.3,0.28,1.6,0.036000000000000004,28.0,106.0,0.988245,3.14,0.41,13.3,6
5.6,0.26,0.26,5.7,0.031,12.0,80.0,0.9923,3.25,0.38,10.8,5
5.8,0.28,0.3,3.9,0.026000000000000002,36.0,105.0,0.9896299999999999,3.26,0.58,12.75,6
7.9,0.18,0.49,5.2,0.051,36.0,157.0,0.9953,3.18,0.48,10.6,6
5.8,0.31,0.32,4.5,0.024,28.0,94.0,0.98906,3.25,0.52,13.7,7
8.3,0.14,0.34,1.1,0.042,7.0,47.0,0.9934,3.47,0.4,10.2,6
7.15,0.17,0.24,9.6,0.11900000000000001,56.0,178.0,0.9957799999999999,3.15,0.44,10.2,6
7.6,0.38,0.28,4.2,0.028999999999999998,7.0,112.0,0.9906,3.0,0.41,12.6,6
6.8,0.35,0.44,6.5,0.055999999999999994,31.0,161.0,0.9952,3.14,0.44,9.5,5
6.5,0.38,0.34,3.4,0.036000000000000004,34.0,200.0,0.9937,3.14,0.76,10.0,5
7.1,0.22,0.32,16.9,0.055999999999999994,49.0,158.0,0.9998,3.37,0.38,9.6,6
6.2,0.36,0.14,8.9,0.036000000000000004,38.0,155.0,0.9962200000000001,3.27,0.5,9.4,5
5.9,0.23,0.24,1.6,0.037000000000000005,32.0,115.0,0.9907600000000001,3.21,0.51,11.4,6
6.3,0.26,0.25,7.8,0.057999999999999996,44.0,166.0,0.9961,3.24,0.41,9.0,5
7.3,0.19,0.27,13.9,0.057,45.0,155.0,0.9980700000000001,2.94,0.41,8.8,8
7.4,0.16,0.49,1.2,0.055,18.0,150.0,0.9917,3.23,0.47,11.2,6
6.6,0.56,0.15,10.0,0.037000000000000005,38.0,157.0,0.9964200000000001,3.28,0.52,9.4,5
6.4,0.22,0.32,4.9,0.046,50.0,156.0,0.99316,3.38,0.55,11.2,6
5.9,0.22,0.45,22.6,0.12,55.0,122.0,0.99636,3.1,0.35,12.8,5
6.6,0.17,0.3,1.1,0.031,13.0,73.0,0.99095,3.17,0.58,11.0,6
7.0,0.44,0.24,12.1,0.055999999999999994,68.0,210.0,0.99718,3.05,0.5,9.5,5
9.0,0.27,0.35,4.9,0.027999999999999997,27.0,95.0,0.9932,3.04,0.4,11.3,6
7.2,0.18,0.45,4.4,0.046,57.0,166.0,0.9943,3.13,0.62,11.2,6
5.8,0.15,0.28,0.8,0.037000000000000005,43.0,127.0,0.99198,3.24,0.51,9.3,5
7.6,0.31,0.49,3.95,0.044000000000000004,27.0,131.0,0.9912,3.08,0.67,12.8,7
5.2,0.3,0.34,1.5,0.038,18.0,96.0,0.9894200000000001,3.56,0.48,13.0,8
7.1,0.16,0.36,1.2,0.043,21.0,90.0,0.9925,3.16,0.42,11.0,7
6.2,0.25,0.44,15.8,0.057,39.0,167.0,0.9980399999999999,3.14,0.51,9.2,5
7.8,0.3,0.37,1.3,0.051,16.0,96.0,0.9941,3.32,0.62,10.0,5
6.5,0.17,0.54,8.5,0.08199999999999999,64.0,163.0,0.9959,2.89,0.39,8.8,6
6.8,0.19,0.71,17.5,0.042,21.0,114.0,0.99784,2.85,0.5,9.5,6
5.8,0.15,0.31,5.9,0.036000000000000004,7.0,73.0,0.9915200000000001,3.2,0.43,11.9,6
5.8,0.26,0.18,1.2,0.031,40.0,114.0,0.9908,3.42,0.4,11.0,7
6.5,0.41,0.22,4.8,0.052000000000000005,49.0,142.0,0.9946,3.14,0.62,9.2,5
6.9,0.54,0.32,13.2,0.05,53.0,236.0,0.9973,3.2,0.5,9.6,5
6.2,0.23,0.36,17.2,0.039,37.0,130.0,0.99946,3.23,0.43,8.8,6
7.3,0.24,0.39,17.95,0.057,45.0,149.0,0.9999,3.21,0.36,8.6,5
6.1,0.28,0.27,8.0,0.048,41.0,162.0,0.99498,3.21,0.51,9.9,5
5.7,0.36,0.34,4.2,0.026000000000000002,21.0,77.0,0.9907,3.41,0.45,11.9,6
6.8,0.28,0.6,1.1,0.132,42.0,127.0,0.9934,3.09,0.44,9.1,6
7.1,0.25,0.32,10.3,0.040999999999999995,66.0,272.0,0.9969,3.17,0.52,9.1,6
6.3,0.19,0.32,2.8,0.046,18.0,80.0,0.9904299999999999,2.92,0.47,11.05,6
6.7,0.19,0.39,1.0,0.032,14.0,71.0,0.9891200000000001,3.31,0.38,13.0,7
7.3,0.32,0.48,13.3,0.06,57.0,196.0,0.9982,3.04,0.5,9.2,5
6.9,0.24,0.34,4.7,0.04,43.0,161.0,0.9935,3.2,0.59,10.6,6
6.6,0.27,0.52,8.1,0.044000000000000004,53.0,202.0,0.9954799999999999,3.18,0.48,9.5,5
6.3,0.26,0.24,7.2,0.039,38.0,172.0,0.9958,3.49,0.64,9.7,6
7.9,0.44,0.37,5.85,0.033,27.0,93.0,0.992,3.16,0.54,12.6,7
7.9,0.2,0.49,1.6,0.053,15.0,144.0,0.993,3.16,0.47,10.5,5
6.7,0.28,0.14,1.4,0.043,64.0,159.0,0.992,3.17,0.39,10.0,5
6.8,0.18,0.37,1.6,0.055,47.0,154.0,0.9934,3.08,0.45,9.1,5
7.0,0.18,0.26,1.4,0.044000000000000004,46.0,89.0,0.99256,3.39,0.48,10.7,7
6.8,0.33,0.31,7.4,0.045,34.0,143.0,0.99226,3.06,0.55,12.2,6
6.5,0.29,0.52,7.9,0.049,35.0,192.0,0.99551,3.16,0.51,9.5,6
7.0,0.35,0.3,6.5,0.027999999999999997,27.0,87.0,0.9936,3.4,0.42,11.4,7
6.9,0.18,0.36,1.3,0.036000000000000004,40.0,117.0,0.9934,3.27,0.95,9.5,7
6.0,0.24,0.41,1.3,0.036000000000000004,42.0,118.0,0.99018,3.04,0.64,11.733333333333302,6
6.0,0.25,0.4,5.7,0.052000000000000005,56.0,152.0,0.99398,3.16,0.88,10.5,6
6.0,0.28,0.25,1.8,0.042,8.0,108.0,0.9929,3.08,0.55,9.0,5
6.4,0.21,0.21,5.1,0.09699999999999999,21.0,105.0,0.9939,3.07,0.46,9.6,5
7.3,0.28,0.35,1.6,0.054000000000000006,31.0,148.0,0.9917799999999999,3.18,0.47,10.7,5
5.6,0.49,0.13,4.5,0.039,17.0,116.0,0.9907,3.42,0.9,13.7,7
6.0,0.29,0.2,12.6,0.045,45.0,187.0,0.9972,3.33,0.42,9.5,5
7.3,0.2,0.29,19.9,0.039,69.0,237.0,1.00037,3.1,0.48,9.2,6
7.5,0.28,0.41,1.3,0.044000000000000004,11.0,126.0,0.99293,3.28,0.45,10.3,5
6.7,0.19,0.32,3.7,0.040999999999999995,26.0,76.0,0.9917299999999999,2.9,0.57,10.5,7
7.1,0.28,0.26,1.9,0.049,12.0,86.0,0.9934,3.15,0.38,9.4,5
5.7,0.265,0.28,6.9,0.036000000000000004,46.0,150.0,0.9929899999999999,3.36,0.44,10.8,7
7.3,0.32,0.25,7.2,0.055999999999999994,47.0,180.0,0.9961,3.08,0.47,8.8,5
8.8,0.34,0.33,9.7,0.036000000000000004,46.0,172.0,0.9966,3.08,0.4,10.2,5
7.8,0.3,0.36,4.6,0.024,20.0,198.0,0.9922200000000001,3.06,0.66,11.9,6
7.7,0.32,0.61,11.8,0.040999999999999995,66.0,188.0,0.9979399999999999,3.0,0.54,9.3,5
7.3,0.14,0.49,1.1,0.038,28.0,99.0,0.9928,3.2,0.72,10.6,6
6.9,0.26,0.38,10.5,0.044000000000000004,33.0,139.0,0.9951700000000001,3.06,0.5,10.3,6
6.8,0.32,0.33,0.7,0.027000000000000003,15.0,66.0,0.9899,3.11,0.31,11.8,6
7.4,0.18,0.34,2.7,0.03,30.0,107.0,0.992,2.97,0.53,11.0,6
7.1,0.38,0.42,11.8,0.040999999999999995,32.0,193.0,0.99624,3.04,0.49,10.0,6
6.4,0.18,0.74,11.9,0.046,54.0,168.0,0.9978,3.58,0.68,10.1,5
6.2,0.47,0.19,8.3,0.028999999999999998,24.0,142.0,0.992,3.22,0.45,12.3,6
7.1,0.23,0.35,16.5,0.04,60.0,171.0,0.9990000000000001,3.16,0.59,9.1,6
6.4,0.23,0.27,2.1,0.042,35.0,100.0,0.9909399999999999,3.03,0.63,10.9,6
7.0,0.35,0.31,1.8,0.069,15.0,162.0,0.9944,3.18,0.47,9.4,5
6.0,0.59,0.0,0.8,0.037000000000000005,30.0,95.0,0.9903200000000001,3.1,0.4,10.9,4
7.1,0.43,0.25,2.8,0.036000000000000004,43.0,132.0,0.98975,3.21,0.47,13.4,6
6.0,0.13,0.36,1.6,0.052000000000000005,23.0,72.0,0.98974,3.1,0.5,11.5,7
6.9,0.22,0.32,5.8,0.040999999999999995,20.0,119.0,0.9929600000000001,3.17,0.55,11.2,6
6.8,0.14,0.35,1.5,0.047,40.0,117.0,0.99111,3.07,0.72,11.1,6
6.2,0.2,0.29,11.8,0.035,21.0,93.0,0.99364,3.18,0.34,11.9,6
8.0,0.2,0.4,5.2,0.055,41.0,167.0,0.9953,3.18,0.4,10.6,7
6.4,0.18,0.74,11.9,0.046,54.0,168.0,0.9978,3.58,0.68,10.1,5
7.4,0.19,0.3,12.8,0.053,48.5,229.0,0.9986,3.14,0.49,9.1,7
7.3,0.4,0.28,6.5,0.037000000000000005,26.0,97.0,0.9914799999999999,3.16,0.58,12.6,7
7.2,0.2,0.34,2.7,0.032,49.0,151.0,0.99,3.16,0.39,12.7,7
6.7,0.24,0.3,3.85,0.042,105.0,179.0,0.9918899999999999,3.04,0.59,11.3,8
6.1,0.18,0.36,2.0,0.038,20.0,249.5,0.9923,3.37,0.79,11.3,6
6.8,0.21,0.27,18.15,0.042,41.0,146.0,1.0001,3.3,0.36,8.7,5
6.8,0.37,0.51,11.8,0.044000000000000004,62.0,163.0,0.9976,3.19,0.44,8.8,5
6.4,0.44,0.44,14.4,0.048,29.0,228.0,0.99955,3.26,0.54,8.8,7
7.5,0.33,0.39,12.4,0.065,29.0,119.0,0.9974,3.16,0.39,9.4,5
6.5,0.18,0.34,1.6,0.04,43.0,148.0,0.9912,3.32,0.59,11.5,8
7.7,0.29,0.48,2.3,0.049,36.0,178.0,0.9931,3.17,0.64,10.6,6
7.9,0.11,0.49,4.5,0.048,27.0,133.0,0.9946,3.24,0.42,10.6,6
5.7,0.27,0.16,9.0,0.053,32.0,111.0,0.99474,3.36,0.37,10.4,6
7.1,0.35,0.27,3.1,0.034,28.0,134.0,0.9897,3.26,0.38,13.1,7
7.6,0.35,0.46,14.7,0.047,33.0,151.0,0.9970899999999999,3.03,0.53,10.3,5
6.2,0.45,0.73,7.2,0.099,47.0,202.0,0.99582,3.21,0.43,9.2,5
6.2,0.17,0.3,1.1,0.037000000000000005,14.0,79.0,0.993,3.5,0.54,10.3,6
8.7,0.3,0.59,1.7,0.046,10.0,70.0,0.9937299999999999,3.06,0.56,10.8,4
5.4,0.29,0.47,3.0,0.052000000000000005,47.0,145.0,0.993,3.29,0.75,10.0,6
6.7,0.2,0.3,1.4,0.025,17.0,76.0,0.9910399999999999,3.11,0.44,11.0,6
7.4,0.2,0.29,1.7,0.047,16.0,100.0,0.9924299999999999,3.28,0.45,10.6,6
7.3,0.23,0.41,14.6,0.048,73.0,223.0,0.9986299999999999,3.16,0.71,9.4,6
8.5,0.25,0.27,4.7,0.031,31.0,92.0,0.9922,3.01,0.33,12.0,6
7.6,0.32,0.36,1.6,0.04,32.0,155.0,0.993,3.23,0.52,11.3,6
7.1,0.28,0.49,6.5,0.040999999999999995,28.0,111.0,0.9926,3.41,0.58,12.2,8
6.4,0.23,0.35,10.3,0.042,54.0,140.0,0.9967,3.23,0.47,9.2,5
7.7,0.43,0.37,10.0,0.16899999999999998,22.0,210.0,0.9977600000000001,3.02,0.64,9.5,5
6.6,0.4,0.3,5.3,0.038,20.0,125.0,0.9920399999999999,3.36,0.73,12.6,6
6.4,0.3,0.3,2.25,0.038,8.0,210.0,0.9937,3.2,0.62,9.9,6
7.1,0.09,0.3,6.2,0.032,24.0,134.0,0.993,2.99,0.39,10.9,6
7.5,0.25,0.47,4.1,0.040999999999999995,95.0,163.0,0.9918399999999999,2.92,0.59,11.3,6
7.4,0.29,0.5,1.8,0.042,35.0,127.0,0.9937,3.45,0.5,10.2,7
6.5,0.23,0.33,13.8,0.042,25.0,139.0,0.99695,3.35,0.56,10.4,6
7.6,0.3,0.27,10.6,0.039,31.0,119.0,0.99815,3.27,0.3,9.3,6
6.6,0.32,0.34,7.7,0.044000000000000004,63.0,212.0,0.99526,3.22,0.48,9.7,6
5.9,0.26,0.3,1.0,0.036000000000000004,38.0,114.0,0.9928,3.58,0.48,9.4,5
7.9,0.35,0.24,15.6,0.07200000000000001,44.0,229.0,0.99785,3.03,0.59,10.5,6
5.4,0.265,0.28,7.8,0.052000000000000005,27.0,91.0,0.9943200000000001,3.19,0.38,10.4,6
7.8,0.4,0.26,9.5,0.059000000000000004,32.0,178.0,0.9955,3.04,0.43,10.9,6
6.9,0.25,0.35,9.2,0.034,42.0,150.0,0.9947,3.21,0.36,11.5,6
7.2,0.33,0.28,1.4,0.034,26.0,109.0,0.99246,3.28,0.57,10.6,6
7.1,0.26,0.32,16.2,0.044000000000000004,31.0,170.0,0.99644,3.17,0.37,11.2,5
7.4,0.28,0.25,11.9,0.053,25.0,148.0,0.9976,3.1,0.62,9.2,5
7.3,0.39,0.37,1.1,0.043,36.0,113.0,0.991,3.39,0.48,12.7,8
6.4,0.2,0.15,6.6,0.046,26.0,113.0,0.99408,2.99,0.58,9.9,6
7.7,0.39,0.28,4.9,0.035,36.0,109.0,0.9918,3.19,0.58,12.2,7
6.1,0.27,0.32,1.1,0.034,24.0,110.0,0.9898,3.36,0.4,12.5,6
6.9,0.38,0.38,13.1,0.11199999999999999,14.0,94.0,0.99792,3.02,0.48,9.2,5
6.9,0.22,0.32,5.8,0.040999999999999995,20.0,119.0,0.9929600000000001,3.17,0.55,11.2,6
